Customer_ID,Age,Gender,Region,Employment_Status,Education_Level,Tenure_Months,Contract_Type,Customer_Segment,Payment_Method,Monthly_Charges,Total_Charges,Annual_Income,Monthly_Income,Credit_Score,Avg_Monthly_Usage_GB,Num_Support_Calls,Satisfaction_Score,Num_Products_Purchased,Avg_Transaction_Amount,Late_Payment_Count,Days_Since_Last_Login,Churn
CUST101030,55.0,Female,South,Employed,High School,33.0,Month-to-Month,Individual,Bank Transfer,76.97,2424.73,14789.6,1167.85,760.0,10.84,1.0,7.0,1,11.14,1.0,2.0,No
CUST100171,46.0,Male,West,Employed,Master,47.0,Month-to-Month,Individual,Credit Card,74.93,3036.5,95361.11,7711.19,651.0,22.09,2.0,8.0,2,113.25,1.0,92.0,No
CUST100152,21.0,Female,Central,Employed,,16.0,Month-to-Month,Small Business,Credit Card,97.63,1400.85,63385.91,5525.44,720.0,45.89,0.0,8.0,1,104.21,1.0,13.0,No
CUST101698,20.0,Female,Central,Retired,Bachelor,38.0,Month-to-Month,Family,Electronic Check,74.68,2796.58,,1852.25,715.0,89.17,28.0,8.0,3,31.05,0.0,9.0,Yes
CUST100168,39.0,Female,North,Self-Employed,Bachelor,32.0,Month-to-Month,Family,Bank Transfer,71.38,2119.73,17563.78,,687.0,71.78,2.0,7.0,2,13.17,0.0,0.0,No
CUST100248,75.0,Male,East,Retired,High School,6.0,One-Year,Individual,Bank Transfer,59.36,330.05,67925.09,5808.16,599.0,50.27,3.0,8.0,2,92.65,0.0,2.0,No
CUST100132,49.0,Female,Central,Employed,Bachelor,-12.0,Month-to-Month,Individual,Bank Transfer,66.84,3729.0,25287.91,1999.54,715.0,76.97,3.0,8.0,6,30.17,1.0,9.0,No
CUST101551,,Female,Central,Employed,High School,20.0,Two-Year,Enterprise,Bank Transfer,143.44,2467.78,49864.67,4098.19,636.0,54.8,3.0,,3,35.84,1.0,1.0,No
CUST101860,49.0,Female,Central,Employed,Bachelor,8.0,Two-Year,Family,Bank Transfer,46.71,370.24,30150.01,2577.72,582.0,46.28,4.0,8.0,1,56.89,2.0,0.0,No
CUST100341,45.0,Other,South,Employed,PhD,14.0,Month-to-Month,Small Business,,66.26,992.56,37975.88,3158.64,684.0,75.22,1.0,,1,109.88,2.0,3.0,No
CUST100738,22.0,Male,East,Employed,,5.0,Month-to-Month,Enterprise,Electronic Check,133.92,,38901.33,3118.79,804.0,83.87,0.0,7.0,1,76.29,0.0,2.0,No
CUST100896,,Male,North,Employed,,23.0,Two-Year,Individual,,75.85,1868.58,40328.3,3027.56,694.0,19.55,3.0,8.0,1,104.13,1.0,6.0,No
CUST100937,40.0,Male,South,Employed,Bachelor,23.0,One-Year,Individual,Bank Transfer,79.97,1766.1,34738.51,2862.04,763.0,57.34,1.0,,1,82.98,0.0,10.0,No
CUST100146,34.0,Female,West,,Master,3.0,Month-to-Month,Small Business,Electronic Check,80.74,239.59,13629.13,1114.19,746.0,38.62,2.0,,1,9.57,0.0,4.0,Yes
CUST100872,50.0,Female,West,Self-Employed,High School,13.0,Month-to-Month,Individual,Electronic Check,54.13,658.59,29135.66,2382.12,718.0,62.66,0.0,7.0,1,34.39,1.0,12.0,Yes
CUST100316,42.0,Male,East,Self-Employed,Master,23.0,One-Year,Small Business,Credit Card,86.61,2030.28,26091.44,2147.7,676.0,23.08,1.0,9.0,1,18.19,1.0,8.0,No
CUST101733,24.0,Female,West,Employed,Bachelor,15.0,Month-to-Month,Enterprise,Electronic Check,118.44,1651.5,73752.19,5988.68,697.0,20.54,0.0,8.0,1,29.11,0.0,24.0,No
CUST100680,51.0,Female,South,Employed,Master,60.0,Month-to-Month,Small Business,Bank Transfer,97.6,6372.42,57162.27,4519.87,691.0,107.44,0.0,9.0,2,146.43,0.0,35.0,Yes
CUST101191,53.0,Female,North,Employed,Bachelor,16.0,Month-to-Month,Individual,Credit Card,65.09,1057.82,34336.18,2837.23,463.0,31.73,2.0,8.0,1,27.44,0.0,26.0,No
CUST100957,68.0,Male,West,Self-Employed,Bachelor,17.0,Month-to-Month,Individual,Electronic Check,100.36,1674.11,58536.91,5038.77,665.0,56.7,2.0,7.0,3,36.68,1.0,62.0,Yes
CUST101728,42.0,Female,East,Retired,Bachelor,27.0,Month-to-Month,Small Business,Electronic Check,115.73,3199.98,55425.49,4850.45,804.0,152.53,1.0,8.0,1,182.19,0.0,2.0,No
CUST100086,35.0,Female,West,Self-Employed,Master,41.0,One-Year,Individual,Electronic Check,57.07,2193.99,50518.55,4365.52,847.0,39.11,2.0,7.0,2,15.79,0.0,9.0,No
CUST100174,26.0,Male,West,Employed,Master,13.0,Month-to-Month,Small Business,Mailed Check,116.48,1367.69,55797.81,4706.83,637.0,69.95,1.0,7.0,3,84.06,2.0,13.0,Yes
CUST101397,39.0,Male,West,Self-Employed,,27.0,Two-Year,Small Business,,102.99,2838.65,30588.95,,671.0,,1.0,10.0,1,17.53,2.0,62.0,No
CUST101070,39.0,Female,Central,Retired,Master,35.0,One-Year,Small Business,Credit Card,74.21,2429.59,65725.57,5413.73,776.0,68.46,4.0,8.0,1,40.37,1.0,2.0,No
CUST100350,45.0,Other,East,Unemployed,Bachelor,26.0,Two-Year,Individual,Mailed Check,44.77,1162.64,27621.39,2192.85,619.0,52.73,3.0,9.0,1,25.82,0.0,39.0,No
CUST100390,18.0,Female,East,Employed,Master,32.0,Month-to-Month,Family,Electronic Check,93.68,2466.07,19912.1,1679.4,728.0,72.3,2.0,8.0,2,46.28,2.0,4.0,Yes
CUST100700,54.0,Female,North,Employed,Bachelor,72.0,Month-to-Month,Small Business,Electronic Check,49.23,3400.0,53993.8,4390.37,605.0,18.86,1.0,8.0,1,11.66,3.0,1.0,No
CUST101327,22.0,Female,North,Employed,Bachelor,7.0,Month-to-Month,Family,Electronic Check,94.4,620.85,65367.12,5293.84,999.0,62.74,3.0,7.0,2,38.95,0.0,22.0,Yes
CUST100342,42.0,Male,North,Employed,Bachelor,38.0,Two-Year,Individual,Electronic Check,69.77,2584.92,84583.27,7536.0,415.0,15.52,1.0,8.0,3,83.44,0.0,22.0,No
CUST101712,49.0,Male,East,Employed,Bachelor,18.0,Two-Year,Small Business,Bank Transfer,101.97,1862.79,39689.54,3472.97,654.0,56.72,3.0,,3,65.91,0.0,17.0,Yes
CUST100746,63.0,Male,North,Employed,Master,33.0,One-Year,Individual,Electronic Check,73.38,2599.72,37081.82,3167.22,689.0,50.73,1.0,,1,50.87,0.0,33.0,No
CUST101959,34.0,Female,North,Unemployed,High School,27.0,Two-Year,Individual,Bank Transfer,91.38,2466.14,43755.14,3658.41,747.0,160.63,1.0,6.0,1,16.39,0.0,3.0,No
CUST101131,38.0,Female,North,Employed,Bachelor,27.0,One-Year,Family,Credit Card,75.66,1726.98,40818.62,,802.0,38.63,2.0,9.0,1,48.71,1.0,14.0,No
CUST100582,37.0,Male,South,Self-Employed,Master,24.0,Month-to-Month,Family,Credit Card,100.9,2537.87,,,638.0,9.03,0.0,8.0,5,50.89,0.0,30.0,No
CUST100026,47.0,Male,West,Employed,Bachelor,37.0,Month-to-Month,Individual,Credit Card,35.42,1309.03,,7667.68,712.0,17.53,,7.0,1,148.9,2.0,45.0,Yes
CUST101312,33.0,Female,South,Employed,Bachelor,15.0,Month-to-Month,Individual,Electronic Check,55.22,867.48,40225.96,3380.17,692.0,38.1,1.0,9.0,2,29.87,0.0,8.0,Yes
CUST100217,57.0,Male,South,Employed,Master,22.0,Month-to-Month,Individual,Electronic Check,17.42,358.23,94660.57,7278.08,692.0,26.78,1.0,10.0,3,269.91,2.0,28.0,No
CUST100281,20.0,Male,North,Retired,Bachelor,44.0,Month-to-Month,Individual,Mailed Check,33.2,1523.43,141071.75,12300.42,671.0,73.56,,8.0,5,64.9,1.0,9.0,No
CUST100259,25.0,Male,North,Self-Employed,Master,42.0,Month-to-Month,Family,Electronic Check,54.56,2333.23,29805.28,2537.47,588.0,18.87,0.0,,1,21.09,2.0,1.0,No
CUST100002,50.0,Female,South,Employed,PhD,36.0,One-Year,Individual,Electronic Check,91.76,3398.77,60910.33,5378.99,688.0,6.79,1.0,9.0,2,227.58,2.0,54.0,No
CUST101230,34.0,Female,West,Unemployed,High School,27.0,Month-to-Month,Enterprise,Credit Card,124.01,3456.8,69413.12,5645.08,692.0,,2.0,,3,256.22,1.0,5.0,No
CUST100664,40.0,Female,South,Employed,Bachelor,25.0,Two-Year,Small Business,Bank Transfer,101.33,2708.14,53166.48,4615.64,758.0,44.1,0.0,7.0,5,59.78,0.0,19.0,Yes
CUST100208,30.0,Female,East,Employed,Master,28.0,Two-Year,Family,Bank Transfer,77.57,2164.26,43692.84,3466.31,570.0,73.72,0.0,10.0,5,84.62,0.0,4.0,No
CUST101207,30.0,Male,South,Retired,Bachelor,12.0,One-Year,Small Business,Credit Card,95.32,1053.61,81758.16,6745.1,540.0,39.57,1.0,9.0,3,88.6,1.0,11.0,No
CUST100953,27.0,Other,South,Retired,,25.0,Two-Year,Individual,Electronic Check,98.23,2080.03,105549.39,9454.66,696.0,53.22,3.0,7.0,1,114.28,1.0,6.0,No
CUST101834,48.0,Male,,,Bachelor,30.0,One-Year,Individual,Credit Card,62.63,1798.21,49193.94,4081.2,766.0,6.43,1.0,7.0,1,74.05,0.0,19.0,No
CUST100718,37.0,Male,East,Self-Employed,Bachelor,51.0,Month-to-Month,Individual,Credit Card,60.13,3536.82,21911.89,1917.88,749.0,31.57,2.0,7.0,1,20.56,1.0,8.0,Yes
CUST101004,41.0,Male,Central,Employed,Bachelor,32.0,Month-to-Month,Individual,Credit Card,67.77,2299.91,32386.68,2805.97,695.0,43.57,1.0,8.0,3,66.08,1.0,1.0,No
CUST100792,47.0,Male,North,Self-Employed,Master,16.0,One-Year,Small Business,Bank Transfer,108.49,1741.61,36400.29,3090.73,684.0,36.94,1.0,7.0,1,29.24,2.0,8.0,No
CUST100813,35.0,Female,North,Employed,High School,41.0,Month-to-Month,Small Business,Credit Card,79.9,3386.34,,3392.06,611.0,58.52,2.0,8.0,3,40.64,1.0,,Yes
CUST100769,61.0,Male,East,Employed,PhD,72.0,Month-to-Month,Individual,Electronic Check,79.14,5278.61,,2788.52,832.0,51.87,1.0,10.0,2,40.89,0.0,4.0,No
CUST101794,19.0,Male,North,Employed,PhD,32.0,Month-to-Month,Family,Mailed Check,47.11,1534.7,96083.02,8000.45,,55.84,3.0,8.0,3,60.82,2.0,6.0,No
CUST100846,75.0,Other,South,Employed,Bachelor,22.0,Month-to-Month,Individual,Electronic Check,46.45,1139.19,52412.5,4328.11,,71.65,1.0,7.0,1,38.57,0.0,,Yes
CUST101752,33.0,Female,Central,Retired,High School,7.0,One-Year,Small Business,Bank Transfer,95.52,628.09,19005.49,1582.88,606.0,37.51,11.0,6.0,1,6.62,1.0,22.0,Yes
CUST101642,18.0,Female,North,Self-Employed,Master,16.0,One-Year,Small Business,Bank Transfer,57.26,803.98,84945.39,7590.99,823.0,115.7,2.0,8.0,1,50.92,0.0,6.0,No
CUST101105,,Male,West,Employed,Bachelor,48.0,Month-to-Month,Small Business,Credit Card,79.77,3876.32,42543.55,3466.4,545.0,46.28,1.0,7.0,2,29.38,3.0,13.0,No
CUST101602,56.0,Male,North,Employed,Bachelor,12.0,Two-Year,Family,Bank Transfer,57.71,730.1,,2388.66,538.0,34.29,1.0,10.0,1,53.96,0.0,50.0,No
CUST100396,,Male,South,Retired,High School,19.0,One-Year,Individual,Electronic Check,54.08,971.86,22487.1,,659.0,33.35,1.0,8.0,2,14.42,0.0,12.0,No
CUST100776,28.0,Female,South,Retired,Bachelor,19.0,Month-to-Month,Family,Electronic Check,107.19,2105.1,53363.64,4425.95,734.0,92.2,1.0,8.0,2,104.19,1.0,14.0,No
CUST100667,47.0,Male,East,Employed,Master,31.0,Two-Year,Small Business,Bank Transfer,79.19,2471.42,,2752.95,771.0,41.28,1.0,6.0,2,22.59,1.0,13.0,No
CUST100202,42.0,Female,North,Retired,High School,3.0,Month-to-Month,Individual,Bank Transfer,63.48,107.69,20464.27,1744.62,820.0,9.96,1.0,8.0,2,81.44,0.0,4.0,Yes
CUST100947,18.0,Male,West,Retired,High School,67.0,Month-to-Month,Small Business,Electronic Check,85.97,5703.16,12894.61,1030.1,709.0,55.0,3.0,8.0,1,15.0,1.0,24.0,No
CUST100111,44.0,Male,Central,Employed,Master,12.0,Two-Year,Enterprise,Credit Card,121.09,1260.59,44902.26,4012.04,716.0,23.53,0.0,9.0,2,35.34,2.0,47.0,No
CUST100016,45.0,Male,West,Employed,High School,13.0,Month-to-Month,Small Business,Credit Card,117.64,1449.79,56192.04,4662.5,626.0,20.73,3.0,10.0,4,112.09,1.0,23.0,Yes
CUST100115,35.0,Male,East,Self-Employed,Bachelor,34.0,Month-to-Month,Individual,Credit Card,50.26,1556.48,26961.15,2205.39,601.0,28.36,3.0,8.0,1,17.03,1.0,12.0,No
CUST101353,45.0,Female,West,Retired,Master,20.0,Two-Year,Family,Bank Transfer,90.44,1630.53,24823.37,2168.69,613.0,17.6,1.0,7.0,2,25.9,1.0,1.0,No
CUST100392,35.0,Female,South,Employed,Master,28.0,Month-to-Month,Family,Credit Card,73.51,2106.05,57127.13,4736.89,742.0,41.31,2.0,9.0,2,47.79,0.0,5.0,No
CUST101459,45.0,Female,Central,Employed,Bachelor,19.0,Month-to-Month,Enterprise,Credit Card,120.97,2457.97,37339.38,3088.96,691.0,25.46,4.0,8.0,1,47.11,2.0,112.0,Yes
CUST100385,31.0,Female,South,Employed,High School,18.0,Month-to-Month,Enterprise,Electronic Check,132.01,2568.72,51357.1,4404.02,571.0,82.64,1.0,7.0,3,68.96,1.0,17.0,No
CUST101715,43.0,Other,North,Employed,Master,28.0,Two-Year,Individual,Credit Card,92.57,3015.3,40676.97,3422.4,592.0,6.86,1.0,6.0,1,40.33,1.0,6.0,No
CUST100968,52.0,Female,West,,High School,5.0,Month-to-Month,Small Business,Credit Card,76.89,409.53,36571.35,3199.01,719.0,73.87,2.0,9.0,5,61.33,0.0,10.0,No
CUST101479,61.0,Female,South,Employed,High School,15.0,Month-to-Month,Enterprise,Bank Transfer,116.02,1814.28,74062.68,6258.04,769.0,14.22,0.0,8.0,1,107.99,1.0,1.0,No
CUST101539,59.0,Female,West,Employed,Master,15.0,One-Year,Small Business,Credit Card,69.48,982.39,117609.39,10218.2,850.0,61.51,0.0,9.0,4,53.18,1.0,7.0,No
CUST101236,41.0,Male,South,Employed,PhD,1.0,Two-Year,Small Business,Electronic Check,94.8,131.21,108369.18,8507.4,624.0,20.11,1.0,9.0,1,34.29,0.0,7.0,No
CUST101482,42.0,Male,North,,High School,44.0,Month-to-Month,Enterprise,,115.44,5031.14,79590.52,6672.81,542.0,72.51,2.0,7.0,2,134.69,2.0,11.0,Yes
CUST101546,20.0,Male,West,Retired,High School,13.0,Month-to-Month,Individual,Bank Transfer,47.79,690.27,30123.9,2541.11,653.0,,4.0,9.0,2,61.75,0.0,,No
CUST101926,34.0,Male,North,Employed,High School,72.0,Month-to-Month,Individual,Bank Transfer,51.49,2933.73,21449.7,1754.25,669.0,71.09,3.0,8.0,1,18.87,1.0,3.0,No
CUST100232,45.0,Male,Central,Self-Employed,Master,12.0,Month-to-Month,Small Business,Credit Card,106.39,1150.38,,4797.77,638.0,28.14,1.0,7.0,1,57.93,2.0,9.0,No
CUST101125,38.0,Other,West,Employed,High School,8.0,Month-to-Month,Small Business,Credit Card,103.21,844.51,31414.9,2637.77,718.0,85.65,14.0,8.0,2,62.61,0.0,,No
CUST101701,35.0,Male,North,Employed,Bachelor,48.0,Month-to-Month,Small Business,Credit Card,93.63,5027.12,35533.52,2859.17,629.0,23.74,1.0,8.0,1,68.08,3.0,7.0,No
CUST101398,48.0,Male,West,Employed,High School,13.0,Month-to-Month,Small Business,Electronic Check,60.73,754.45,37294.31,3143.75,721.0,86.24,1.0,7.0,3,53.77,0.0,22.0,No
CUST100961,43.0,Female,West,Unemployed,High School,19.0,Month-to-Month,Individual,Credit Card,72.28,1457.93,141850.79,12034.39,635.0,18.44,3.0,7.0,3,105.26,1.0,9.0,No
CUST101761,32.0,Female,West,Unemployed,Bachelor,8.0,Month-to-Month,Individual,Credit Card,55.23,480.94,14662.65,1211.95,689.0,13.89,0.0,8.0,3,23.24,2.0,1.0,No
CUST100463,18.0,Female,West,Self-Employed,PhD,20.0,Two-Year,Family,Credit Card,38.86,774.5,28951.83,2465.28,699.0,30.14,0.0,7.0,2,12.07,1.0,6.0,No
CUST101916,34.0,Male,North,Employed,Bachelor,15.0,Month-to-Month,Small Business,Mailed Check,97.84,1517.09,24953.47,2082.39,587.0,24.91,0.0,7.0,2,39.64,3.0,10.0,Yes
CUST100618,34.0,Male,North,Retired,Master,50.0,Month-to-Month,Family,Credit Card,77.65,3957.95,38284.49,3243.47,677.0,89.59,4.0,7.0,5,20.83,0.0,14.0,No
CUST101224,30.0,Male,East,Employed,Master,20.0,Two-Year,Small Business,Electronic Check,85.93,1872.63,45269.7,3718.12,745.0,19.68,1.0,9.0,1,25.08,0.0,17.0,No
CUST100623,34.0,Female,,Employed,Bachelor,29.0,One-Year,Individual,Credit Card,67.12,1846.13,35601.62,2827.24,700.0,35.75,2.0,7.0,1,28.7,1.0,14.0,No
CUST100501,52.0,Other,,Employed,Master,9.0,One-Year,Individual,Bank Transfer,74.46,640.46,101532.89,8501.01,650.0,29.71,,7.0,3,92.34,1.0,20.0,No
CUST101027,41.0,Female,East,Employed,Bachelor,36.0,Month-to-Month,Individual,Mailed Check,77.6,2730.8,,3787.53,,47.07,2.0,6.0,1,54.84,0.0,,No
CUST101929,50.0,Male,Central,Unemployed,Bachelor,52.0,One-Year,Individual,Bank Transfer,57.66,3355.09,79395.59,6834.65,755.0,9.17,1.0,8.0,1,124.43,1.0,4.0,No
CUST101699,43.0,Male,West,Unemployed,Master,43.0,One-Year,Individual,Mailed Check,55.15,2733.05,54932.77,4411.99,742.0,13.17,1.0,8.0,1,71.82,1.0,2.0,No
CUST100912,48.0,Male,South,Employed,Bachelor,17.0,Two-Year,Individual,Mailed Check,65.47,1194.6,79273.26,6664.05,597.0,52.96,15.0,6.0,3,60.84,0.0,21.0,Yes
CUST101087,22.0,Male,North,Employed,Bachelor,8.0,One-Year,Individual,Credit Card,86.63,679.52,,3614.09,828.0,55.71,2.0,8.0,1,52.1,0.0,34.0,Yes
CUST100436,35.0,Male,West,Employed,High School,6.0,One-Year,Individual,Credit Card,94.14,511.76,63230.79,5295.68,644.0,16.33,1.0,8.0,1,65.27,2.0,25.0,No
CUST101630,26.0,Female,Central,Employed,High School,9.0,One-Year,Individual,Bank Transfer,64.47,555.98,69326.42,5547.36,646.0,51.64,1.0,8.0,4,120.83,0.0,13.0,No
CUST101317,46.0,Female,North,Retired,Bachelor,26.0,Month-to-Month,Small Business,Electronic Check,96.53,2847.37,,4237.21,769.0,14.75,2.0,8.0,1,89.93,0.0,5.0,No
CUST101518,,Male,North,Employed,,26.0,Month-to-Month,Family,Bank Transfer,69.15,1773.31,20749.32,,718.0,40.38,3.0,7.0,2,8.82,0.0,9.0,Yes
CUST101502,,Other,West,Employed,Bachelor,5.0,One-Year,Individual,Electronic Check,27.15,113.49,78349.01,6289.64,716.0,41.29,0.0,8.0,1,216.25,0.0,6.0,No
CUST101085,36.0,Male,South,Employed,High School,17.0,Two-Year,Small Business,,74.38,1384.03,25123.11,2181.37,726.0,35.42,1.0,8.0,2,23.12,1.0,6.0,No
CUST101422,46.0,Male,North,Employed,Bachelor,19.0,Month-to-Month,Enterprise,Bank Transfer,136.57,2742.34,36840.66,3140.05,500.0,77.02,4.0,7.0,3,35.95,3.0,33.0,Yes
CUST101034,35.0,Male,West,Retired,Bachelor,20.0,Month-to-Month,Individual,Electronic Check,67.92,1335.03,27577.83,,,38.64,2.0,7.0,4,10.72,2.0,5.0,No
CUST100487,46.0,Female,West,Self-Employed,High School,25.0,Month-to-Month,Small Business,Credit Card,105.78,2808.44,120139.81,9916.54,585.0,24.43,6.0,7.0,1,95.04,2.0,,Yes
CUST101021,45.0,Male,West,Self-Employed,Bachelor,11.0,Month-to-Month,Small Business,,106.92,1150.41,35365.01,2731.74,708.0,47.99,1.0,6.0,1,36.86,1.0,4.0,Yes
CUST100754,62.0,Female,,Employed,Bachelor,7.0,Month-to-Month,Small Business,Electronic Check,86.05,665.39,53462.79,4380.56,603.0,22.05,2.0,7.0,1,80.2,2.0,6.0,No
CUST101517,57.0,Female,North,Employed,High School,18.0,One-Year,Small Business,Bank Transfer,98.99,1891.49,71670.81,6076.47,,24.84,2.0,8.0,1,75.32,4.0,16.0,Yes
CUST100693,18.0,Female,North,Unemployed,Master,9.0,One-Year,Individual,Electronic Check,77.27,662.09,21158.66,1743.35,788.0,37.13,0.0,8.0,1,19.48,0.0,13.0,No
CUST100774,41.0,Female,East,Retired,Master,34.0,Month-to-Month,Family,Electronic Check,65.58,2252.59,25177.31,2114.18,702.0,38.83,0.0,8.0,1,82.77,1.0,,No
CUST100977,36.0,Male,Central,Employed,Master,6.0,Month-to-Month,Family,Electronic Check,77.92,459.58,,8879.01,657.0,27.24,0.0,9.0,5,121.14,0.0,31.0,No
CUST100828,56.0,Male,East,Employed,Master,7.0,Month-to-Month,Family,Credit Card,78.21,532.22,67721.12,5804.83,583.0,41.01,1.0,7.0,1,139.73,0.0,52.0,Yes
CUST100796,53.0,Male,East,Retired,High School,33.0,Month-to-Month,Individual,Electronic Check,89.64,3487.28,61788.43,5260.06,795.0,71.78,2.0,7.0,1,4128.76,1.0,8.0,No
CUST101495,28.0,Female,Central,Retired,PhD,14.0,Month-to-Month,Individual,Bank Transfer,75.51,1190.0,50154.44,4006.87,590.0,57.73,9.0,7.0,2,24.1,0.0,18.0,Yes
CUST100419,57.0,Male,North,Employed,Bachelor,42.0,Month-to-Month,Family,Mailed Check,96.69,3784.21,28086.06,2447.45,558.0,28.36,3.0,9.0,1,36.09,2.0,15.0,No
CUST101592,39.0,Male,West,Retired,Master,43.0,One-Year,Individual,Electronic Check,60.6,2611.71,33347.05,2854.28,670.0,30.11,1.0,9.0,3,30.98,0.0,11.0,No
CUST100946,45.0,Female,Central,,High School,19.0,One-Year,Family,Credit Card,59.9,1039.68,29305.21,2573.82,729.0,32.07,1.0,8.0,2,99.26,0.0,17.0,No
CUST101608,38.0,Male,South,Employed,Bachelor,37.0,Two-Year,Family,Credit Card,61.35,2164.66,28979.63,2398.21,630.0,43.49,2.0,7.0,1,10.65,2.0,37.0,No
CUST100657,43.0,Male,South,Retired,High School,7.0,One-Year,Small Business,Electronic Check,111.35,747.81,93322.83,7305.19,650.0,57.09,2.0,8.0,1,152.06,0.0,,Yes
CUST100788,28.0,Female,West,Retired,Bachelor,16.0,Month-to-Month,Individual,Credit Card,54.35,845.59,28739.85,2490.19,838.0,31.35,2.0,10.0,1,40.4,0.0,20.0,No
CUST101290,43.0,Male,West,Retired,Master,11.0,Month-to-Month,Individual,Mailed Check,26.93,284.28,39720.77,3598.42,696.0,45.67,3.0,9.0,1,27.29,1.0,27.0,No
CUST100640,23.0,Female,South,Employed,High School,63.0,One-Year,Family,Bank Transfer,93.55,5528.37,21538.0,1858.42,642.0,51.01,3.0,7.0,2,27.89,2.0,1.0,No
CUST101326,45.0,Male,Central,Retired,High School,22.0,Two-Year,Individual,Electronic Check,48.73,981.56,55055.62,4676.66,784.0,37.21,3.0,6.0,1,84.42,1.0,18.0,No
CUST101584,40.0,Male,South,Unemployed,Bachelor,17.0,One-Year,Small Business,Credit Card,102.58,1829.01,,2532.24,629.0,14.25,3.0,,1,107.3,1.0,0.0,No
CUST100006,43.0,Male,West,Employed,Master,21.0,Month-to-Month,Individual,Credit Card,73.78,1586.68,50383.47,4213.87,645.0,67.15,2.0,7.0,1,70.43,1.0,8.0,No
CUST100211,25.0,Female,North,Self-Employed,Master,11.0,One-Year,Individual,Electronic Check,66.1,796.11,30218.62,2489.67,731.0,8.34,2.0,8.0,1,17.51,0.0,12.0,No
CUST100857,46.0,Male,North,Self-Employed,Master,49.0,Month-to-Month,Small Business,Bank Transfer,86.75,4232.88,26682.26,2386.46,743.0,21.3,5.0,8.0,1,11.73,1.0,12.0,Yes
CUST100009,31.0,Male,Central,Employed,Master,18.0,Month-to-Month,Individual,Electronic Check,79.75,1556.54,57646.4,4958.33,789.0,33.49,26.0,10.0,4,71.0,0.0,9.0,No
CUST101211,35.0,Male,East,Employed,Bachelor,26.0,Two-Year,Family,Bank Transfer,72.54,1919.36,61143.51,5042.32,698.0,50.0,1.0,8.0,1,66.2,3.0,1.0,No
CUST100253,,Male,East,Employed,High School,38.0,Month-to-Month,Family,Mailed Check,54.29,1969.81,112227.0,9439.12,538.0,20.03,1.0,,5,262.02,1.0,37.0,Yes
CUST101210,52.0,Female,Central,Employed,High School,16.0,Month-to-Month,Individual,Bank Transfer,104.75,1589.44,16767.86,1351.18,714.0,12.88,3.0,7.0,3,34.72,0.0,10.0,No
CUST101639,39.0,Male,East,Employed,High School,34.0,Month-to-Month,Individual,,71.69,2398.97,23941.34,,722.0,57.07,3.0,9.0,1,16.95,0.0,17.0,No
CUST100167,46.0,Female,East,Employed,Bachelor,72.0,Month-to-Month,Family,,71.43,5242.22,38148.37,3262.69,671.0,127.82,0.0,8.0,1,27.56,2.0,10.0,No
CUST100336,33.0,Male,South,Retired,Bachelor,8.0,One-Year,Individual,Electronic Check,60.6,542.96,57111.37,5002.05,638.0,113.71,3.0,,1,108.17,1.0,1.0,No
CUST101787,22.0,Male,South,Employed,Bachelor,45.0,Month-to-Month,Individual,Electronic Check,63.05,2599.21,36280.71,3120.0,522.0,10.64,1.0,9.0,4,32.57,1.0,21.0,Yes
CUST101160,27.0,Male,,Employed,Master,12.0,Month-to-Month,Enterprise,Credit Card,121.19,1606.65,66558.62,5659.29,681.0,53.3,3.0,,4,262.34,0.0,29.0,Yes
CUST101150,43.0,Male,Central,Retired,High School,12.0,Month-to-Month,Enterprise,Electronic Check,105.2,1405.71,28676.54,2220.24,751.0,15.11,1.0,7.0,2,30.25,3.0,,No
CUST100137,51.0,Female,West,Unemployed,Bachelor,22.0,Month-to-Month,Individual,Credit Card,64.86,1277.22,31436.55,2517.25,691.0,52.77,1.0,7.0,3,35.41,1.0,29.0,No
CUST101360,36.0,Female,West,Employed,Bachelor,25.0,One-Year,Small Business,Bank Transfer,96.95,2368.8,32509.96,2841.21,646.0,32.52,3.0,8.0,2,98.83,1.0,5.0,No
CUST100078,49.0,Male,South,Employed,High School,54.0,One-Year,Family,Electronic Check,69.62,3786.54,56414.36,4443.27,678.0,32.96,1.0,8.0,1,16.94,0.0,4.0,No
CUST100520,29.0,Male,West,Self-Employed,Bachelor,26.0,One-Year,Individual,Electronic Check,15.0,444.95,76546.78,6575.36,678.0,48.27,0.0,8.0,3,67.75,1.0,13.0,No
CUST101650,35.0,Male,South,Self-Employed,Bachelor,35.0,Month-to-Month,Small Business,Bank Transfer,73.54,2906.71,59013.7,5183.43,705.0,23.99,2.0,9.0,1,87.2,1.0,12.0,No
CUST100942,47.0,Female,North,Employed,PhD,37.0,Month-to-Month,Family,Bank Transfer,82.58,3417.62,31114.87,2434.64,740.0,18.14,1.0,10.0,2,21.93,0.0,13.0,No
CUST101535,29.0,Female,West,Employed,Bachelor,14.0,Two-Year,Family,Electronic Check,64.72,925.19,29700.01,2378.78,618.0,65.57,2.0,8.0,4,24.87,1.0,29.0,Yes
CUST101320,32.0,Male,Central,Employed,High School,72.0,Month-to-Month,Family,Bank Transfer,49.75,4019.17,37463.25,3234.5,638.0,36.75,1.0,7.0,1,36.65,0.0,4.0,No
CUST101925,27.0,Female,South,Self-Employed,Bachelor,10.0,One-Year,Enterprise,Mailed Check,110.97,1092.09,,10822.92,654.0,,3.0,7.0,2,171.25,2.0,12.0,Yes
CUST101858,46.0,Female,West,Self-Employed,Bachelor,40.0,One-Year,Individual,Bank Transfer,55.64,2675.09,28310.86,2333.3,691.0,27.81,0.0,9.0,1,26.5,1.0,17.0,No
CUST101937,27.0,Female,Central,Retired,PhD,23.0,Month-to-Month,Individual,Electronic Check,99.45,2215.22,,7617.5,626.0,73.38,0.0,9.0,5,67.21,2.0,41.0,No
CUST100309,62.0,Male,Central,Employed,,3.0,Month-to-Month,Individual,Electronic Check,74.37,260.26,61010.88,5070.48,609.0,53.18,9.0,6.0,2,96.36,0.0,22.0,No
CUST101056,43.0,Male,South,Employed,Bachelor,21.0,Month-to-Month,Family,Mailed Check,102.32,1934.4,67860.95,5672.62,570.0,27.48,1.0,10.0,1,110.05,3.0,16.0,No
CUST101378,44.0,Male,North,Employed,High School,32.0,Month-to-Month,Individual,Credit Card,52.48,1944.9,23824.64,1966.77,585.0,110.57,0.0,8.0,1,44.3,0.0,2.0,No
CUST101343,35.0,Male,East,Employed,High School,23.0,Month-to-Month,Individual,Bank Transfer,101.72,2379.83,51475.54,4173.09,726.0,39.62,2.0,7.0,4,18.03,2.0,3.0,No
CUST101270,59.0,Male,South,Employed,,27.0,One-Year,Individual,Mailed Check,93.46,2315.72,87577.9,6855.81,648.0,73.69,2.0,8.0,1,134.7,4.0,5.0,No
CUST100284,28.0,Female,Central,Employed,Bachelor,16.0,Month-to-Month,Small Business,Bank Transfer,93.65,1663.04,27497.77,2148.01,695.0,32.58,1.0,7.0,1,17.07,0.0,21.0,Yes
CUST100939,51.0,Male,South,Employed,Bachelor,14.0,Two-Year,Small Business,Credit Card,82.28,1133.8,91663.12,7671.18,684.0,47.17,2.0,8.0,6,55.11,1.0,11.0,No
CUST101577,53.0,Male,West,Employed,PhD,22.0,Month-to-Month,Individual,Electronic Check,94.63,2048.12,36524.78,3079.81,630.0,21.77,1.0,8.0,1,50.5,1.0,34.0,No
CUST100069,39.0,Male,West,Employed,High School,41.0,One-Year,Individual,Credit Card,59.17,2248.87,110720.64,8778.5,618.0,78.89,0.0,9.0,3,56.61,1.0,23.0,No
CUST100351,51.0,Male,North,Unemployed,Bachelor,31.0,Two-Year,Individual,Bank Transfer,61.63,1926.17,39359.53,,702.0,38.28,1.0,8.0,2,15.77,1.0,8.0,No
CUST100032,35.0,Male,East,Employed,High School,11.0,One-Year,Individual,Credit Card,83.69,954.92,14967.27,1294.65,667.0,45.82,1.0,7.0,1,11.93,2.0,9.0,No
CUST101296,22.0,Female,North,Employed,High School,27.0,Two-Year,Enterprise,Electronic Check,94.93,2812.38,78358.84,6419.28,683.0,50.96,3.0,10.0,4,69.04,2.0,1.0,No
CUST101364,36.0,Male,West,Employed,Bachelor,43.0,Month-to-Month,Family,Bank Transfer,81.68,3428.02,43431.08,3723.78,821.0,61.47,0.0,9.0,1,32.25,0.0,15.0,No
CUST100851,35.0,Other,South,Retired,High School,15.0,Month-to-Month,Individual,Credit Card,82.65,1391.49,38202.97,3251.18,721.0,121.11,1.0,8.0,2,56.42,1.0,1.0,No
CUST101304,38.0,Male,North,Employed,High School,13.0,Month-to-Month,Individual,,115.5,1440.13,94589.29,7857.45,724.0,133.08,3.0,5.0,1,203.26,0.0,12.0,Yes
CUST101842,52.0,Female,North,Employed,,21.0,Month-to-Month,Small Business,Mailed Check,89.1,1951.74,60538.28,4980.23,584.0,47.89,1.0,8.0,1,61.79,1.0,1.0,No
CUST101096,60.0,Male,East,Self-Employed,PhD,6.0,Month-to-Month,Family,Credit Card,120.19,774.27,79833.54,6818.29,,11.41,2.0,9.0,1,41.61,4.0,27.0,No
CUST101016,42.0,Male,North,Employed,Master,11.0,Two-Year,Individual,Credit Card,66.22,794.78,41577.78,3214.03,533.0,25.7,1.0,8.0,5,77.89,3.0,23.0,No
CUST101750,32.0,Female,West,Self-Employed,Bachelor,27.0,Month-to-Month,Enterprise,Credit Card,119.95,3694.07,16743.05,1374.39,718.0,65.83,2.0,8.0,1,13.03,0.0,11.0,Yes
CUST100261,38.0,Female,East,Self-Employed,Bachelor,26.0,Two-Year,Enterprise,Mailed Check,110.12,3009.23,157906.76,13116.16,683.0,24.81,5.0,7.0,3,217.51,0.0,38.0,No
CUST100960,60.0,Female,East,,Bachelor,63.0,Month-to-Month,Small Business,Credit Card,106.58,5731.65,18229.07,1487.99,,71.05,1.0,8.0,1,16.39,0.0,34.0,No
CUST100976,54.0,Female,Central,Retired,PhD,10.0,One-Year,Enterprise,Electronic Check,105.47,1018.23,70099.37,5810.47,846.0,28.19,3.0,8.0,1,131.24,3.0,25.0,No
CUST100645,39.0,Female,East,Employed,Bachelor,54.0,One-Year,Individual,Bank Transfer,48.22,2357.73,12994.27,1021.74,798.0,11.25,3.0,10.0,1,19.38,0.0,0.0,No
CUST101530,48.0,Male,North,Retired,Bachelor,11.0,Two-Year,Individual,Bank Transfer,28.2,320.6,40097.03,3526.81,673.0,29.83,0.0,10.0,4,41.58,0.0,34.0,No
CUST100806,39.0,Male,West,Employed,High School,28.0,One-Year,Small Business,Mailed Check,100.53,2784.07,,4235.83,686.0,33.14,0.0,9.0,1,99.28,1.0,1.0,No
CUST101248,39.0,Female,West,Employed,High School,31.0,Month-to-Month,Individual,Credit Card,60.51,1911.93,43346.0,3752.46,537.0,47.51,2.0,9.0,1,47.41,0.0,77.0,Yes
CUST100651,39.0,Female,South,Employed,High School,32.0,Two-Year,Enterprise,Electronic Check,135.32,3696.7,17627.5,1456.18,601.0,78.23,1.0,9.0,1,29.84,2.0,3.0,No
CUST100163,31.0,Male,East,Employed,Bachelor,28.0,Two-Year,Individual,Electronic Check,77.35,1951.98,,1663.64,632.0,28.51,1.0,,1,22.57,2.0,6.0,No
CUST101753,34.0,Male,West,Employed,High School,18.0,Month-to-Month,Individual,Credit Card,58.04,979.87,53418.91,4305.29,782.0,5.78,27.0,6.0,4,48.32,1.0,13.0,Yes
CUST101771,,Male,South,Employed,High School,19.0,One-Year,Individual,Mailed Check,46.08,762.77,30680.03,2704.09,746.0,42.19,4.0,8.0,1,24.6,0.0,3.0,No
CUST100207,26.0,Male,North,Employed,Master,7.0,Two-Year,Individual,Mailed Check,53.4,392.25,59536.3,4636.05,723.0,80.29,3.0,8.0,1,43.24,0.0,29.0,No
CUST101823,49.0,Female,North,Self-Employed,High School,14.0,One-Year,Enterprise,Electronic Check,180.27,2447.32,,16905.47,783.0,13.97,5.0,8.0,5,619.46,0.0,13.0,No
CUST100495,52.0,Female,North,Retired,High School,7.0,Month-to-Month,Individual,Electronic Check,48.58,298.06,184530.65,15110.97,720.0,35.97,3.0,8.0,6,111.54,1.0,2.0,Yes
CUST101873,27.0,Female,Central,Retired,High School,29.0,Month-to-Month,Individual,Electronic Check,61.27,1916.86,76083.24,6088.08,686.0,17.95,1.0,8.0,4,133.28,2.0,25.0,Yes
CUST100333,29.0,Male,Central,Employed,Bachelor,25.0,Two-Year,Family,Credit Card,65.72,1560.86,21965.79,1693.8,804.0,25.14,0.0,9.0,1,60.43,0.0,3.0,No
CUST100538,18.0,Male,Central,Employed,High School,22.0,Two-Year,Individual,Electronic Check,42.99,1104.63,33076.12,2688.86,475.0,74.93,1.0,6.0,1,32.46,3.0,11.0,No
CUST100063,48.0,Male,Central,Employed,Bachelor,35.0,Two-Year,Family,Credit Card,53.26,1857.84,42326.0,3515.44,712.0,57.44,4.0,9.0,1,53.5,0.0,18.0,No
CUST100156,43.0,Female,West,Employed,PhD,7.0,Month-to-Month,Enterprise,Electronic Check,171.64,1129.4,56202.43,4412.34,765.0,15.99,2.0,,2,60.37,1.0,35.0,Yes
CUST100981,23.0,Male,East,Self-Employed,Master,14.0,One-Year,Small Business,Electronic Check,143.81,1914.01,59749.62,4850.27,603.0,75.82,1.0,8.0,1,40.84,3.0,14.0,No
CUST100569,43.0,Male,South,Retired,High School,50.0,Two-Year,Small Business,Bank Transfer,95.91,4925.94,58457.65,4918.2,676.0,16.84,4.0,10.0,4,129.83,1.0,2.0,No
CUST101674,38.0,Male,North,Employed,High School,20.0,One-Year,Individual,Credit Card,69.09,1230.92,54524.76,4731.87,716.0,38.8,2.0,7.0,1,78.53,0.0,39.0,Yes
CUST100799,,Male,South,Self-Employed,Master,4.0,Two-Year,Small Business,Electronic Check,142.88,536.6,81167.76,6454.27,,66.21,2.0,7.0,3,79.87,0.0,14.0,No
CUST101449,34.0,Male,Central,Retired,High School,7.0,Month-to-Month,Small Business,Credit Card,87.69,582.86,21169.06,1790.48,749.0,12.62,1.0,8.0,1,29.34,2.0,10.0,No
CUST100319,27.0,Female,West,Retired,Bachelor,44.0,Month-to-Month,Small Business,Electronic Check,106.78,4540.93,63115.5,5519.06,557.0,26.12,0.0,7.0,1,93.96,1.0,17.0,Yes
CUST100451,45.0,Female,East,Employed,High School,34.0,Month-to-Month,Individual,Bank Transfer,49.58,1572.35,117371.83,9960.63,595.0,55.08,1.0,9.0,1,162.93,3.0,13.0,No
CUST101714,,Male,North,Employed,High School,15.0,One-Year,Family,Credit Card,59.38,974.57,49565.24,4541.15,564.0,62.62,0.0,9.0,1,62.68,1.0,3.0,No
CUST100292,59.0,Male,North,Employed,High School,5.0,Two-Year,Small Business,Mailed Check,56.48,320.07,51830.44,4190.18,736.0,55.72,0.0,8.0,2,59.94,1.0,4.0,No
CUST100044,42.0,Male,North,Self-Employed,High School,49.0,One-Year,Small Business,Credit Card,112.47,6324.75,34448.34,3078.45,746.0,16.55,3.0,7.0,4,45.76,0.0,21.0,No
CUST100052,24.0,Female,West,Employed,Bachelor,15.0,Month-to-Month,Family,Electronic Check,112.62,1710.47,34082.64,2956.12,848.0,36.6,1.0,8.0,1,35.66,0.0,13.0,Yes
CUST101046,35.0,Female,West,Employed,Bachelor,18.0,One-Year,Small Business,Electronic Check,86.76,1447.74,23434.26,2052.83,786.0,34.5,0.0,,2,40.34,0.0,4.0,No
CUST100596,35.0,Female,North,Unemployed,,16.0,One-Year,Family,Electronic Check,56.2,759.18,26420.91,2170.13,707.0,58.97,0.0,8.0,2,35.69,0.0,6.0,No
CUST101421,38.0,Female,West,Employed,High School,10.0,Month-to-Month,Individual,Credit Card,69.97,779.63,18493.67,1487.55,,42.08,1.0,8.0,1,33.71,0.0,30.0,Yes
CUST101142,18.0,Female,East,Employed,Bachelor,12.0,Month-to-Month,Individual,Mailed Check,69.26,782.62,,3878.56,621.0,38.25,1.0,8.0,1,95.46,0.0,2.0,No
CUST101143,34.0,Male,Central,Employed,Master,23.0,One-Year,Family,Electronic Check,74.8,1568.67,,,724.0,67.22,2.0,8.0,1,33.46,1.0,5.0,No
CUST101830,50.0,Male,East,Employed,Bachelor,20.0,Month-to-Month,Small Business,Bank Transfer,57.63,1255.28,165144.27,14812.26,599.0,23.15,2.0,9.0,3,110.39,1.0,15.0,Yes
CUST101323,22.0,Male,Central,Retired,Master,11.0,One-Year,Individual,Mailed Check,84.36,899.56,29327.72,2516.42,623.0,58.01,4.0,8.0,2,25.48,0.0,4.0,No
CUST100502,32.0,Male,South,Employed,,17.0,Month-to-Month,Enterprise,Credit Card,121.86,1957.74,42752.57,3681.95,567.0,46.86,0.0,,4,57.26,1.0,31.0,Yes
CUST101372,,Female,Central,Retired,Master,13.0,Two-Year,Small Business,Electronic Check,123.19,1481.24,115557.92,9929.28,707.0,,0.0,9.0,4,320.2,0.0,1.0,No
CUST101767,51.0,Female,West,Self-Employed,Bachelor,12.0,Two-Year,Individual,Bank Transfer,64.41,822.43,38896.01,3221.75,482.0,118.09,0.0,8.0,2,38.28,1.0,23.0,No
CUST101930,20.0,Male,South,Retired,High School,4.0,Month-to-Month,Individual,Credit Card,81.75,312.46,62135.54,5244.62,725.0,42.88,1.0,9.0,4,143.79,2.0,11.0,Yes
CUST100982,44.0,Female,South,Employed,Master,8.0,Two-Year,Individual,Mailed Check,68.82,509.1,43767.44,3721.72,605.0,10.18,2.0,8.0,4,17.95,1.0,8.0,No
CUST101524,36.0,Male,Central,Retired,Bachelor,72.0,One-Year,Small Business,Credit Card,91.45,6169.53,45682.06,3846.6,670.0,20.4,8.0,7.0,1,90.8,0.0,1.0,No
CUST101940,26.0,Male,South,Employed,,57.0,Two-Year,Individual,Bank Transfer,30.51,1885.93,45301.62,3754.74,785.0,32.97,4.0,7.0,1,65.48,4.0,0.0,No
CUST100668,35.0,Male,Central,Self-Employed,,25.0,Month-to-Month,Individual,Bank Transfer,34.83,885.86,36688.55,3098.94,611.0,19.07,0.0,10.0,2,25.22,1.0,0.0,No
CUST101631,31.0,Male,North,Employed,Bachelor,59.0,One-Year,Small Business,Credit Card,129.85,6940.95,55187.41,4480.45,590.0,41.74,1.0,10.0,1,51.14,1.0,8.0,No
CUST101657,20.0,Female,North,Employed,PhD,24.0,Month-to-Month,Family,Credit Card,89.34,2570.46,56240.64,4891.7,653.0,28.85,14.0,5.0,1,82.82,0.0,4.0,No
CUST101371,51.0,Female,North,Employed,Bachelor,25.0,Two-Year,Family,Credit Card,84.52,1990.74,69921.5,5913.5,619.0,38.46,1.0,8.0,2,135.41,1.0,6.0,No
CUST100022,56.0,Other,West,Employed,Bachelor,4.0,Two-Year,Small Business,Credit Card,86.81,298.8,39680.52,3222.24,660.0,77.96,1.0,8.0,2,48.46,1.0,21.0,No
CUST100407,51.0,Female,West,Employed,High School,33.0,One-Year,Individual,Bank Transfer,63.99,2196.83,77131.98,6680.46,603.0,64.15,0.0,8.0,1,234.37,1.0,35.0,No
CUST100978,24.0,Female,West,Employed,Bachelor,37.0,Month-to-Month,Individual,Electronic Check,77.39,2741.9,37892.38,3293.98,614.0,76.61,2.0,8.0,2,19.52,2.0,3.0,No
CUST101935,60.0,,East,Employed,High School,4.0,Two-Year,Individual,Credit Card,62.38,209.66,289235.3,3189.9,761.0,47.1,13.0,6.0,3,55.14,0.0,20.0,Yes
CUST100494,37.0,Female,South,Unemployed,High School,15.0,One-Year,Family,Credit Card,89.22,1494.52,87412.75,7347.69,693.0,44.57,2.0,8.0,2,74.85,0.0,34.0,No
CUST101339,38.0,Male,South,Employed,Bachelor,13.0,Month-to-Month,Individual,Credit Card,79.82,948.34,128568.92,11111.25,751.0,24.42,1.0,6.0,1,222.73,0.0,12.0,Yes
CUST100801,28.0,Male,,,Master,8.0,Month-to-Month,Small Business,Credit Card,102.19,593.22,63300.49,5358.19,665.0,24.99,1.0,8.0,2,108.17,0.0,14.0,No
CUST100581,27.0,Female,Central,Self-Employed,High School,24.0,One-Year,Small Business,Electronic Check,79.38,1945.57,62249.42,5001.55,713.0,46.71,1.0,7.0,2,80.42,1.0,3.0,No
CUST100614,31.0,Male,North,Employed,Bachelor,21.0,Month-to-Month,Individual,Bank Transfer,60.56,1484.44,16735.22,1415.63,710.0,28.62,3.0,,1,11.64,3.0,,No
CUST100218,39.0,Male,West,Self-Employed,Master,38.0,One-Year,Individual,Bank Transfer,62.29,2237.56,76513.9,6369.87,628.0,138.4,0.0,8.0,1,83.23,0.0,18.0,No
CUST101968,36.0,Male,West,Employed,High School,32.0,Month-to-Month,Individual,Bank Transfer,90.13,2625.94,30517.7,,689.0,53.63,7.0,8.0,1,29.75,1.0,5.0,No
CUST100780,40.0,Female,South,Employed,Master,49.0,Month-to-Month,Individual,Mailed Check,55.53,2455.28,42698.75,3371.56,639.0,51.02,2.0,7.0,1,79.83,0.0,32.0,Yes
CUST100558,26.0,Female,West,Employed,PhD,39.0,One-Year,Individual,Credit Card,28.1,941.16,50322.96,4175.85,677.0,31.15,1.0,7.0,3,54.34,0.0,18.0,No
CUST100153,35.0,Male,North,Employed,Bachelor,32.0,One-Year,Small Business,Bank Transfer,86.12,2769.26,38741.09,3313.77,683.0,66.21,2.0,7.0,1,41.95,0.0,31.0,No
CUST101589,36.0,Female,North,Employed,Bachelor,14.0,Month-to-Month,Family,Credit Card,88.85,1144.63,61308.1,4992.76,717.0,13.48,7.0,9.0,2,198.06,1.0,16.0,No
CUST100233,55.0,Female,South,Unemployed,Master,19.0,Month-to-Month,Family,Credit Card,86.73,1543.02,60873.76,,606.0,13.18,2.0,7.0,4,62.36,1.0,1.0,Yes
CUST101646,40.0,Female,North,Employed,High School,35.0,One-Year,Enterprise,Electronic Check,126.27,4250.01,53496.1,4356.19,675.0,62.26,1.0,8.0,3,40.09,2.0,15.0,No
CUST101693,35.0,Female,Central,Employed,Bachelor,5.0,One-Year,Individual,Bank Transfer,61.31,289.95,43217.31,3758.03,734.0,69.79,1.0,9.0,1,48.16,2.0,12.0,Yes
CUST100938,52.0,Female,North,Unemployed,Master,24.0,One-Year,Family,Bank Transfer,74.2,2061.62,32393.6,2760.82,703.0,37.73,0.0,8.0,2,27.8,1.0,3.0,No
CUST100160,29.0,Female,West,Self-Employed,Bachelor,8.0,Month-to-Month,Individual,Credit Card,98.06,808.07,67129.4,5805.56,551.0,14.18,0.0,8.0,3,79.4,0.0,,Yes
CUST100712,29.0,Female,Central,Retired,High School,18.0,Two-Year,Family,Credit Card,88.2,1617.74,130136.28,11041.94,585.0,30.17,1.0,9.0,4,241.4,1.0,1.0,No
CUST100356,44.0,Female,West,Employed,High School,70.0,One-Year,Family,Electronic Check,44.84,3074.22,127614.36,10425.01,546.0,,2.0,8.0,8,181.21,2.0,0.0,No
CUST100468,54.0,Male,North,Unemployed,PhD,3.0,One-Year,Family,Credit Card,121.72,284.23,33859.84,2956.01,565.0,,2.0,9.0,3,41.75,0.0,18.0,Yes
CUST101564,30.0,Male,West,Retired,Bachelor,13.0,One-Year,Individual,Bank Transfer,66.02,800.95,40562.81,3439.85,785.0,,2.0,8.0,2,42.23,0.0,5.0,No
CUST101114,42.0,Male,South,Employed,Bachelor,35.0,One-Year,Family,Credit Card,97.41,3531.8,51614.03,4505.14,627.0,116.38,1.0,10.0,6,44.71,1.0,10.0,Yes
CUST101356,36.0,Female,North,Employed,Bachelor,15.0,Month-to-Month,Individual,Credit Card,44.24,706.14,65453.5,5656.03,516.0,11.45,1.0,9.0,3,17.92,3.0,20.0,Yes
CUST100767,34.0,Female,,Employed,Bachelor,18.0,Month-to-Month,Enterprise,Mailed Check,151.29,2684.57,,3317.76,680.0,81.13,4.0,8.0,3,34.08,2.0,9.0,No
CUST100360,39.0,Male,East,Self-Employed,Master,17.0,One-Year,Family,Credit Card,80.1,1332.7,,1794.56,668.0,41.34,1.0,8.0,1,3452.24,0.0,11.0,No
CUST101989,25.0,Male,Central,Employed,PhD,2.0,Month-to-Month,Small Business,Credit Card,80.45,186.38,,4173.32,756.0,,0.0,9.0,3,48.74,3.0,41.0,Yes
CUST100091,40.0,Male,East,Retired,Bachelor,22.0,One-Year,Individual,Credit Card,36.47,812.67,85841.16,6859.18,697.0,42.43,,8.0,2,894.28,1.0,8.0,No
CUST100972,44.0,Male,East,,Bachelor,22.0,Month-to-Month,Individual,Electronic Check,40.36,931.62,16571.77,1414.34,850.0,16.92,1.0,8.0,2,14.88,0.0,40.0,No
CUST101113,38.0,Female,East,Employed,High School,28.0,Month-to-Month,Family,Electronic Check,96.43,2591.95,130775.96,11127.17,,42.35,0.0,,3,328.2,3.0,1.0,No
CUST100391,42.0,Female,Central,Employed,Bachelor,49.0,Month-to-Month,Individual,Electronic Check,73.23,3527.41,19817.82,1649.14,678.0,97.84,1.0,8.0,1,12.16,1.0,7.0,Yes
CUST100015,31.0,Female,Central,Self-Employed,Bachelor,4.0,Month-to-Month,Small Business,Bank Transfer,93.43,377.96,74625.12,6306.62,757.0,26.21,0.0,8.0,1,62.7,2.0,7.0,No
CUST101939,31.0,Male,West,Unemployed,Bachelor,6.0,Month-to-Month,Small Business,Credit Card,84.66,504.93,19475.02,1485.18,692.0,53.54,2.0,9.0,3,8.41,0.0,45.0,Yes
CUST100442,45.0,Female,North,Self-Employed,High School,40.0,Two-Year,Individual,Credit Card,82.57,3250.28,50186.09,4267.79,723.0,52.52,1.0,9.0,1,54.15,0.0,5.0,No
CUST100373,51.0,Male,North,Retired,Bachelor,13.0,One-Year,Small Business,Credit Card,79.46,1135.11,38390.46,3227.08,650.0,38.26,0.0,10.0,2,18.0,0.0,4.0,No
CUST100382,22.0,Female,North,Employed,High School,15.0,Two-Year,Family,Electronic Check,96.05,1341.9,46926.69,,698.0,55.05,2.0,9.0,3,58.45,2.0,24.0,No
CUST100383,26.0,Female,South,Employed,PhD,56.0,One-Year,Individual,Electronic Check,84.78,4692.3,24761.03,2038.87,601.0,42.01,1.0,8.0,1,52.44,1.0,2.0,No
CUST100965,25.0,Male,South,Employed,Bachelor,41.0,Month-to-Month,Individual,Credit Card,88.67,3856.52,62425.2,5589.82,523.0,,0.0,9.0,3,127.23,2.0,9.0,No
CUST101104,28.0,Male,South,Self-Employed,High School,23.0,Month-to-Month,Family,Credit Card,51.18,1123.19,18578.89,1548.99,608.0,17.43,2.0,,1,22.57,6.0,,Yes
CUST100914,53.0,Female,West,,Bachelor,42.0,One-Year,Individual,Mailed Check,34.52,1616.48,23177.43,1975.69,733.0,36.88,1.0,9.0,1,3978.72,0.0,41.0,No
CUST100525,36.0,Male,South,Self-Employed,Bachelor,8.0,Month-to-Month,Individual,Mailed Check,35.8,285.03,71719.16,5978.21,670.0,39.88,1.0,8.0,2,177.62,1.0,14.0,Yes
CUST101609,36.0,Male,South,Employed,Master,29.0,Month-to-Month,Individual,Electronic Check,81.59,2569.59,12446.41,1066.34,844.0,22.05,3.0,,1,11.01,1.0,13.0,Yes
CUST100824,19.0,Male,West,Employed,Bachelor,7.0,One-Year,Individual,Credit Card,26.87,152.35,31578.33,2899.82,697.0,62.64,1.0,9.0,3,40.86,0.0,4.0,No
CUST100307,57.0,Male,West,Unemployed,Master,48.0,Month-to-Month,Family,Credit Card,103.87,4843.95,25891.57,2152.85,,49.33,0.0,8.0,1,18.91,2.0,7.0,No
CUST101137,41.0,Female,North,Self-Employed,Bachelor,5.0,Month-to-Month,Family,Credit Card,54.02,296.74,30836.14,2617.22,846.0,39.53,0.0,8.0,1,56.52,1.0,1.0,No
CUST101633,41.0,Male,West,Retired,Bachelor,30.0,Two-Year,Individual,Mailed Check,56.36,1718.43,112143.45,9604.7,744.0,55.8,0.0,9.0,6,91.72,0.0,6.0,No
CUST101401,37.0,Female,Central,Self-Employed,Bachelor,13.0,Month-to-Month,Individual,Credit Card,67.24,765.43,22686.8,2010.49,605.0,39.56,0.0,8.0,2,17.3,0.0,37.0,Yes
CUST100817,44.0,Male,South,Employed,Master,39.0,Month-to-Month,Individual,Credit Card,87.23,3266.73,65922.88,5325.04,709.0,9.49,3.0,8.0,1,61.77,0.0,1.0,No
CUST100231,34.0,Female,South,Employed,Bachelor,58.0,One-Year,Small Business,Credit Card,32.06,2008.36,79933.65,6831.34,704.0,17.75,2.0,7.0,3,84.6,2.0,12.0,No
CUST100659,37.0,Female,North,Employed,Bachelor,19.0,Month-to-Month,Small Business,Bank Transfer,76.14,1499.38,66547.3,5189.54,764.0,30.4,3.0,10.0,1,21.63,2.0,2.0,No
CUST101170,27.0,Female,East,Employed,Master,55.0,Month-to-Month,Individual,,91.68,,25970.86,2121.34,673.0,29.32,1.0,7.0,1,9.26,0.0,,No
CUST101869,44.0,Male,South,Retired,High School,24.0,One-Year,Family,Electronic Check,82.58,2082.79,17572.06,1431.07,743.0,16.42,0.0,7.0,4,33.19,0.0,6.0,No
CUST101501,34.0,Female,Central,Employed,Bachelor,15.0,Two-Year,Individual,Bank Transfer,85.12,1358.65,12000.0,980.27,725.0,,2.0,9.0,2,5.26,1.0,5.0,No
CUST100959,46.0,Male,North,Retired,High School,22.0,Month-to-Month,Enterprise,Electronic Check,90.79,2310.32,31299.74,2498.55,615.0,52.99,0.0,,1,70.7,2.0,35.0,Yes
CUST100143,44.0,Male,North,Self-Employed,Bachelor,15.0,One-Year,Family,Credit Card,109.1,1620.18,56110.54,4504.16,598.0,20.93,2.0,8.0,3,62.97,0.0,1.0,No
CUST100671,44.0,Female,South,Self-Employed,High School,21.0,Month-to-Month,Individual,Electronic Check,90.27,1891.12,98332.49,8004.62,759.0,14.18,2.0,9.0,3,57.55,2.0,10.0,Yes
CUST100835,30.0,Male,North,Employed,Bachelor,44.0,One-Year,Individual,Bank Transfer,84.36,3881.77,46916.81,3957.06,670.0,24.54,1.0,8.0,1,56.65,1.0,1.0,No
CUST100180,57.0,Male,Central,Employed,High School,12.0,Month-to-Month,Individual,Bank Transfer,59.0,680.71,128895.69,10573.35,784.0,107.61,1.0,8.0,3,40.28,0.0,1.0,No
CUST101624,43.0,Female,Central,Employed,Master,12.0,Month-to-Month,Enterprise,Credit Card,132.28,1641.97,12000.0,1013.03,737.0,36.48,3.0,8.0,1,11.28,0.0,0.0,No
CUST100464,28.0,Female,South,Employed,Master,37.0,One-Year,Family,Bank Transfer,97.88,4372.01,37755.24,3194.12,621.0,15.33,3.0,9.0,3,38.0,1.0,21.0,No
CUST101525,54.0,Female,North,,High School,72.0,Month-to-Month,Family,Bank Transfer,75.6,4675.62,36659.46,3103.37,720.0,49.83,1.0,7.0,4,20.18,0.0,,No
CUST101857,54.0,Female,North,Retired,Bachelor,15.0,Month-to-Month,Small Business,Bank Transfer,113.57,1693.77,12000.0,1008.93,827.0,40.6,,8.0,1,7.66,2.0,20.0,Yes
CUST101729,41.0,Female,South,Self-Employed,Master,19.0,Two-Year,Small Business,Credit Card,109.99,2103.62,39175.37,3117.34,700.0,17.18,0.0,7.0,1,60.5,1.0,14.0,No
CUST101713,40.0,Female,South,Employed,High School,12.0,Month-to-Month,Individual,Electronic Check,107.08,1235.09,52293.36,4266.75,591.0,48.42,1.0,6.0,3,88.78,4.0,25.0,Yes
CUST100203,49.0,Male,North,Self-Employed,Bachelor,26.0,Two-Year,Small Business,Credit Card,101.61,2223.62,27962.69,2227.44,602.0,4.6,0.0,10.0,1,32.97,3.0,10.0,No
CUST101235,31.0,Female,Central,Self-Employed,PhD,31.0,Month-to-Month,Family,Bank Transfer,59.26,1597.55,87629.3,7440.37,672.0,,3.0,8.0,3,98.74,2.0,13.0,Yes
CUST100523,39.0,Female,East,,,26.0,Two-Year,Individual,Credit Card,66.36,2072.29,,4059.63,614.0,27.56,1.0,8.0,1,55.06,3.0,8.0,Yes
CUST100472,38.0,Male,South,Self-Employed,High School,25.0,Month-to-Month,Individual,Electronic Check,64.99,1590.45,33681.04,3092.71,620.0,26.52,2.0,9.0,1,40.19,1.0,8.0,No
CUST100304,40.0,Male,Central,Self-Employed,High School,8.0,Month-to-Month,Individual,Bank Transfer,72.49,605.81,35338.32,3036.23,706.0,49.0,1.0,9.0,1,57.57,1.0,19.0,Yes
CUST100191,39.0,Male,South,Employed,Master,34.0,Month-to-Month,Individual,Bank Transfer,56.29,1978.29,37943.37,3142.15,765.0,58.89,2.0,10.0,1,40.19,1.0,8.0,No
CUST100586,27.0,Female,East,Employed,Bachelor,23.0,One-Year,Family,Mailed Check,92.42,2350.42,12000.0,1055.9,,48.2,3.0,8.0,3,5.67,1.0,7.0,No
CUST100329,35.0,Male,East,Employed,Bachelor,15.0,Month-to-Month,Family,Bank Transfer,86.29,1255.69,41342.33,3402.37,647.0,28.32,2.0,8.0,1,14.12,0.0,5.0,No
CUST100107,37.0,Female,East,Employed,Bachelor,18.0,Two-Year,Family,Bank Transfer,73.32,1121.24,23781.47,2012.95,749.0,,0.0,8.0,1,35.08,0.0,14.0,No
CUST101439,54.0,Female,Central,Employed,Master,24.0,One-Year,Individual,Bank Transfer,85.73,2148.39,51240.94,4371.08,691.0,43.41,2.0,8.0,3,130.63,1.0,16.0,No
CUST100317,33.0,Male,West,Employed,Bachelor,29.0,Month-to-Month,Small Business,Mailed Check,98.5,2640.73,117085.05,10501.09,650.0,,6.0,9.0,3,210.25,0.0,4.0,Yes
CUST101051,39.0,Male,West,,Bachelor,17.0,One-Year,Small Business,Electronic Check,70.5,1312.86,12000.0,1050.54,,59.92,1.0,8.0,2,22.0,1.0,21.0,No
CUST101816,49.0,Male,North,Employed,Bachelor,51.0,One-Year,Small Business,Bank Transfer,95.09,4794.63,41035.77,3578.28,797.0,44.24,1.0,8.0,2,42.65,0.0,13.0,No
CUST100389,24.0,Female,,Self-Employed,Master,29.0,Month-to-Month,Individual,Credit Card,52.87,1424.53,82509.52,6822.13,715.0,140.25,4.0,8.0,2,222.44,0.0,14.0,No
CUST101485,31.0,Male,South,Employed,Bachelor,61.0,Two-Year,Individual,Credit Card,78.06,4723.26,53195.16,4525.03,545.0,47.84,1.0,8.0,5,71.42,2.0,24.0,No
CUST100524,58.0,Other,East,Retired,Master,52.0,One-Year,Family,Bank Transfer,72.34,3815.63,39008.77,3266.14,589.0,,1.0,9.0,2,91.71,3.0,30.0,No
CUST101035,41.0,Male,North,Unemployed,Bachelor,51.0,One-Year,Individual,Mailed Check,47.54,2557.09,38864.16,3194.44,646.0,8.9,2.0,8.0,1,89.14,1.0,24.0,No
CUST100669,18.0,Female,East,Self-Employed,High School,8.0,Month-to-Month,Small Business,Electronic Check,99.6,765.97,70902.43,6077.6,624.0,27.88,1.0,,2,126.5,0.0,24.0,Yes
CUST101799,36.0,Female,East,Employed,High School,22.0,Month-to-Month,Small Business,Credit Card,108.0,2229.24,,,583.0,39.42,0.0,8.0,1,45.78,1.0,1.0,No
CUST101890,53.0,Male,East,Employed,High School,12.0,One-Year,Family,Bank Transfer,87.94,984.02,16722.05,1435.48,656.0,38.6,2.0,10.0,1,8.96,0.0,6.0,No
CUST100983,50.0,Female,East,Self-Employed,,21.0,Month-to-Month,Family,Credit Card,52.87,1144.5,35605.57,2763.06,670.0,70.58,4.0,7.0,3,81.24,2.0,22.0,No
CUST101166,70.0,Female,South,Unemployed,Bachelor,2.0,Month-to-Month,Family,Credit Card,62.74,130.2,61317.3,5099.61,722.0,26.15,8.0,8.0,2,47.29,2.0,15.0,Yes
CUST100827,40.0,Male,West,Employed,High School,30.0,Two-Year,Individual,Credit Card,43.11,1297.9,51543.75,4233.05,,32.78,0.0,7.0,2,33.92,2.0,41.0,No
CUST100995,45.0,Male,South,Self-Employed,High School,9.0,One-Year,Enterprise,Mailed Check,108.19,865.61,49766.74,4295.65,656.0,142.86,2.0,7.0,1,151.19,1.0,3.0,No
CUST100014,47.0,Male,West,Retired,Master,19.0,One-Year,Individual,Mailed Check,65.21,1332.35,30081.36,2354.57,729.0,23.12,7.0,7.0,2,19.55,1.0,22.0,No
CUST100832,27.0,Male,West,Employed,Bachelor,34.0,Month-to-Month,Individual,Bank Transfer,63.18,1970.92,30563.81,2802.46,752.0,25.51,2.0,8.0,1,29.9,2.0,26.0,Yes
CUST101357,35.0,Female,South,Employed,Bachelor,28.0,One-Year,Family,Credit Card,61.48,1837.2,36634.5,2933.86,704.0,82.6,2.0,9.0,1,74.74,0.0,0.0,No
CUST100112,34.0,Male,North,Employed,High School,9.0,One-Year,Enterprise,Mailed Check,136.84,1209.53,25651.16,2216.9,770.0,104.47,2.0,7.0,1,32.47,1.0,,No
CUST100878,40.0,Female,Central,Employed,Bachelor,35.0,Month-to-Month,Individual,Credit Card,104.34,3937.22,,2865.3,580.0,22.25,0.0,7.0,1,33.75,0.0,19.0,Yes
CUST101824,30.0,Male,North,Self-Employed,Master,20.0,Month-to-Month,Small Business,Bank Transfer,111.47,1940.39,,3292.82,711.0,44.54,0.0,,3,53.57,3.0,12.0,Yes
CUST100278,55.0,Male,North,Employed,Master,6.0,One-Year,Small Business,Mailed Check,99.15,534.98,39787.83,3379.37,734.0,87.66,0.0,7.0,5,44.4,0.0,24.0,Yes
CUST100930,41.0,Female,South,Employed,,18.0,Month-to-Month,Family,Bank Transfer,65.73,1279.87,19335.23,1643.52,547.0,40.44,1.0,7.0,3,13.0,1.0,5.0,Yes
CUST100030,67.0,Female,South,,,42.0,Two-Year,Individual,Electronic Check,66.2,2863.55,52816.0,4556.14,732.0,42.32,1.0,,3,41.31,1.0,1.0,No
CUST100564,52.0,Male,Central,Employed,High School,30.0,One-Year,Individual,Electronic Check,50.34,1542.3,85068.9,6923.61,728.0,101.29,1.0,8.0,1,104.37,1.0,9.0,No
CUST100758,49.0,Female,East,Employed,,13.0,Month-to-Month,Individual,Electronic Check,63.59,773.42,176536.55,14648.42,644.0,49.24,3.0,8.0,1,136.58,1.0,5.0,No
CUST100491,45.0,Female,West,Employed,High School,10.0,One-Year,Individual,Electronic Check,71.15,714.35,66834.93,,575.0,24.33,2.0,9.0,3,25.68,2.0,18.0,No
CUST101329,50.0,Female,West,Employed,Bachelor,53.0,Month-to-Month,Family,Credit Card,62.6,3409.03,40421.28,3501.44,717.0,47.7,0.0,9.0,1,88.22,0.0,1.0,No
CUST101911,47.0,Other,East,Employed,Master,20.0,Month-to-Month,Small Business,Credit Card,102.76,2037.97,38646.12,2933.02,750.0,87.82,16.0,6.0,3,33.64,2.0,,No
CUST101565,33.0,Female,North,Unemployed,PhD,51.0,Two-Year,Individual,Credit Card,44.02,2093.69,25230.02,2003.01,690.0,32.32,2.0,9.0,2,16.5,2.0,0.0,No
CUST100725,59.0,Male,West,Employed,High School,32.0,One-Year,Family,Credit Card,66.99,2220.62,68835.77,5908.7,621.0,33.62,0.0,9.0,4,47.85,1.0,,No
CUST100158,35.0,Male,East,Employed,Bachelor,58.0,One-Year,Family,Mailed Check,81.34,4140.65,18164.1,1465.06,668.0,17.15,0.0,8.0,2,33.45,1.0,27.0,No
CUST101599,28.0,Male,West,Self-Employed,Master,24.0,One-Year,Individual,Electronic Check,102.69,2323.5,58278.15,5040.22,706.0,52.31,1.0,8.0,1,111.7,1.0,,No
CUST100797,54.0,Male,South,Self-Employed,High School,4.0,Month-to-Month,Individual,Bank Transfer,50.97,213.54,,1860.62,768.0,116.97,1.0,7.0,1,10.18,2.0,25.0,Yes
CUST101417,,Male,North,Employed,High School,26.0,Two-Year,Small Business,Electronic Check,117.25,3392.04,65743.93,5496.73,769.0,22.34,1.0,8.0,2,67.66,1.0,1.0,No
CUST101267,49.0,Female,South,Employed,High School,6.0,Two-Year,Family,Electronic Check,63.85,337.96,33285.43,,737.0,,2.0,10.0,1,33.86,0.0,6.0,No
CUST100003,52.0,Male,South,Employed,Bachelor,19.0,Two-Year,Family,Mailed Check,111.27,1951.66,54112.01,4476.29,785.0,15.34,1.0,7.0,2,207.98,2.0,12.0,No
CUST100119,38.0,Female,West,Retired,Bachelor,22.0,One-Year,Family,Credit Card,92.97,2002.19,25478.46,2114.56,704.0,41.21,0.0,9.0,1,7.73,1.0,15.0,No
CUST100598,44.0,Female,North,Employed,High School,46.0,Two-Year,Family,Credit Card,67.88,3609.97,75148.1,6095.13,685.0,68.5,7.0,5.0,3,67.18,0.0,0.0,No
CUST101705,64.0,Male,North,Retired,PhD,3.0,One-Year,Small Business,Electronic Check,102.99,281.91,23410.31,1934.13,686.0,49.62,3.0,8.0,1,55.11,1.0,22.0,Yes
CUST101212,39.0,Male,East,Retired,Master,34.0,Month-to-Month,Family,Mailed Check,57.07,1760.34,86917.5,6911.58,679.0,,1.0,8.0,5,95.43,1.0,5.0,No
CUST101899,28.0,Male,North,Self-Employed,High School,16.0,One-Year,Small Business,Electronic Check,91.37,1424.27,35728.13,,,118.65,1.0,8.0,1,35.0,1.0,23.0,No
CUST101692,24.0,Female,West,Employed,High School,36.0,Month-to-Month,Family,Electronic Check,102.7,2990.79,37265.04,3153.61,737.0,105.3,3.0,7.0,3,36.32,1.0,8.0,No
CUST101697,69.0,Female,West,Unemployed,Bachelor,5.0,One-Year,Small Business,Electronic Check,75.74,410.13,34084.4,2890.25,630.0,27.27,2.0,6.0,2,109.82,2.0,22.0,No
CUST100074,43.0,Male,East,Employed,Bachelor,37.0,Month-to-Month,Family,Electronic Check,75.74,2543.8,94525.33,8205.78,635.0,21.05,,7.0,5,123.11,2.0,1.0,No
CUST100182,36.0,Male,North,Employed,High School,16.0,Month-to-Month,Family,Electronic Check,54.95,802.27,52544.77,4263.18,665.0,61.59,0.0,8.0,2,132.57,0.0,26.0,Yes
CUST101526,55.0,Male,North,Retired,Bachelor,22.0,Month-to-Month,Family,Credit Card,76.28,1781.83,,4953.57,728.0,23.27,1.0,8.0,3,67.47,0.0,42.0,Yes
CUST100431,47.0,Male,East,Unemployed,Master,45.0,Two-Year,Small Business,Credit Card,68.59,3087.78,56214.31,4646.12,648.0,42.13,1.0,10.0,2,30.97,0.0,10.0,No
CUST100576,57.0,Female,Central,Employed,Bachelor,9.0,Month-to-Month,Enterprise,,102.67,1022.89,61620.19,5468.68,683.0,34.19,0.0,8.0,1,172.54,0.0,4.0,No
CUST101704,44.0,Male,Central,Unemployed,High School,56.0,Two-Year,Family,Mailed Check,76.81,3794.09,44877.83,3573.81,576.0,31.67,1.0,8.0,1,43.0,1.0,13.0,No
CUST101283,51.0,Female,East,Employed,,13.0,One-Year,Family,Credit Card,80.58,999.19,28342.12,2303.6,668.0,37.54,0.0,9.0,1,31.06,0.0,,No
CUST101176,32.0,Female,East,Employed,High School,28.0,Month-to-Month,Small Business,Credit Card,131.16,,41828.3,3526.08,749.0,78.48,3.0,6.0,1,31.41,0.0,33.0,Yes
CUST100266,43.0,Male,West,Retired,High School,20.0,Month-to-Month,Individual,Credit Card,60.56,1320.86,47372.51,3788.37,607.0,76.08,2.0,9.0,1,43.39,2.0,18.0,Yes
CUST101073,22.0,Male,North,Employed,Bachelor,14.0,Month-to-Month,Small Business,Bank Transfer,87.15,1130.98,32159.71,2532.97,716.0,35.34,3.0,,2,28.46,1.0,14.0,Yes
CUST100124,51.0,Female,East,,Bachelor,30.0,One-Year,Family,Bank Transfer,77.54,2182.9,85570.29,6924.24,655.0,67.44,4.0,6.0,1,36.55,0.0,0.0,No
CUST100282,52.0,Male,West,,Bachelor,5.0,One-Year,Small Business,,108.4,475.36,51581.02,4291.67,839.0,39.08,3.0,8.0,1,21000.0,0.0,30.0,Yes
CUST100570,24.0,Female,South,Employed,Bachelor,66.0,Month-to-Month,Small Business,Electronic Check,97.64,5614.29,48367.83,4343.72,820.0,39.9,0.0,,1,33.66,2.0,25.0,Yes
CUST100433,19.0,Male,Central,Employed,High School,17.0,One-Year,Individual,Bank Transfer,68.43,1053.8,53650.42,4261.84,652.0,60.31,0.0,7.0,2,37.67,2.0,17.0,No
CUST100837,58.0,Female,East,Employed,Bachelor,32.0,One-Year,Enterprise,Bank Transfer,119.64,3952.86,20785.61,1682.59,700.0,39.67,2.0,8.0,1,12.03,2.0,5.0,No
CUST101420,38.0,Female,West,Employed,High School,19.0,Month-to-Month,Individual,Credit Card,79.1,1593.54,28017.45,2298.57,739.0,38.86,1.0,9.0,1,50.29,1.0,26.0,No
CUST101238,48.0,Male,South,Employed,High School,41.0,Month-to-Month,Small Business,Credit Card,56.09,2610.91,31831.73,2486.56,516.0,13.4,0.0,,1,16.83,3.0,16.0,Yes
CUST100418,40.0,Female,Central,Employed,Master,17.0,Month-to-Month,Individual,Credit Card,44.27,,66272.94,5256.5,640.0,52.53,3.0,9.0,1,67.14,3.0,9.0,No
CUST100574,43.0,Female,East,Employed,Bachelor,67.0,One-Year,Family,Mailed Check,71.46,4703.31,47182.85,3973.16,812.0,38.38,0.0,9.0,4,69.37,0.0,28.0,No
CUST101486,52.0,Male,Central,Employed,Bachelor,26.0,Month-to-Month,Individual,Electronic Check,78.73,1756.84,92416.26,7586.3,,40.01,1.0,9.0,1,90.33,0.0,23.0,Yes
CUST100541,31.0,Male,East,Employed,High School,19.0,Two-Year,Individual,Bank Transfer,74.34,1419.05,39366.27,,709.0,16.94,0.0,8.0,1,157.15,1.0,,No
CUST101045,31.0,Female,South,,Bachelor,22.0,Month-to-Month,Individual,Bank Transfer,59.06,1345.26,84356.71,7306.15,733.0,41.16,2.0,,3,250.5,0.0,23.0,No
CUST101731,41.0,Female,West,Employed,High School,15.0,Month-to-Month,Individual,Bank Transfer,111.12,1270.06,27614.06,2287.62,722.0,3.93,2.0,7.0,3,40.67,3.0,5.0,Yes
CUST101127,40.0,Female,Central,Self-Employed,High School,50.0,Two-Year,Family,Electronic Check,97.16,5059.4,149228.76,12288.12,773.0,31.06,0.0,10.0,3,212.16,1.0,26.0,No
CUST101947,30.0,Male,Central,Employed,Bachelor,32.0,Month-to-Month,Individual,Bank Transfer,61.54,1738.56,29876.95,2349.34,615.0,29.3,1.0,9.0,1,50.25,2.0,2.0,No
CUST101658,50.0,Female,West,Self-Employed,High School,38.0,Month-to-Month,Individual,Bank Transfer,61.84,2207.67,82033.44,6811.86,740.0,17.38,6.0,8.0,4,55.48,1.0,0.0,No
CUST101810,18.0,Male,Central,Unemployed,High School,31.0,One-Year,Individual,Credit Card,83.61,3172.88,24476.44,2040.24,740.0,44.62,3.0,7.0,1,22.18,0.0,16.0,No
CUST101410,36.0,Female,East,Employed,High School,16.0,Month-to-Month,Family,Electronic Check,98.54,1527.34,15827.29,1411.49,737.0,71.92,26.0,9.0,2,9.3,2.0,1.0,Yes
CUST100401,43.0,Male,South,Self-Employed,Bachelor,14.0,Month-to-Month,Small Business,Bank Transfer,67.21,904.88,21367.9,1702.34,633.0,61.52,2.0,7.0,1,30.38,1.0,32.0,Yes
CUST100057,59.0,Female,East,Retired,Master,23.0,Two-Year,Family,Electronic Check,100.82,2875.59,100339.18,8215.1,730.0,76.75,3.0,7.0,2,83.03,1.0,8.0,No
CUST101811,18.0,Female,East,Employed,Bachelor,62.0,Month-to-Month,Small Business,Mailed Check,109.74,6778.99,26583.66,2210.79,709.0,37.99,0.0,9.0,2,51.17,2.0,14.0,Yes
CUST100856,45.0,Female,South,Employed,Master,41.0,Two-Year,Individual,Bank Transfer,56.7,2020.53,,5573.32,707.0,18.33,2.0,8.0,3,60.21,1.0,6.0,No
CUST101276,34.0,Male,West,Employed,High School,18.0,Month-to-Month,Small Business,Electronic Check,105.97,1775.69,20377.59,1714.58,718.0,32.53,1.0,8.0,1,12.54,0.0,37.0,Yes
CUST100562,42.0,Male,North,Employed,Master,72.0,Month-to-Month,Family,Electronic Check,69.61,4433.24,48330.17,4072.5,677.0,30.34,3.0,9.0,4,28.4,1.0,9.0,No
CUST101480,46.0,Male,Central,Employed,Bachelor,14.0,Month-to-Month,Small Business,,93.13,1444.85,72400.69,6202.91,642.0,48.68,4.0,6.0,2,42.21,1.0,21.0,Yes
CUST100116,44.0,Male,South,Employed,Bachelor,17.0,One-Year,Individual,Credit Card,44.52,813.0,33921.58,2561.31,698.0,40.75,2.0,7.0,4,17.16,2.0,6.0,No
CUST100522,57.0,Male,North,Employed,Bachelor,30.0,One-Year,Family,Electronic Check,89.9,2761.68,88624.12,7823.21,658.0,49.28,2.0,8.0,3,71.54,2.0,11.0,Yes
CUST101052,42.0,Male,West,Employed,Bachelor,12.0,Month-to-Month,Small Business,Credit Card,89.21,1137.36,49195.5,,692.0,28.07,0.0,8.0,2,42.16,1.0,9.0,No
CUST101465,41.0,Female,North,Self-Employed,Bachelor,18.0,Month-to-Month,Enterprise,Credit Card,146.02,2390.43,12000.0,975.01,712.0,22.76,2.0,10.0,1,19.71,1.0,13.0,No
CUST100081,0.0,Male,East,Employed,Bachelor,21.0,Month-to-Month,Family,,76.01,1753.57,35686.26,2948.74,613.0,17.91,1.0,9.0,2,43.96,1.0,22.0,No
CUST101429,50.0,Female,West,Employed,,30.0,Month-to-Month,Family,Credit Card,80.14,2585.43,26525.07,2270.58,572.0,45.62,4.0,10.0,3,63.97,2.0,2.0,No
CUST101944,36.0,Other,East,Retired,Bachelor,7.0,Month-to-Month,Individual,Mailed Check,26.05,187.69,99058.71,8951.39,647.0,40.84,1.0,8.0,2,92.86,1.0,1.0,Yes
CUST101591,24.0,Female,South,,Bachelor,41.0,Month-to-Month,Family,Credit Card,100.38,4068.56,36771.72,3075.84,635.0,99.1,1.0,8.0,2,34.11,1.0,19.0,Yes
CUST100638,48.0,Female,West,Unemployed,Master,28.0,Month-to-Month,Family,Bank Transfer,74.47,1956.41,33682.1,2795.42,685.0,70.78,1.0,9.0,2,23.08,2.0,11.0,No
CUST100619,58.0,Female,East,Employed,High School,72.0,Two-Year,Family,Credit Card,65.54,4784.23,42427.12,3630.32,644.0,64.5,3.0,10.0,3,47.88,1.0,5.0,No
CUST101164,29.0,Male,North,Self-Employed,Master,40.0,Month-to-Month,Individual,Bank Transfer,78.28,2883.01,74683.06,6350.35,671.0,45.17,2.0,8.0,4,103.48,0.0,40.0,Yes
CUST101099,56.0,Female,South,Retired,High School,20.0,Month-to-Month,Individual,Mailed Check,62.86,1148.93,34182.19,2862.68,779.0,30.23,7.0,7.0,2,44.55,0.0,15.0,Yes
CUST100018,52.0,Male,East,Employed,Master,9.0,One-Year,Family,Bank Transfer,74.26,552.82,31214.86,2655.46,543.0,36.48,1.0,7.0,1,43.53,0.0,10.0,Yes
CUST101318,23.0,Female,Central,Unemployed,Bachelor,7.0,One-Year,Family,Bank Transfer,52.23,372.56,,3437.8,648.0,61.46,1.0,9.0,1,37.13,2.0,21.0,No
CUST100271,45.0,Male,Central,Employed,Master,14.0,Month-to-Month,Small Business,Electronic Check,69.68,,52665.2,4417.5,733.0,42.26,1.0,9.0,1,38.05,0.0,35.0,Yes
CUST101915,18.0,Male,North,Employed,Bachelor,58.0,One-Year,Family,Credit Card,115.16,7184.76,33697.38,2711.67,827.0,39.02,1.0,8.0,2,46.45,0.0,20.0,No
CUST100932,55.0,Female,North,Employed,Master,41.0,One-Year,Small Business,Bank Transfer,63.01,2985.45,30045.85,2523.36,719.0,14.75,2.0,7.0,1,21.31,1.0,2.0,No
CUST100694,31.0,Female,West,Employed,Bachelor,24.0,Month-to-Month,Family,Electronic Check,77.06,1761.3,29343.35,2520.27,617.0,70.81,1.0,8.0,3,38.85,1.0,16.0,No
CUST101079,58.0,Male,East,Employed,Master,32.0,One-Year,Individual,Bank Transfer,81.15,2430.15,29091.59,2452.0,712.0,88.76,1.0,7.0,1,101.0,1.0,23.0,No
CUST101268,49.0,Female,West,Self-Employed,Bachelor,19.0,One-Year,Individual,Electronic Check,82.89,1552.95,68474.82,,787.0,20.15,0.0,10.0,1,53.94,0.0,4.0,No
CUST100853,41.0,Female,Central,Self-Employed,High School,11.0,One-Year,Enterprise,Bank Transfer,140.2,1382.43,77152.64,6563.09,781.0,70.97,1.0,9.0,2,91.7,0.0,2.0,No
CUST100602,56.0,Female,North,Employed,High School,52.0,Month-to-Month,Small Business,,95.19,5063.47,24210.22,2079.15,657.0,28.44,0.0,9.0,2,69.58,0.0,43.0,Yes
CUST100998,43.0,Male,South,Employed,Bachelor,5.0,Month-to-Month,Small Business,Electronic Check,105.89,520.31,37746.81,3187.83,585.0,71.88,0.0,9.0,1,57.9,2.0,36.0,Yes
CUST101504,38.0,Female,East,Employed,High School,29.0,One-Year,Small Business,Bank Transfer,80.1,2425.74,65383.83,,628.0,9.44,3.0,9.0,2,100.9,0.0,3.0,No
CUST101043,42.0,Female,Central,Employed,Bachelor,49.0,One-Year,Family,Credit Card,90.01,4820.56,,8946.84,658.0,53.04,3.0,7.0,1,17650.75,1.0,2.0,No
CUST101923,,Male,West,Employed,High School,67.0,One-Year,Enterprise,Electronic Check,61.4,4345.26,90850.27,7677.31,551.0,13.71,0.0,7.0,2,56.06,1.0,10.0,No
CUST100583,28.0,Male,North,Employed,Bachelor,21.0,One-Year,Small Business,Bank Transfer,81.73,1821.88,36279.66,2989.15,611.0,38.81,2.0,7.0,1,115.52,3.0,0.0,No
CUST101177,43.0,Female,North,Employed,Bachelor,22.0,One-Year,Enterprise,Electronic Check,119.89,2571.92,25424.59,2158.2,742.0,69.06,2.0,7.0,1,25.26,0.0,13.0,Yes
CUST100177,43.0,Male,South,Employed,High School,20.0,Month-to-Month,Individual,Credit Card,41.67,865.97,42030.78,3310.01,698.0,56.91,1.0,9.0,3,68.89,1.0,19.0,No
CUST100787,39.0,Male,West,Employed,High School,12.0,Month-to-Month,Small Business,,113.13,1463.85,22938.92,1871.49,616.0,32.32,5.0,7.0,1,30.57,1.0,2.0,No
CUST100605,47.0,Other,Central,Self-Employed,High School,16.0,Month-to-Month,Enterprise,Bank Transfer,138.54,2118.56,71522.5,6039.29,472.0,41.18,0.0,8.0,4,84.38,2.0,,Yes
CUST100237,39.0,Male,East,Employed,Bachelor,55.0,One-Year,Individual,Bank Transfer,60.34,3927.07,15538.46,1319.52,,38.85,0.0,7.0,1,15.27,0.0,3.0,No
CUST100504,18.0,Male,South,Employed,Bachelor,39.0,Month-to-Month,Family,Electronic Check,60.71,2123.94,199464.02,3090.31,706.0,40.04,2.0,7.0,4,23.44,0.0,12.0,No
CUST100544,38.0,Male,Central,Employed,Bachelor,23.0,Month-to-Month,Family,Credit Card,80.8,1958.12,49809.93,4234.59,693.0,95.83,2.0,7.0,2,40.17,2.0,20.0,No
CUST100285,35.0,Female,North,Employed,High School,4.0,One-Year,Individual,Electronic Check,95.83,471.49,23987.67,1956.65,655.0,35.86,2.0,8.0,1,30.59,0.0,2.0,No
CUST101322,41.0,Female,West,Unemployed,Master,37.0,Month-to-Month,Individual,Credit Card,76.76,2561.55,39809.03,3379.47,686.0,37.23,1.0,8.0,1,39.31,0.0,12.0,Yes
CUST100028,46.0,Female,,Employed,Bachelor,12.0,Month-to-Month,Small Business,Bank Transfer,97.86,1160.85,112984.95,9331.93,745.0,31.78,0.0,10.0,1,470.56,0.0,17.0,Yes
CUST100904,34.0,Female,West,Retired,High School,29.0,Month-to-Month,Family,Mailed Check,97.52,2717.25,37092.87,3187.75,696.0,24.85,1.0,7.0,2,70.18,1.0,16.0,Yes
CUST101978,60.0,Female,Central,Employed,PhD,13.0,Month-to-Month,Enterprise,Credit Card,142.77,1819.87,23756.99,1983.1,625.0,84.82,3.0,7.0,1,24.02,1.0,16.0,Yes
CUST101604,37.0,Female,North,Self-Employed,,72.0,Month-to-Month,Family,Electronic Check,58.67,,20437.34,1701.59,576.0,71.66,3.0,9.0,1,32.42,2.0,6.0,No
CUST101444,39.0,Female,West,Employed,Master,47.0,Month-to-Month,Individual,Bank Transfer,83.18,3775.43,28361.66,2303.7,686.0,58.81,0.0,8.0,1,21.24,1.0,2.0,No
CUST100707,48.0,Female,South,Unemployed,Master,11.0,Month-to-Month,Individual,Credit Card,62.96,915.26,140776.14,11642.85,686.0,47.77,2.0,9.0,4,218.77,1.0,25.0,Yes
CUST101521,18.0,Female,West,Employed,High School,14.0,One-Year,Enterprise,Credit Card,81.74,1106.73,52788.9,4316.63,,51.8,3.0,8.0,4,47.77,1.0,20.0,No
CUST100862,40.0,Male,North,Unemployed,Master,11.0,Two-Year,Individual,Bank Transfer,56.34,601.72,46727.31,4004.9,701.0,27.98,3.0,7.0,3,71.09,0.0,5.0,No
CUST100903,60.0,Female,West,Self-Employed,Bachelor,25.0,Month-to-Month,Small Business,Bank Transfer,58.87,1448.42,96811.56,7719.62,658.0,37.17,2.0,8.0,4,74.53,1.0,4.0,No
CUST100721,55.0,Male,West,Unemployed,Master,18.0,Month-to-Month,Individual,Credit Card,72.88,1277.03,41986.55,3653.33,710.0,74.2,1.0,8.0,1,83.41,0.0,60.0,No
CUST100332,33.0,Female,North,Retired,Master,10.0,One-Year,Individual,Electronic Check,57.49,577.54,67115.25,,800.0,34.09,0.0,8.0,2,101.56,1.0,2.0,No
CUST100764,45.0,Male,East,Unemployed,Master,23.0,Month-to-Month,Small Business,Credit Card,77.98,,39239.17,3296.68,580.0,8.95,4.0,8.0,3,31.24,0.0,4.0,No
CUST101909,46.0,Male,East,Unemployed,Bachelor,9.0,Month-to-Month,Enterprise,Bank Transfer,105.06,720.84,51719.21,,752.0,24.3,2.0,9.0,4,49.34,0.0,15.0,No
CUST101081,39.0,Female,East,Employed,High School,21.0,One-Year,Individual,Electronic Check,50.56,1100.24,73744.92,6382.99,762.0,78.07,2.0,9.0,6,209.64,1.0,2.0,No
CUST100416,54.0,Female,South,Self-Employed,Bachelor,25.0,Month-to-Month,Individual,Bank Transfer,75.29,2128.79,59649.55,5046.66,633.0,30.04,0.0,7.0,4,92.8,2.0,10.0,Yes
CUST100789,39.0,Female,South,Employed,Bachelor,6.0,One-Year,Individual,Bank Transfer,43.38,292.6,55920.53,4402.0,828.0,65.77,1.0,8.0,1,87.76,0.0,18.0,No
CUST100144,31.0,Female,East,Self-Employed,Master,9.0,Month-to-Month,Individual,Bank Transfer,49.77,586.38,82293.24,6933.5,693.0,15.43,7.0,7.0,1,92.9,1.0,31.0,Yes
CUST100711,49.0,Female,South,Unemployed,High School,3.0,One-Year,Enterprise,Bank Transfer,129.87,317.09,79913.9,6637.15,710.0,55.28,,7.0,2,180.53,0.0,1.0,No
CUST100722,18.0,Female,East,Employed,PhD,53.0,One-Year,Individual,Bank Transfer,56.82,2741.46,43435.91,3499.28,763.0,23.81,3.0,9.0,2,85.04,1.0,1.0,No
CUST100488,31.0,Male,East,,Master,4.0,Two-Year,Individual,Electronic Check,61.15,213.14,298946.51,5218.92,615.0,50.16,2.0,8.0,2,66.11,1.0,1.0,No
CUST100561,45.0,Female,Central,Retired,,15.0,Two-Year,Individual,Mailed Check,56.37,812.73,48109.09,4352.94,492.0,79.72,0.0,9.0,3,51.89,2.0,11.0,No
CUST100673,25.0,Male,East,Self-Employed,Bachelor,5.0,Two-Year,Individual,Electronic Check,79.01,328.06,32706.25,2906.3,747.0,81.44,2.0,8.0,1,33.11,1.0,14.0,No
CUST100697,29.0,Male,West,Employed,High School,29.0,One-Year,Individual,Bank Transfer,68.34,2092.12,19416.36,1526.51,684.0,30.85,2.0,8.0,1,11.86,2.0,4.0,No
CUST101764,28.0,Female,West,Employed,Master,31.0,One-Year,Family,Bank Transfer,69.37,1975.62,32804.34,2777.43,740.0,24.41,1.0,8.0,2,24.26,0.0,1.0,No
CUST101228,48.0,Female,Central,Employed,Bachelor,57.0,Month-to-Month,Family,Bank Transfer,84.23,4656.36,62898.32,5130.14,695.0,29.97,1.0,8.0,2,166.15,1.0,2.0,No
CUST101730,40.0,Female,North,Employed,High School,52.0,Month-to-Month,Individual,Credit Card,65.41,2790.65,32046.83,2572.66,672.0,18.18,0.0,8.0,2,17.48,0.0,16.0,No
CUST101578,18.0,Female,East,Employed,Master,23.0,Two-Year,Family,Mailed Check,101.39,2122.84,74383.62,6470.29,619.0,36.53,,9.0,4,94.58,0.0,23.0,No
CUST100042,33.0,Male,East,Employed,High School,63.0,Two-Year,Family,Credit Card,85.84,5973.59,89433.08,7248.57,709.0,29.21,0.0,9.0,2,151.43,0.0,61.0,No
CUST100791,26.0,Female,North,,Bachelor,25.0,One-Year,Small Business,Electronic Check,101.32,2582.56,59845.99,,683.0,63.46,1.0,9.0,2,112.87,1.0,46.0,Yes
CUST100267,45.0,Male,South,Retired,High School,10.0,Month-to-Month,Individual,Mailed Check,38.91,407.0,43376.33,3635.93,784.0,114.77,1.0,8.0,3,19.16,1.0,34.0,Yes
CUST100674,51.0,Female,,Employed,High School,6.0,Month-to-Month,Small Business,Bank Transfer,102.16,619.77,42954.74,3511.56,676.0,32.91,3.0,7.0,3,30.45,4.0,2.0,Yes
CUST100273,66.0,Female,Central,Employed,High School,11.0,One-Year,Small Business,Bank Transfer,84.83,975.42,36381.42,3045.93,753.0,48.95,8.0,8.0,1,106.59,0.0,26.0,No
CUST101295,51.0,Male,South,Employed,High School,22.0,Month-to-Month,Individual,Bank Transfer,63.95,1432.23,66460.92,5698.9,692.0,91.85,5.0,9.0,3,89.01,1.0,4.0,No
CUST101014,,Male,North,Employed,Master,19.0,Two-Year,Individual,Credit Card,56.11,1080.7,33401.91,2865.09,535.0,32.98,0.0,8.0,4,34.99,0.0,1.0,No
CUST100681,49.0,Female,West,Employed,PhD,18.0,Month-to-Month,Individual,Electronic Check,53.95,807.79,25500.88,2224.16,796.0,18.0,2.0,9.0,1,104.48,0.0,31.0,No
CUST100865,51.0,Female,North,Unemployed,Bachelor,72.0,One-Year,Individual,Electronic Check,66.4,5269.94,50814.79,4179.52,582.0,33.63,1.0,8.0,1,44.52,0.0,3.0,No
CUST101013,21.0,Male,East,Self-Employed,High School,27.0,Month-to-Month,Individual,Credit Card,72.68,2312.21,46092.13,3880.98,664.0,36.04,1.0,10.0,3,55.79,0.0,5.0,No
CUST101148,53.0,Female,West,Employed,High School,8.0,Two-Year,Enterprise,Credit Card,121.42,1007.24,42276.47,3560.43,686.0,39.56,2.0,7.0,2,86.11,2.0,2.0,No
CUST100500,57.0,Male,South,Retired,Bachelor,9.0,Month-to-Month,Family,Bank Transfer,77.59,747.79,38683.6,3420.61,639.0,31.71,1.0,8.0,2,31.6,1.0,20.0,Yes
CUST101820,18.0,Male,South,Employed,Bachelor,61.0,Two-Year,Individual,Credit Card,34.62,2102.66,106264.5,9137.52,698.0,,4.0,8.0,2,225.93,2.0,11.0,No
CUST101822,56.0,Male,West,Employed,,23.0,Month-to-Month,Family,Bank Transfer,86.98,2162.28,53304.03,4679.35,776.0,39.13,0.0,9.0,4,39.92,1.0,13.0,No
CUST101316,39.0,Male,North,Unemployed,Bachelor,7.0,Month-to-Month,Family,Electronic Check,96.7,663.49,45921.62,3802.33,664.0,20.97,4.0,9.0,3,106.76,0.0,8.0,No
CUST101198,59.0,Male,South,Unemployed,High School,14.0,Month-to-Month,Family,,78.54,1129.23,82535.35,6532.99,758.0,,4.0,8.0,3,101.56,0.0,2.0,No
CUST101519,18.0,Other,Central,Employed,Bachelor,31.0,One-Year,Family,Bank Transfer,74.28,2176.81,56836.06,4936.14,645.0,104.22,1.0,7.0,4,54.64,1.0,22.0,No
CUST101223,50.0,Female,Central,Retired,,24.0,Two-Year,Enterprise,Bank Transfer,116.3,2620.67,34990.05,2724.98,665.0,10.63,16.0,7.0,2,108.6,2.0,24.0,Yes
CUST100763,49.0,Male,East,Employed,Master,29.0,Month-to-Month,Small Business,,71.38,2245.72,20758.51,1710.12,722.0,,2.0,8.0,1,8.41,0.0,19.0,Yes
CUST100704,54.0,Male,North,Self-Employed,Bachelor,72.0,Month-to-Month,Individual,Electronic Check,97.97,7642.37,46543.98,4015.8,711.0,21.51,9.0,7.0,2,128.56,0.0,16.0,No
CUST100053,37.0,Male,West,Self-Employed,Bachelor,72.0,Month-to-Month,Individual,Credit Card,81.61,5764.66,43319.99,3795.09,613.0,19.34,1.0,8.0,1,23.18,2.0,,Yes
CUST100313,46.0,Other,East,Employed,Master,12.0,Month-to-Month,Individual,Electronic Check,72.37,802.61,43171.46,3552.72,722.0,80.36,0.0,9.0,3,39.04,1.0,23.0,Yes
CUST101080,44.0,Male,North,Retired,PhD,24.0,Month-to-Month,Individual,Bank Transfer,15.0,348.36,70605.45,5756.36,592.0,47.2,1.0,9.0,4,48.65,2.0,11.0,Yes
CUST101720,54.0,Female,South,,Bachelor,40.0,One-Year,Family,Electronic Check,74.28,2887.11,16971.81,1361.77,564.0,8.95,1.0,8.0,1,19.46,3.0,3.0,Yes
CUST101457,42.0,Male,North,Employed,Bachelor,72.0,Two-Year,Small Business,Electronic Check,107.27,7496.42,37380.11,2974.51,650.0,32.51,2.0,8.0,3,44.42,2.0,12.0,No
CUST100222,43.0,Female,West,Unemployed,High School,72.0,Month-to-Month,Individual,Credit Card,64.09,4680.22,25709.26,2087.64,717.0,87.42,2.0,7.0,1,16.68,2.0,37.0,Yes
CUST100820,35.0,Male,North,Employed,Bachelor,12.0,One-Year,Enterprise,Electronic Check,88.52,969.17,43307.8,3827.33,,15.66,3.0,,1,31.67,3.0,18.0,No
CUST101876,50.0,Female,North,Employed,Bachelor,3.0,Two-Year,Individual,Bank Transfer,43.95,153.86,81238.66,6856.19,724.0,62.03,2.0,7.0,1,96.21,1.0,32.0,No
CUST101158,18.0,Female,East,Retired,Bachelor,16.0,Month-to-Month,Individual,Credit Card,109.4,1870.91,34132.28,2722.62,760.0,129.06,3.0,7.0,2,37.86,4.0,24.0,Yes
CUST100172,36.0,Female,North,Self-Employed,,29.0,One-Year,Family,Electronic Check,82.95,2419.54,45062.39,3900.0,672.0,50.58,17.0,7.0,1,103.45,0.0,4.0,No
CUST100988,37.0,Male,East,Employed,Master,61.0,Two-Year,Individual,Electronic Check,61.15,3534.73,35294.09,3028.34,760.0,102.57,0.0,,1,59.52,1.0,3.0,No
CUST101894,38.0,Male,Central,Self-Employed,Bachelor,65.0,One-Year,Individual,Credit Card,64.31,4102.11,28675.68,2320.3,726.0,,5.0,9.0,1,71.61,2.0,19.0,No
CUST101791,41.0,Female,Central,Employed,High School,2.0,One-Year,Enterprise,Electronic Check,121.13,221.27,42615.56,3559.01,534.0,38.07,0.0,10.0,1,28.73,2.0,13.0,Yes
CUST101580,55.0,Female,East,Employed,Bachelor,10.0,Month-to-Month,Family,Credit Card,69.01,667.48,99970.76,8148.46,685.0,14.95,3.0,10.0,3,82.44,2.0,9.0,No
CUST101490,34.0,Female,West,Retired,Bachelor,16.0,Month-to-Month,Small Business,Credit Card,67.96,1180.37,26646.5,2262.4,717.0,46.03,6.0,8.0,3,39.84,0.0,28.0,Yes
CUST100756,30.0,Female,North,Self-Employed,High School,38.0,Month-to-Month,Family,Credit Card,83.19,3067.11,37090.11,3091.21,720.0,54.05,2.0,9.0,1,73.36,2.0,28.0,No
CUST101596,45.0,Male,West,Retired,High School,27.0,Month-to-Month,Small Business,Electronic Check,93.8,2431.6,14723.61,1249.6,682.0,25.46,0.0,9.0,1,5.0,1.0,22.0,Yes
CUST100519,61.0,Female,North,,Bachelor,7.0,Month-to-Month,Small Business,Electronic Check,79.07,619.61,,4947.84,710.0,32.14,3.0,,3,117.82,0.0,1.0,No
CUST101955,29.0,Female,East,Employed,Bachelor,25.0,Month-to-Month,Individual,Electronic Check,39.78,995.37,27636.89,2323.09,724.0,35.44,1.0,7.0,3,38.21,1.0,27.0,Yes
CUST100221,44.0,Female,East,Employed,Master,31.0,One-Year,Enterprise,Credit Card,109.49,2663.18,209433.49,16555.06,563.0,21.86,,8.0,4,147.48,0.0,3.0,No
CUST100678,46.0,Male,East,Employed,Master,5.0,Month-to-Month,Individual,Bank Transfer,62.47,338.01,31391.49,2516.29,850.0,42.53,0.0,7.0,3,20.82,0.0,0.0,No
CUST100461,31.0,Female,South,Retired,Bachelor,6.0,One-Year,Family,Credit Card,94.78,572.88,35465.59,3029.76,701.0,34.0,3.0,,3,24.01,0.0,71.0,No
CUST101814,43.0,Male,South,Unemployed,Bachelor,28.0,Month-to-Month,Small Business,Electronic Check,98.44,2871.62,30848.45,2438.22,620.0,54.94,1.0,7.0,4,13.82,2.0,7.0,No
CUST100478,41.0,Female,Central,Employed,Bachelor,38.0,One-Year,Small Business,Electronic Check,111.84,4139.17,34915.02,2842.97,850.0,22.99,11.0,6.0,2,9.77,1.0,32.0,Yes
CUST100967,32.0,Female,North,Employed,Master,29.0,Two-Year,Individual,Credit Card,72.18,1766.96,14079.83,1299.64,720.0,71.45,1.0,9.0,1,25.36,1.0,19.0,Yes
CUST100943,55.0,Male,Central,Employed,High School,72.0,One-Year,Small Business,Bank Transfer,108.87,7721.34,35441.22,2931.63,720.0,53.51,1.0,7.0,1,20.06,2.0,2.0,No
CUST100958,41.0,Female,North,Employed,,10.0,Two-Year,Individual,Credit Card,80.28,821.25,59407.09,5185.1,778.0,17.1,3.0,7.0,1,46.22,1.0,,No
CUST100833,36.0,Female,South,Self-Employed,High School,31.0,Month-to-Month,Family,Bank Transfer,63.95,1721.0,25614.57,2140.78,672.0,72.5,2.0,9.0,1,34.62,0.0,4.0,No
CUST101617,20.0,Female,East,Self-Employed,High School,4.0,Month-to-Month,Family,Credit Card,94.35,361.53,57697.69,4632.75,814.0,40.48,0.0,8.0,1,111.13,1.0,39.0,Yes
CUST101735,52.0,Male,Central,Unemployed,,22.0,One-Year,Individual,Electronic Check,57.73,1164.93,38932.43,3062.43,649.0,54.2,1.0,8.0,1,94.34,2.0,15.0,Yes
CUST101765,39.0,Female,East,Employed,High School,7.0,One-Year,Enterprise,Credit Card,130.65,790.92,80943.87,6911.37,660.0,54.62,0.0,8.0,1,59.44,1.0,11.0,Yes
CUST100781,40.0,Male,North,Employed,Bachelor,2.0,One-Year,Small Business,Bank Transfer,82.06,181.26,50906.1,4587.28,695.0,12.79,1.0,8.0,3,97.42,2.0,12.0,No
CUST101018,37.0,Female,North,Employed,Master,8.0,Month-to-Month,Small Business,Credit Card,82.46,704.43,26146.46,2189.3,838.0,33.17,3.0,8.0,1,25.2,0.0,26.0,Yes
CUST101895,34.0,Male,West,Employed,Master,21.0,Month-to-Month,Individual,Electronic Check,70.75,1553.13,102559.56,8079.4,650.0,78.67,2.0,7.0,3,77.69,0.0,,Yes
CUST101670,40.0,Female,North,Employed,Bachelor,41.0,Month-to-Month,Individual,Electronic Check,62.42,2796.0,12769.24,1096.76,676.0,48.13,2.0,6.0,2,11.51,1.0,,Yes
CUST101575,26.0,Female,East,Employed,High School,42.0,Two-Year,Enterprise,Electronic Check,146.59,5709.13,21797.77,1818.89,633.0,40.13,1.0,9.0,1,24.01,0.0,52.0,No
CUST101042,49.0,Male,South,Employed,Master,50.0,Month-to-Month,Individual,Bank Transfer,63.73,3071.3,56025.06,4900.49,690.0,41.23,0.0,9.0,4,222.5,0.0,1.0,No
CUST100141,29.0,Female,North,Self-Employed,Bachelor,25.0,Two-Year,Individual,Electronic Check,56.42,1474.26,21244.54,1844.79,748.0,43.25,0.0,9.0,1,28.34,1.0,8.0,No
CUST101111,38.0,Male,South,Retired,Bachelor,65.0,Month-to-Month,Individual,Credit Card,59.35,3917.38,23991.97,2049.15,618.0,,4.0,7.0,1,61.72,0.0,10.0,Yes
CUST100412,33.0,Male,East,Self-Employed,Master,28.0,Month-to-Month,Small Business,Bank Transfer,91.22,2144.93,49300.48,4151.64,739.0,56.51,1.0,9.0,2,19.59,0.0,15.0,Yes
CUST100123,57.0,Male,East,,High School,12.0,One-Year,Individual,Mailed Check,53.88,678.46,49535.26,3949.32,784.0,97.45,2.0,8.0,2,152.46,0.0,,No
CUST101346,45.0,Female,South,Employed,Master,22.0,One-Year,Family,Bank Transfer,58.45,1296.47,43933.72,3776.9,621.0,138.8,1.0,8.0,1,112.53,1.0,13.0,No
CUST100994,40.0,Female,West,Retired,High School,32.0,Month-to-Month,Individual,Electronic Check,76.43,2242.26,25262.28,1854.84,,37.52,2.0,8.0,2,11.16,0.0,13.0,No
CUST100136,45.0,Other,North,Employed,Master,4.0,Two-Year,Family,Mailed Check,367.9,191.47,73373.99,6196.81,710.0,54.12,3.0,8.0,1,66.47,1.0,3.0,No
CUST100105,39.0,Female,South,Unemployed,Bachelor,23.0,One-Year,Enterprise,Bank Transfer,127.02,2863.86,56346.81,4855.75,665.0,42.2,2.0,9.0,2,111.92,1.0,12.0,No
CUST101716,34.0,Male,Central,Retired,High School,21.0,One-Year,Individual,Electronic Check,56.14,1237.55,100533.19,8762.07,686.0,70.36,1.0,8.0,5,45.91,1.0,19.0,No
CUST100025,37.0,,South,Retired,Bachelor,25.0,Two-Year,Individual,Electronic Check,91.51,2133.96,22232.93,1812.0,849.0,22.08,4.0,7.0,1,11.08,0.0,6.0,No
CUST100249,27.0,Male,West,Employed,Bachelor,21.0,Month-to-Month,Small Business,Credit Card,50.16,1038.69,60636.88,5051.62,555.0,23.58,0.0,9.0,2,70.56,1.0,42.0,Yes
CUST101798,34.0,Female,East,Self-Employed,Bachelor,45.0,One-Year,Enterprise,Credit Card,116.32,5571.01,75793.28,6442.89,531.0,16.49,1.0,6.0,3,89.61,1.0,3.0,No
CUST101196,26.0,Female,South,Employed,Bachelor,20.0,Month-to-Month,Enterprise,Credit Card,124.83,2172.19,26587.85,2258.18,673.0,20.83,2.0,9.0,3,25.27,1.0,4.0,No
CUST101914,55.0,,South,Retired,Bachelor,5.0,Month-to-Month,Individual,Credit Card,69.96,332.68,73995.02,5931.61,690.0,48.21,1.0,8.0,1,246.68,2.0,1.0,No
CUST100440,39.0,Male,South,Retired,Master,23.0,One-Year,Small Business,Bank Transfer,68.39,1607.34,19855.09,1685.59,670.0,18.97,2.0,7.0,3,11.41,1.0,23.0,No
CUST100405,38.0,Female,Central,Employed,PhD,8.0,One-Year,Enterprise,Bank Transfer,108.29,859.96,61445.41,5371.56,742.0,73.7,1.0,8.0,3,21.17,0.0,1.0,No
CUST101476,66.0,Female,South,Employed,Bachelor,33.0,Two-Year,Family,Electronic Check,38.25,1376.03,69696.27,5938.71,660.0,50.66,1.0,8.0,1,78.57,0.0,50.0,No
CUST101870,51.0,Male,East,Retired,High School,14.0,Month-to-Month,Family,Credit Card,77.98,969.85,43502.58,3667.85,723.0,59.33,2.0,7.0,3,124.34,2.0,32.0,Yes
CUST101168,36.0,Female,Central,Self-Employed,,12.0,Month-to-Month,Family,Credit Card,69.75,818.03,41747.98,3523.92,736.0,33.62,5.0,8.0,1,81.55,1.0,48.0,No
CUST101049,46.0,Male,Central,Self-Employed,High School,2.0,Month-to-Month,Small Business,Credit Card,87.06,208.91,,3853.67,609.0,38.18,1.0,9.0,1,93.28,6.0,4.0,Yes
CUST101141,18.0,Female,North,Employed,Master,25.0,Month-to-Month,Individual,Electronic Check,16.71,394.85,47637.95,4058.01,796.0,66.68,0.0,9.0,2,26.56,1.0,8.0,No
CUST101774,54.0,Female,South,Employed,Master,26.0,Two-Year,Enterprise,Credit Card,102.25,2816.17,55136.52,4435.22,702.0,74.81,2.0,7.0,2,25.1,0.0,18.0,No
CUST100106,30.0,Male,East,Self-Employed,Bachelor,54.0,One-Year,Individual,Electronic Check,63.13,3494.83,37045.69,,629.0,14.74,1.0,7.0,1,37.17,0.0,20.0,No
CUST101299,29.0,Female,South,Employed,,22.0,Month-to-Month,Family,Electronic Check,91.94,2218.84,62938.72,,783.0,96.14,2.0,6.0,1,54.29,2.0,13.0,Yes
CUST101149,53.0,Female,Central,Unemployed,Bachelor,16.0,One-Year,Small Business,Bank Transfer,99.24,1590.77,28877.5,2387.78,649.0,18.81,2.0,9.0,1,37.88,1.0,,No
CUST100858,18.0,Other,Central,Employed,Bachelor,54.0,Two-Year,Family,Credit Card,68.6,3953.41,39892.43,3168.18,701.0,15.9,0.0,,1,50.59,1.0,18.0,No
CUST101132,33.0,Male,North,Retired,Bachelor,67.0,Month-to-Month,Individual,Electronic Check,44.91,3160.76,31112.53,,632.0,50.52,,8.0,2,38.2,1.0,28.0,No
CUST101291,36.0,Female,West,Self-Employed,Bachelor,16.0,Month-to-Month,Individual,Electronic Check,37.19,,47277.79,4217.56,753.0,16.76,,6.0,1,98.61,1.0,19.0,No
CUST101727,35.0,Female,South,Employed,Bachelor,29.0,Two-Year,Small Business,Credit Card,93.41,2714.49,,2271.58,674.0,16.19,1.0,8.0,2,31.74,1.0,2.0,No
CUST100154,40.0,Female,North,Retired,High School,17.0,Month-to-Month,Enterprise,Credit Card,85.27,1391.31,130431.33,10903.93,687.0,67.66,1.0,9.0,1,183.59,0.0,6.0,No
CUST100986,24.0,Male,Central,Employed,Master,28.0,Month-to-Month,Enterprise,Electronic Check,137.89,,,4417.79,633.0,30.45,0.0,7.0,3,71.6,2.0,0.0,No
CUST101383,39.0,Female,Central,Self-Employed,Bachelor,51.0,Month-to-Month,Individual,Electronic Check,98.54,4967.7,54025.57,4693.76,663.0,18.66,2.0,6.0,5,71.07,0.0,32.0,Yes
CUST101983,38.0,Female,Central,Retired,Master,31.0,Month-to-Month,Enterprise,Bank Transfer,131.93,4025.86,61502.89,4901.65,632.0,42.08,5.0,9.0,1,43.97,1.0,24.0,Yes
CUST101167,63.0,Female,Central,Self-Employed,High School,17.0,Month-to-Month,Small Business,Mailed Check,100.83,1546.03,37127.44,3078.08,653.0,118.59,1.0,8.0,5,62.65,2.0,8.0,Yes
CUST100713,41.0,Female,North,,Bachelor,24.0,Two-Year,Family,Electronic Check,72.87,1991.68,66558.71,5820.21,696.0,56.32,1.0,8.0,4,93.17,1.0,13.0,No
CUST100310,55.0,Female,West,Employed,Master,12.0,Two-Year,Individual,Bank Transfer,40.4,506.36,69379.11,,706.0,30.88,7.0,8.0,3,68.55,1.0,3.0,No
CUST101965,47.0,Male,West,,Bachelor,58.0,One-Year,Family,Electronic Check,95.59,5647.82,44753.23,3931.18,721.0,21.39,3.0,7.0,1,42.59,2.0,7.0,No
CUST100916,58.0,Other,North,Employed,,26.0,One-Year,Family,Credit Card,64.82,1808.35,67772.1,5577.65,808.0,52.84,2.0,8.0,1,95.25,1.0,4.0,No
CUST100778,42.0,Female,West,Employed,Master,8.0,Month-to-Month,Family,Electronic Check,70.58,576.61,82305.39,6843.44,850.0,26.4,3.0,7.0,3,140.27,1.0,19.0,Yes
CUST100127,,Female,Central,Employed,Bachelor,38.0,One-Year,Family,Bank Transfer,104.8,3566.38,56798.94,4556.47,688.0,44.4,3.0,6.0,1,112.6,0.0,23.0,No
CUST101790,21.0,Male,North,Employed,High School,24.0,One-Year,Small Business,Mailed Check,42.88,1086.19,36155.75,3130.47,620.0,14.64,5.0,9.0,2,38.07,1.0,43.0,No
CUST101380,56.0,Female,West,Employed,Master,32.0,Two-Year,Small Business,Bank Transfer,125.57,4163.21,,4916.64,620.0,10.51,0.0,,2,45.89,0.0,18.0,No
CUST100686,50.0,Male,Central,Employed,Bachelor,0.0,Month-to-Month,Individual,Bank Transfer,87.35,73.34,108673.76,9208.74,710.0,41.48,2.0,8.0,2,158.17,2.0,8.0,Yes
CUST101156,41.0,Female,North,Employed,PhD,26.0,Month-to-Month,Small Business,Credit Card,62.65,1627.45,,5125.11,694.0,64.09,2.0,10.0,1,13.05,0.0,9.0,No
CUST100560,40.0,Male,South,Employed,Bachelor,4.0,Month-to-Month,Individual,Credit Card,65.55,253.21,25536.6,2162.34,627.0,16.45,17.0,,4,43.15,3.0,24.0,Yes
CUST100689,36.0,Male,Central,Employed,Master,22.0,Month-to-Month,Individual,Mailed Check,81.89,1785.67,74211.84,6516.89,731.0,86.28,1.0,8.0,3,58.76,0.0,,Yes
CUST101605,57.0,Male,Central,Unemployed,Master,10.0,Month-to-Month,Individual,Bank Transfer,75.71,802.26,68217.98,5709.53,617.0,37.24,2.0,7.0,2,25.25,1.0,2.0,No
CUST100043,44.0,Female,North,Employed,Bachelor,7.0,Two-Year,Individual,Credit Card,38.41,236.32,23341.7,1998.93,747.0,61.26,2.0,7.0,1,9.98,1.0,0.0,No
CUST100456,54.0,Female,East,Employed,Master,27.0,Month-to-Month,Small Business,Credit Card,98.31,2167.81,88195.76,7192.56,781.0,3.32,0.0,9.0,5,120.89,0.0,46.0,Yes
CUST101355,47.0,Male,West,Employed,Bachelor,19.0,Month-to-Month,Family,Credit Card,61.76,1206.25,104345.3,8382.75,768.0,17.35,1.0,7.0,3,276.16,0.0,24.0,No
CUST101974,25.0,Female,,Self-Employed,Bachelor,47.0,Month-to-Month,Individual,Credit Card,34.71,1761.44,23326.41,1893.14,650.0,63.59,4.0,,2,3521.69,1.0,9.0,No
CUST101376,48.0,Male,East,Employed,,25.0,Month-to-Month,Small Business,Electronic Check,106.05,2991.48,39180.01,3159.45,594.0,26.77,4.0,8.0,2,54.91,1.0,38.0,Yes
CUST101293,18.0,Male,Central,Employed,Bachelor,38.0,Two-Year,Enterprise,Electronic Check,153.43,5422.71,30069.39,2633.65,644.0,16.38,16.0,8.0,4,19.9,1.0,19.0,No
CUST100201,58.0,Male,Central,Retired,High School,16.0,Month-to-Month,Individual,Bank Transfer,65.64,918.53,59741.14,4628.89,604.0,51.55,1.0,7.0,2,54.25,2.0,9.0,No
CUST101532,53.0,Male,West,Employed,Bachelor,18.0,Month-to-Month,Individual,Mailed Check,81.13,1291.81,60387.09,5004.71,736.0,35.71,,8.0,1,59.17,1.0,3.0,No
CUST101254,32.0,Male,North,Self-Employed,High School,37.0,One-Year,Individual,Bank Transfer,77.03,2562.52,37004.11,3121.17,699.0,91.34,16.0,7.0,1,34.99,0.0,0.0,No
CUST101754,54.0,Male,South,Employed,Bachelor,28.0,One-Year,Enterprise,Electronic Check,131.11,3716.82,29329.74,2400.68,659.0,25.5,1.0,8.0,2,20.26,3.0,2.0,No
CUST100870,44.0,Male,West,Retired,High School,61.0,One-Year,Small Business,Electronic Check,63.09,4018.33,30851.75,2535.91,707.0,18.87,12.0,6.0,2,21.33,1.0,2.0,No
CUST101347,32.0,Other,Central,Employed,Bachelor,16.0,Two-Year,Family,Electronic Check,68.15,1018.75,93230.88,,586.0,15.3,3.0,7.0,4,83.72,1.0,9.0,No
CUST100587,31.0,Female,South,Retired,High School,10.0,Month-to-Month,Individual,Bank Transfer,78.69,796.19,37084.13,3040.08,615.0,15.62,4.0,,1,32.78,2.0,32.0,Yes
CUST101477,24.0,Male,East,Employed,High School,29.0,One-Year,Individual,Electronic Check,77.82,2217.76,13954.38,1106.63,826.0,73.23,1.0,9.0,2,15.02,0.0,28.0,No
CUST100662,30.0,Male,East,,High School,69.0,One-Year,Enterprise,Electronic Check,108.28,6172.55,46786.52,3734.15,665.0,47.66,2.0,8.0,3,29.49,0.0,,No
CUST100654,48.0,Female,West,Employed,High School,19.0,Month-to-Month,Family,Credit Card,82.97,1486.15,71302.8,5775.15,693.0,97.71,1.0,9.0,1,83.45,3.0,3.0,Yes
CUST100991,,Female,Central,Employed,Master,16.0,Month-to-Month,Small Business,Bank Transfer,63.44,938.74,26842.76,2220.33,715.0,,1.0,9.0,1,49.76,0.0,14.0,Yes
CUST101721,24.0,Female,South,,High School,56.0,Month-to-Month,Family,Credit Card,72.49,3913.44,53160.85,4260.23,686.0,6.1,0.0,9.0,1,93.64,2.0,10.0,No
CUST100365,59.0,Female,South,,,9.0,Two-Year,Family,,101.76,1048.25,69624.48,5851.99,665.0,14.08,0.0,9.0,4,39.28,1.0,4.0,No
CUST101392,34.0,Male,North,Employed,,72.0,Month-to-Month,Individual,Credit Card,65.24,4568.71,100626.34,8287.14,578.0,52.32,2.0,8.0,2,46.8,0.0,12.0,No
CUST100838,63.0,Male,South,Unemployed,High School,8.0,Month-to-Month,Small Business,Bank Transfer,113.21,920.47,12000.0,971.67,705.0,21.89,1.0,8.0,2,9.28,1.0,2.0,No
CUST100568,48.0,Female,East,Employed,High School,-1.0,Month-to-Month,Individual,Credit Card,90.28,1665.4,118323.48,9681.7,708.0,21.42,4.0,8.0,1,224.33,1.0,26.0,No
CUST101859,24.0,Male,East,Retired,Bachelor,16.0,One-Year,Family,Electronic Check,89.09,1378.11,70000.89,5840.33,594.0,26.67,2.0,8.0,3,82.03,2.0,48.0,Yes
CUST100854,44.0,Male,West,Retired,High School,32.0,One-Year,Family,Electronic Check,69.61,2166.46,19651.08,1784.02,592.0,177.08,4.0,7.0,1,12.64,1.0,0.0,No
CUST100126,59.0,Male,West,Employed,Bachelor,6.0,Month-to-Month,Family,Bank Transfer,74.68,463.33,64378.1,5143.99,721.0,54.09,2.0,6.0,3,194.56,0.0,15.0,No
CUST100580,18.0,Male,West,Retired,High School,48.0,One-Year,Small Business,Credit Card,80.33,3808.45,76694.04,6672.16,779.0,12.5,2.0,8.0,2,103.87,0.0,11.0,No
CUST101782,18.0,Male,South,Employed,,13.0,One-Year,Individual,Electronic Check,49.78,667.49,39078.33,3510.71,716.0,15.12,9.0,,2,60.11,0.0,1.0,No
CUST101462,31.0,Female,South,Retired,High School,71.0,Month-to-Month,Individual,Electronic Check,69.17,5303.26,53952.96,4338.1,764.0,27.18,2.0,9.0,1,51.94,0.0,11.0,No
CUST101404,34.0,Female,East,Employed,Bachelor,4.0,Two-Year,Family,Bank Transfer,98.21,402.21,38679.01,3234.22,590.0,59.5,1.0,,2,75.76,1.0,7.0,No
CUST101700,27.0,Female,North,Self-Employed,Master,65.0,Two-Year,Small Business,Credit Card,82.89,,108805.16,8923.53,733.0,56.68,3.0,7.0,3,117.46,0.0,31.0,No
CUST100482,42.0,Female,West,Employed,Bachelor,20.0,One-Year,Individual,Credit Card,71.9,1435.63,41543.81,3366.16,774.0,105.07,4.0,8.0,3,40.39,1.0,7.0,No
CUST100546,43.0,Female,East,Self-Employed,High School,25.0,Month-to-Month,Family,Bank Transfer,84.91,2230.93,38886.27,3357.55,574.0,21.61,0.0,,1,50.69,2.0,16.0,Yes
CUST100709,49.0,Female,Central,Employed,High School,17.0,Month-to-Month,Individual,Credit Card,75.12,1184.0,14514.37,1174.03,601.0,36.3,0.0,8.0,1,8.29,0.0,56.0,Yes
CUST101800,41.0,Female,Central,Employed,Bachelor,9.0,Month-to-Month,Family,Electronic Check,98.71,975.43,104424.0,8924.63,579.0,25.62,2.0,9.0,3,83.98,0.0,1.0,No
CUST100234,32.0,Female,West,Employed,High School,18.0,Two-Year,Enterprise,Mailed Check,133.25,2587.97,121996.27,10316.89,776.0,17.14,1.0,,3,81.69,1.0,12.0,No
CUST101954,44.0,Male,West,Retired,Bachelor,25.0,Two-Year,Individual,Bank Transfer,55.8,1305.09,64792.0,5354.52,763.0,63.53,2.0,7.0,4,127.75,1.0,0.0,No
CUST100131,24.0,Male,East,Self-Employed,Bachelor,4.0,Two-Year,Individual,Bank Transfer,53.2,191.68,43646.17,3850.64,781.0,21.11,1.0,7.0,3,94.43,3.0,,No
CUST100637,28.0,Male,West,Self-Employed,Master,5.0,Month-to-Month,Family,Credit Card,58.37,325.07,31386.49,2503.08,617.0,75.9,1.0,9.0,1,42.07,1.0,35.0,Yes
CUST100224,42.0,Female,West,Employed,Bachelor,35.0,Month-to-Month,Individual,Bank Transfer,33.39,1121.87,53264.84,4490.81,710.0,27.52,0.0,7.0,1,51.38,0.0,6.0,No
CUST100062,43.0,Other,West,Employed,Master,20.0,Month-to-Month,Family,Electronic Check,88.2,1822.95,97412.94,8753.65,811.0,44.28,1.0,9.0,2,93.25,0.0,7.0,Yes
CUST100101,57.0,Male,North,Unemployed,High School,11.0,Month-to-Month,Individual,Electronic Check,90.58,989.43,37658.12,3065.76,715.0,18.74,2.0,7.0,2,90.45,0.0,12.0,No
CUST101927,29.0,Female,East,Employed,,15.0,Month-to-Month,Individual,Mailed Check,51.33,747.82,,5475.91,753.0,39.55,1.0,8.0,1,38.35,1.0,13.0,Yes
CUST101133,58.0,Male,East,Retired,Master,13.0,One-Year,Enterprise,Bank Transfer,116.19,1532.75,59821.0,4985.69,510.0,15.21,1.0,7.0,1,61.72,2.0,30.0,Yes
CUST100300,62.0,Male,Central,Self-Employed,Bachelor,4.0,Month-to-Month,Individual,Bank Transfer,95.82,391.93,63545.66,5331.75,558.0,54.57,0.0,,1,106.74,0.0,2.0,No
CUST100716,22.0,Female,East,Self-Employed,High School,7.0,One-Year,Individual,Bank Transfer,65.38,498.93,99272.89,8360.62,734.0,21.38,1.0,10.0,3,205.07,0.0,13.0,No
CUST100260,38.0,Male,North,Employed,High School,19.0,Month-to-Month,Individual,Credit Card,71.85,1307.4,,14723.87,521.0,74.62,3.0,8.0,2,116.88,0.0,6.0,Yes
CUST101970,38.0,Female,North,Employed,High School,28.0,Month-to-Month,Family,Credit Card,86.35,2184.69,31608.97,2509.18,782.0,67.52,0.0,10.0,2,49.05,0.0,11.0,No
CUST101039,49.0,Female,Central,Self-Employed,High School,50.0,Month-to-Month,Individual,Electronic Check,92.09,4352.56,32716.08,2606.25,640.0,31.28,0.0,,1,23.8,1.0,9.0,No
CUST101871,34.0,Female,West,Retired,Bachelor,31.0,Two-Year,Individual,Credit Card,98.39,3123.31,43314.41,3759.4,617.0,60.81,5.0,,2,53.3,2.0,0.0,No
CUST100908,42.0,Female,Central,Self-Employed,PhD,54.0,One-Year,Individual,Electronic Check,51.86,2469.89,35209.93,3090.36,783.0,16.54,0.0,9.0,1,74.9,0.0,19.0,No
CUST100809,44.0,Female,North,Employed,Bachelor,3.0,One-Year,Individual,Bank Transfer,59.4,178.78,44861.48,3626.81,759.0,59.07,2.0,8.0,4,42.5,1.0,6.0,No
CUST100287,42.0,Female,North,Employed,High School,44.0,One-Year,Family,Bank Transfer,93.28,3975.51,54143.55,,752.0,54.36,2.0,9.0,3,62.31,1.0,5.0,No
CUST101921,53.0,Female,West,Employed,Bachelor,47.0,Month-to-Month,Small Business,Electronic Check,105.3,5620.1,18229.13,1499.4,692.0,30.95,2.0,7.0,1,33.83,0.0,23.0,Yes
CUST101089,38.0,Female,Central,Employed,High School,41.0,One-Year,Individual,Electronic Check,57.7,2123.15,79142.99,6027.97,530.0,56.92,2.0,9.0,2,80.68,1.0,14.0,No
CUST101629,54.0,Female,East,Employed,Bachelor,14.0,Month-to-Month,Small Business,Electronic Check,109.16,1782.94,39140.55,3101.22,721.0,40.65,1.0,8.0,2,61.59,0.0,1.0,No
CUST101153,34.0,Male,West,Self-Employed,High School,27.0,Month-to-Month,Individual,Electronic Check,60.47,1665.71,69401.49,5444.64,669.0,24.98,1.0,7.0,1,79.62,2.0,13.0,No
CUST100849,53.0,Other,West,Employed,Bachelor,14.0,Month-to-Month,Family,Credit Card,104.84,1464.69,34597.96,2956.33,720.0,39.21,1.0,8.0,2,34.52,2.0,11.0,Yes
CUST101936,41.0,Male,East,Retired,High School,72.0,Month-to-Month,Individual,Credit Card,33.45,2478.69,33493.34,2750.42,613.0,39.59,1.0,8.0,4,117.84,1.0,8.0,Yes
CUST101078,34.0,Male,East,Retired,Bachelor,28.0,One-Year,Family,Credit Card,61.65,1610.86,35944.08,2956.7,709.0,35.75,1.0,7.0,1,28.52,0.0,9.0,No
CUST100411,18.0,Female,North,Employed,PhD,42.0,Two-Year,Family,Electronic Check,108.58,4690.58,31038.59,2590.83,677.0,15.64,5.0,7.0,1,25.53,0.0,3.0,No
CUST100376,39.0,Male,North,Employed,Master,48.0,One-Year,Individual,Credit Card,88.14,3835.64,34757.27,2860.78,715.0,30.64,2.0,8.0,1,89.32,0.0,6.0,No
CUST100262,44.0,Male,South,Retired,Bachelor,13.0,One-Year,Small Business,Credit Card,102.35,1300.51,41746.36,3430.07,673.0,21.88,2.0,8.0,1,30.01,0.0,5.0,No
CUST101174,40.0,Male,North,Employed,High School,15.0,One-Year,Small Business,Bank Transfer,90.14,1476.6,27549.37,2485.02,693.0,48.6,1.0,8.0,1,31.47,1.0,25.0,Yes
CUST101812,44.0,Male,East,Employed,Bachelor,24.0,One-Year,Family,Electronic Check,55.67,1370.9,115795.13,9146.69,650.0,22.86,1.0,9.0,4,190.0,0.0,10.0,No
CUST100630,60.0,Female,North,Employed,Bachelor,49.0,One-Year,Individual,Electronic Check,86.41,4096.61,111700.17,9185.49,796.0,71.94,5.0,8.0,1,318.02,1.0,2.0,No
CUST100724,30.0,Other,West,Employed,High School,51.0,Month-to-Month,Individual,Bank Transfer,75.06,3590.39,29253.15,2395.91,555.0,39.85,1.0,10.0,1,66.28,0.0,35.0,Yes
CUST101008,50.0,Female,North,Employed,Master,15.0,One-Year,Individual,,74.79,1169.0,16218.61,1367.52,628.0,14.93,3.0,,2,12.55,0.0,2.0,Yes
CUST100366,32.0,Other,North,Unemployed,Bachelor,10.0,One-Year,Family,Bank Transfer,80.72,799.78,43410.73,3865.74,673.0,14.05,0.0,9.0,2,18.61,1.0,25.0,No
CUST100012,42.0,Male,Central,,High School,13.0,Month-to-Month,Individual,,55.85,725.62,34206.01,2891.19,677.0,12.31,3.0,,1,53.62,1.0,30.0,Yes
CUST100129,30.0,,West,Employed,High School,72.0,Month-to-Month,Individual,Credit Card,67.43,4364.23,57332.55,4944.43,645.0,,3.0,,2,140.14,0.0,0.0,No
CUST101561,43.0,Male,North,Unemployed,Bachelor,43.0,Two-Year,Small Business,Bank Transfer,88.56,3763.27,38944.42,3400.09,635.0,52.26,5.0,,3,43.04,1.0,2.0,No
CUST100509,47.0,Male,South,Employed,Master,19.0,Month-to-Month,Family,Bank Transfer,94.56,1765.74,22510.46,1958.08,537.0,58.88,0.0,8.0,1,182.1,2.0,2.0,No
CUST100898,47.0,Male,Central,Self-Employed,,6.0,One-Year,Enterprise,Credit Card,120.8,734.93,55239.32,4847.52,691.0,57.4,0.0,8.0,2,17.46,2.0,6.0,No
CUST101159,24.0,Female,North,Self-Employed,,15.0,Month-to-Month,Individual,Bank Transfer,47.32,622.63,55542.0,4683.81,729.0,71.49,3.0,8.0,1,36.5,1.0,,No
CUST101331,28.0,Male,South,Employed,PhD,20.0,One-Year,Small Business,Bank Transfer,112.61,,26391.35,2241.73,770.0,22.32,1.0,7.0,1,35.03,1.0,6.0,No
CUST101423,58.0,Male,East,Unemployed,Bachelor,26.0,One-Year,Individual,Credit Card,92.56,2593.32,,3252.86,,25.8,2.0,9.0,2,16.22,0.0,3.0,No
CUST101590,24.0,Male,,Employed,High School,20.0,Month-to-Month,Individual,Electronic Check,60.89,1158.33,20307.02,1720.5,805.0,43.17,3.0,8.0,2,7.41,0.0,15.0,No
CUST101463,47.0,Female,West,Self-Employed,Bachelor,5.0,Month-to-Month,Small Business,Electronic Check,68.49,325.48,43785.51,3698.73,668.0,43.72,1.0,10.0,2,75.02,2.0,25.0,Yes
CUST100597,51.0,Female,East,Employed,High School,29.0,Month-to-Month,Individual,Bank Transfer,52.96,1445.63,45161.23,3805.35,782.0,33.01,,8.0,2,38.82,0.0,16.0,No
CUST101598,60.0,Male,South,Self-Employed,High School,7.0,Month-to-Month,Small Business,Credit Card,94.21,705.33,24700.45,2112.41,643.0,28.2,2.0,8.0,2,63.06,0.0,13.0,Yes
CUST100372,51.0,Female,North,Employed,Master,14.0,Month-to-Month,Individual,Mailed Check,57.09,782.83,45434.25,3616.9,669.0,20.5,2.0,8.0,2,47.95,2.0,33.0,Yes
CUST100038,31.0,Male,South,Employed,,24.0,Month-to-Month,Individual,Credit Card,60.23,1407.93,26982.57,2219.89,517.0,10.86,0.0,8.0,1,23.82,0.0,15.0,Yes
CUST101308,18.0,,West,Employed,Bachelor,20.0,Month-to-Month,Individual,Mailed Check,74.88,1407.8,49489.47,4112.85,679.0,39.65,1.0,10.0,2,125.66,0.0,19.0,No
CUST100993,57.0,Male,Central,Retired,Bachelor,23.0,Two-Year,Family,Credit Card,63.81,1642.99,69657.55,5774.62,754.0,75.47,0.0,9.0,3,60.81,1.0,,No
CUST100076,36.0,Male,West,Employed,Bachelor,34.0,Month-to-Month,Individual,Electronic Check,71.57,,151749.09,12491.84,632.0,25.06,1.0,8.0,1,128.82,2.0,6.0,Yes
CUST101748,35.0,Male,North,Employed,High School,36.0,Month-to-Month,Family,Credit Card,67.34,2530.51,78409.6,6263.69,735.0,137.58,1.0,8.0,5,128.49,2.0,23.0,No
CUST101904,48.0,Male,West,Retired,Bachelor,23.0,Month-to-Month,Individual,Credit Card,57.09,1282.84,29965.38,2707.65,662.0,39.43,2.0,8.0,1,58.36,4.0,57.0,No
CUST100301,23.0,Female,West,,Bachelor,1.0,One-Year,Individual,Credit Card,52.96,106.69,,4617.93,762.0,30.79,0.0,7.0,1,130.96,1.0,32.0,No
CUST100752,29.0,Male,East,Employed,Bachelor,5.0,Month-to-Month,Individual,Credit Card,95.65,,46414.53,3747.46,641.0,57.27,2.0,8.0,1,46.31,0.0,16.0,Yes
CUST101840,34.0,Male,North,Employed,Master,18.0,Month-to-Month,Individual,Credit Card,62.19,1072.45,102497.41,8598.6,850.0,20.48,3.0,8.0,4,53.84,1.0,30.0,Yes
CUST101178,45.0,Female,North,Employed,Bachelor,4.0,Month-to-Month,Family,Mailed Check,36.13,162.81,12000.0,1056.02,646.0,10.77,0.0,9.0,1,7.11,1.0,21.0,Yes
CUST100214,37.0,Male,South,Employed,Bachelor,20.0,Month-to-Month,Family,Bank Transfer,68.33,1452.09,60454.5,4957.33,696.0,65.17,7.0,,1,15.49,1.0,7.0,No
CUST101865,43.0,Female,Central,Retired,High School,14.0,Two-Year,Small Business,,130.25,1687.39,58224.9,4885.7,730.0,24.83,6.0,8.0,1,51.03,2.0,8.0,No
CUST100338,55.0,Male,East,Unemployed,High School,18.0,Month-to-Month,Small Business,Electronic Check,79.7,1358.18,24746.28,2117.27,676.0,25.04,1.0,8.0,1,23.23,1.0,22.0,Yes
CUST100258,39.0,Female,South,Employed,Bachelor,12.0,One-Year,Family,Electronic Check,80.23,947.71,52899.7,4613.73,708.0,20.85,0.0,9.0,3,64.59,1.0,21.0,No
CUST101194,64.0,Male,East,Retired,,4.0,One-Year,Individual,Credit Card,100.27,417.58,45686.51,3621.02,788.0,108.61,0.0,8.0,2,50.18,1.0,15.0,No
CUST101216,19.0,Female,East,Unemployed,High School,45.0,Month-to-Month,Small Business,Bank Transfer,120.63,5522.93,35913.09,2925.84,743.0,,4.0,6.0,1,52.12,1.0,10.0,Yes
CUST100566,39.0,Female,South,Employed,Bachelor,22.0,One-Year,Family,Electronic Check,98.4,2335.28,77382.59,5922.01,625.0,37.75,0.0,10.0,1,110.66,1.0,2.0,No
CUST101300,42.0,Female,North,Employed,Bachelor,4.0,Month-to-Month,Individual,Credit Card,77.4,296.94,57297.17,4831.6,807.0,43.2,,7.0,1,53.66,0.0,1.0,No
CUST101393,47.0,Male,Central,Employed,,6.0,One-Year,Individual,Bank Transfer,45.98,282.43,64664.33,5521.77,,37.1,1.0,8.0,2,76.43,1.0,30.0,No
CUST101724,55.0,Female,West,Self-Employed,,20.0,Two-Year,Individual,Bank Transfer,61.69,1281.89,43286.46,3342.95,719.0,15.49,3.0,8.0,1,66.28,1.0,13.0,No
CUST100423,23.0,Female,Central,Retired,Bachelor,45.0,Month-to-Month,Individual,Credit Card,63.65,2751.21,221359.16,18751.15,679.0,31.8,2.0,8.0,6,208.45,0.0,11.0,No
CUST101391,59.0,Male,Central,Employed,,11.0,One-Year,Individual,Electronic Check,72.79,874.7,92899.58,7564.94,536.0,60.08,2.0,9.0,4,123.48,2.0,4.0,No
CUST100100,36.0,Female,South,Self-Employed,Bachelor,31.0,Two-Year,Small Business,Electronic Check,107.18,3294.2,22438.59,1803.44,701.0,51.73,1.0,7.0,2,22.53,0.0,14.0,No
CUST100308,48.0,Female,North,Employed,High School,47.0,Month-to-Month,Enterprise,Credit Card,105.35,5699.46,67500.23,5235.79,735.0,7.08,2.0,8.0,2,120.81,1.0,8.0,Yes
CUST100730,46.0,Male,North,Employed,High School,15.0,Month-to-Month,Small Business,Electronic Check,77.38,,57934.44,5181.22,831.0,41.83,3.0,7.0,3,77.89,1.0,13.0,Yes
CUST100628,29.0,Male,South,Employed,High School,64.0,Two-Year,Individual,Credit Card,52.9,3505.35,30323.25,2595.71,595.0,19.33,2.0,9.0,1,15.39,0.0,3.0,No
CUST100970,38.0,Female,South,Retired,Master,26.0,Month-to-Month,Individual,Electronic Check,91.59,2454.51,40587.32,3241.51,635.0,,0.0,7.0,3,40.03,0.0,4.0,No
CUST101981,34.0,Female,North,Employed,Master,18.0,One-Year,Family,Credit Card,22.18,431.92,38300.45,3109.8,541.0,48.24,1.0,9.0,1,14.33,1.0,,No
CUST101155,42.0,Female,South,Employed,High School,25.0,Month-to-Month,Family,Bank Transfer,95.23,2189.89,69617.93,5967.26,636.0,27.31,3.0,7.0,3,51.23,1.0,24.0,Yes
CUST100481,58.0,,West,,Master,7.0,One-Year,Family,Credit Card,89.4,628.11,28189.18,2405.79,628.0,23.2,2.0,6.0,1,44.05,1.0,14.0,Yes
CUST100736,50.0,Male,Central,Employed,High School,8.0,Two-Year,Small Business,Bank Transfer,119.66,921.44,29955.51,2506.45,,20.42,2.0,8.0,2,43.07,0.0,10.0,No
CUST100037,31.0,Female,West,Employed,High School,9.0,Month-to-Month,Family,Credit Card,47.91,424.03,,,548.0,43.64,,9.0,2,22.96,2.0,1.0,No
CUST101269,48.0,Male,South,Employed,,29.0,Month-to-Month,Family,Bank Transfer,86.62,2699.05,62755.12,,687.0,19.71,1.0,8.0,3,75.69,1.0,12.0,No
CUST100653,28.0,Male,East,Self-Employed,High School,31.0,Two-Year,Small Business,Mailed Check,92.81,2848.74,68994.77,5950.62,563.0,48.78,2.0,8.0,2,33.15,0.0,8.0,No
CUST100887,36.0,Female,West,Employed,High School,72.0,Month-to-Month,Individual,Bank Transfer,35.68,2382.02,47819.63,3887.29,600.0,49.87,2.0,7.0,2,17.48,3.0,2.0,No
CUST101202,46.0,Female,North,Employed,Bachelor,9.0,Month-to-Month,Individual,Mailed Check,106.06,1034.75,54991.39,4202.81,681.0,73.3,14.0,7.0,2,62.42,2.0,24.0,Yes
CUST100548,49.0,Male,North,,Bachelor,31.0,Month-to-Month,Family,Credit Card,60.43,2030.76,17790.64,1357.51,803.0,29.63,3.0,10.0,3,19.26,0.0,11.0,No
CUST100128,33.0,Male,South,Employed,Bachelor,10.0,Month-to-Month,Family,Electronic Check,96.41,1078.34,66648.35,5595.26,653.0,79.91,2.0,7.0,2,90.94,1.0,5.0,Yes
CUST101379,59.0,Male,Central,Unemployed,Bachelor,8.0,One-Year,Family,Credit Card,106.94,873.73,42472.69,3720.31,669.0,90.2,,8.0,1,45.58,1.0,,No
CUST100600,47.0,Female,Central,Employed,Bachelor,20.0,Month-to-Month,Small Business,Credit Card,88.47,1841.25,47920.22,3890.24,627.0,11.08,1.0,,2,57.55,0.0,8.0,No
CUST101367,57.0,Female,South,Employed,High School,15.0,Month-to-Month,Enterprise,Credit Card,143.23,2159.44,71221.65,5691.18,676.0,62.03,0.0,8.0,1,57.15,0.0,19.0,Yes
CUST100040,50.0,Male,Central,Unemployed,Master,36.0,One-Year,Individual,Credit Card,88.46,3146.1,38667.9,3242.34,770.0,42.22,2.0,8.0,1,69.92,2.0,9.0,No
CUST100886,56.0,Male,West,Self-Employed,High School,32.0,Two-Year,Enterprise,Electronic Check,119.12,4003.94,60342.98,4867.39,687.0,26.53,1.0,8.0,2,48.39,1.0,37.0,Yes
CUST101678,32.0,Male,Central,Employed,Bachelor,47.0,Two-Year,Family,Bank Transfer,86.98,4077.45,65048.09,5606.73,825.0,,1.0,8.0,1,88.29,1.0,3.0,No
CUST101759,42.0,Male,East,Employed,High School,45.0,Month-to-Month,Family,Credit Card,65.54,3032.29,59512.51,5138.59,745.0,68.53,1.0,9.0,2,62.21,0.0,1.0,No
CUST100295,43.0,Male,North,Retired,High School,56.0,One-Year,Individual,Mailed Check,32.44,2076.54,35977.63,2986.33,609.0,16.22,0.0,9.0,2,23.8,0.0,6.0,No
CUST100447,37.0,Male,Central,Retired,Bachelor,35.0,Month-to-Month,Enterprise,Electronic Check,132.07,4649.81,57219.97,4601.17,482.0,26.52,1.0,10.0,1,27.31,1.0,12.0,Yes
CUST101427,52.0,Female,Central,Employed,High School,20.0,Month-to-Month,Small Business,Credit Card,72.8,1620.61,50583.51,4532.85,722.0,72.83,3.0,8.0,7,119.86,0.0,4.0,No
CUST100636,39.0,Female,North,Retired,Bachelor,17.0,One-Year,Family,Mailed Check,104.59,1881.26,32792.53,2580.21,660.0,58.09,0.0,8.0,2,40.79,2.0,14.0,No
CUST101868,37.0,Male,South,Retired,High School,72.0,Two-Year,Individual,Credit Card,80.81,5855.94,126492.8,11670.72,752.0,60.28,12.0,6.0,1,87.92,0.0,13.0,No
CUST101680,23.0,Female,Central,Employed,,72.0,One-Year,Small Business,Credit Card,106.19,8373.02,61822.43,4914.45,816.0,22.16,1.0,9.0,2,134.8,1.0,5.0,No
CUST101571,38.0,Male,East,Employed,High School,21.0,Month-to-Month,Individual,Bank Transfer,66.46,1102.62,36183.92,3115.15,781.0,30.04,3.0,7.0,3,33.2,1.0,22.0,Yes
CUST101556,32.0,Male,North,Retired,High School,52.0,Month-to-Month,Family,Credit Card,71.15,4016.68,26863.33,2230.42,694.0,46.27,0.0,8.0,2,24.36,2.0,15.0,No
CUST100907,26.0,Male,South,Employed,High School,22.0,Two-Year,Individual,Bank Transfer,51.31,1314.36,,4101.98,651.0,22.27,1.0,8.0,7,110.66,0.0,10.0,No
CUST100529,60.0,Female,Central,Employed,PhD,42.0,One-Year,Family,Bank Transfer,37.35,1740.83,37726.86,3165.87,699.0,75.66,1.0,7.0,5,63.84,1.0,1.0,No
CUST101544,57.0,Male,East,Employed,High School,65.0,Two-Year,Individual,Credit Card,54.73,3328.08,34079.23,2842.81,721.0,39.43,3.0,10.0,1,50.77,1.0,11.0,No
CUST100840,64.0,Male,Central,Retired,High School,42.0,Two-Year,Family,Bank Transfer,109.09,4448.3,24449.37,2135.46,558.0,40.96,4.0,8.0,3,27.43,3.0,5.0,Yes
CUST100836,37.0,Male,East,Self-Employed,Master,31.0,Two-Year,Individual,Electronic Check,83.21,2670.77,63333.18,5423.34,,43.25,4.0,,2,62.83,0.0,3.0,No
CUST101275,41.0,Male,North,Employed,Master,35.0,Month-to-Month,Individual,Electronic Check,79.36,2947.4,147610.02,12871.92,607.0,55.63,2.0,8.0,3,119.41,0.0,31.0,Yes
CUST100831,60.0,Male,South,Employed,Master,19.0,Two-Year,Individual,Bank Transfer,45.32,837.95,90411.91,6691.44,673.0,92.96,1.0,8.0,6,99.8,2.0,3.0,No
CUST100594,26.0,Male,South,Employed,High School,38.0,Two-Year,Family,Credit Card,92.72,3586.32,127615.67,10691.5,599.0,27.98,3.0,7.0,2,344.3,1.0,3.0,No
CUST100684,36.0,Female,South,Employed,Bachelor,35.0,One-Year,Family,Credit Card,46.5,1914.4,81476.04,7231.12,534.0,46.04,0.0,10.0,4,51.51,2.0,5.0,No
CUST101587,52.0,Female,East,Retired,High School,26.0,Month-to-Month,Enterprise,Electronic Check,114.14,2726.73,40198.04,3219.27,733.0,36.9,1.0,8.0,1,112.27,0.0,10.0,No
CUST100579,45.0,Female,North,Employed,Bachelor,62.0,Month-to-Month,Small Business,Credit Card,112.58,7041.92,132869.57,10976.3,639.0,18.93,0.0,8.0,8,181.11,1.0,30.0,No
CUST101622,50.0,Male,Central,Employed,PhD,11.0,One-Year,Small Business,,65.33,718.56,33273.67,2670.63,650.0,46.22,1.0,9.0,2,33.01,1.0,0.0,No
CUST101162,38.0,Male,Central,Employed,Bachelor,3.0,One-Year,Small Business,Bank Transfer,104.74,351.73,113089.11,9140.66,575.0,27.5,5.0,9.0,2,111.04,1.0,44.0,Yes
CUST101784,49.0,Female,West,Employed,Bachelor,31.0,One-Year,Individual,Credit Card,74.27,2546.4,77942.12,6149.12,633.0,25.55,1.0,6.0,1,83.88,0.0,12.0,No
CUST100798,53.0,Male,East,Employed,Bachelor,48.0,Month-to-Month,Family,Credit Card,73.22,3461.33,139744.79,11484.55,554.0,43.45,3.0,8.0,1,53.08,3.0,6.0,No
CUST100485,39.0,Female,West,Employed,Bachelor,1.0,Month-to-Month,Family,Bank Transfer,88.32,127.24,,3055.65,720.0,41.97,1.0,9.0,3,28.36,0.0,25.0,Yes
CUST100195,30.0,Male,West,Self-Employed,High School,1.0,Two-Year,Small Business,Credit Card,92.11,87.92,58460.02,4892.94,794.0,45.62,1.0,10.0,3,45.45,0.0,5.0,No
CUST100726,44.0,Female,South,Self-Employed,PhD,4.0,One-Year,Individual,Electronic Check,70.74,232.06,52788.2,4314.61,664.0,81.97,3.0,9.0,4,51.46,2.0,9.0,No
CUST101246,36.0,Female,East,Employed,Master,27.0,Two-Year,Family,Electronic Check,57.34,1431.84,24428.4,2147.29,604.0,46.57,14.0,6.0,3,29.04,1.0,35.0,No
CUST101562,31.0,Male,East,Employed,,24.0,Month-to-Month,Individual,Electronic Check,49.75,1234.61,101875.94,8716.43,600.0,72.91,0.0,8.0,5,158.53,0.0,9.0,No
CUST101931,36.0,Male,West,Unemployed,,20.0,Month-to-Month,Small Business,Electronic Check,110.14,2145.5,119461.06,,695.0,58.44,11.0,6.0,4,25.89,0.0,19.0,Yes
CUST101488,45.0,Male,,Employed,Bachelor,33.0,One-Year,Individual,Credit Card,96.02,3454.58,16905.52,1385.54,664.0,24.08,2.0,7.0,2,64.79,0.0,8.0,No
CUST100480,44.0,Male,East,Retired,Master,45.0,Two-Year,Individual,Mailed Check,51.33,2477.42,12000.0,1046.38,793.0,14.01,2.0,,1,8.62,1.0,2.0,No
CUST101951,44.0,Male,East,Employed,High School,23.0,Two-Year,Small Business,Mailed Check,83.73,1769.92,53167.26,4378.4,614.0,17.26,2.0,8.0,3,67.08,1.0,8.0,No
CUST100386,46.0,Female,Central,Employed,,4.0,One-Year,Family,Electronic Check,70.58,313.87,34056.86,2856.86,621.0,28.23,4.0,7.0,1,32.41,1.0,16.0,No
CUST100257,36.0,Male,Central,Employed,,56.0,Two-Year,Family,Credit Card,67.21,4214.84,31356.86,2678.94,746.0,27.85,0.0,9.0,1,17.76,1.0,3.0,No
CUST101007,37.0,Female,East,Employed,Master,8.0,Month-to-Month,Individual,Electronic Check,60.12,409.35,29400.72,2436.73,724.0,53.95,,9.0,4,107.39,0.0,4.0,No
CUST101568,50.0,Female,West,Employed,High School,12.0,One-Year,Enterprise,Credit Card,146.3,1880.06,51625.49,4257.22,652.0,28.73,3.0,10.0,1,41.65,0.0,16.0,No
CUST101815,35.0,Male,East,Self-Employed,High School,72.0,Month-to-Month,Enterprise,Credit Card,127.97,8488.14,24963.12,1960.21,726.0,52.2,2.0,7.0,3,22.5,0.0,21.0,No
CUST100874,18.0,Female,South,Self-Employed,Master,17.0,Month-to-Month,Family,Electronic Check,37.47,714.04,133581.22,11311.83,663.0,20.14,4.0,8.0,5,71.84,0.0,1.0,No
CUST100852,52.0,Male,East,Employed,High School,22.0,Month-to-Month,Individual,Electronic Check,64.05,1566.39,50787.72,4185.7,688.0,52.66,0.0,7.0,1,119.26,5.0,8.0,No
CUST101980,43.0,Female,Central,Employed,High School,19.0,Two-Year,Individual,Bank Transfer,58.83,1143.04,48507.25,4157.89,604.0,68.34,1.0,8.0,3,99.0,2.0,10.0,Yes
CUST101169,37.0,Male,South,Unemployed,High School,16.0,One-Year,Individual,Credit Card,56.34,963.84,75389.46,6368.61,787.0,12.15,0.0,10.0,5,58.33,1.0,0.0,No
CUST100996,50.0,Female,North,Employed,High School,18.0,One-Year,Family,Electronic Check,68.14,1252.74,43024.11,3519.5,554.0,20.42,2.0,8.0,2,26.34,0.0,2.0,No
CUST100885,44.0,Female,West,Employed,Bachelor,23.0,One-Year,Family,Credit Card,97.18,2363.75,39237.19,3247.46,671.0,32.38,0.0,10.0,1,16.74,2.0,15.0,Yes
CUST100033,31.0,Male,North,Employed,PhD,72.0,One-Year,Enterprise,Credit Card,136.14,11059.79,63704.75,,765.0,53.2,3.0,8.0,1,94.77,0.0,0.0,No
CUST100080,46.0,Male,North,Employed,Bachelor,21.0,Month-to-Month,Enterprise,Credit Card,122.81,2940.69,31439.01,2738.18,649.0,5.36,2.0,9.0,3,53.92,0.0,2.0,No
CUST101206,32.0,Female,North,Employed,Bachelor,17.0,Two-Year,Individual,Electronic Check,113.35,1804.37,70144.52,5798.23,599.0,60.08,6.0,7.0,3,144.78,2.0,13.0,No
CUST100980,47.0,Male,East,Employed,Bachelor,48.0,Month-to-Month,Individual,Electronic Check,32.8,1501.91,65551.37,5363.14,608.0,78.97,2.0,9.0,3,14.11,0.0,4.0,No
CUST101041,53.0,Male,West,Unemployed,High School,15.0,Month-to-Month,Small Business,Electronic Check,127.62,1493.96,51632.66,4169.8,,20.58,1.0,6.0,4,33.08,2.0,7.0,Yes
CUST101776,25.0,Female,Central,Employed,Master,40.0,Month-to-Month,Family,Mailed Check,71.56,3095.65,27313.01,2392.95,744.0,22.22,,7.0,1,18.54,1.0,19.0,No
CUST101249,22.0,Female,West,Self-Employed,High School,13.0,Month-to-Month,Enterprise,Bank Transfer,134.91,1744.25,44775.29,3756.73,742.0,29.07,4.0,8.0,1,19.23,0.0,8.0,Yes
CUST101497,27.0,Female,East,Self-Employed,Bachelor,18.0,Month-to-Month,Family,Electronic Check,74.2,1290.0,65424.23,5597.06,733.0,106.97,1.0,7.0,3,78.6,1.0,35.0,No
CUST101971,37.0,Male,North,Unemployed,Bachelor,19.0,Month-to-Month,Family,Bank Transfer,73.82,1445.24,249095.3,9227.55,669.0,,0.0,8.0,6,45.56,0.0,6.0,No
CUST100443,57.0,Male,South,,Master,14.0,One-Year,Individual,Credit Card,68.79,889.88,41109.77,3485.11,688.0,21.88,4.0,7.0,1,63.87,0.0,,No
CUST100065,51.0,Female,South,Employed,High School,29.0,Month-to-Month,Family,,58.51,1879.5,,3171.19,706.0,31.96,2.0,6.0,1,35.2,1.0,4.0,Yes
CUST101835,42.0,Female,South,Employed,High School,30.0,Month-to-Month,Individual,Electronic Check,51.22,1609.21,25478.71,,794.0,73.9,1.0,8.0,1,20.38,0.0,4.0,No
CUST101897,46.0,Male,North,Self-Employed,,9.0,Two-Year,Individual,,53.8,485.32,30355.05,2475.6,686.0,51.66,1.0,6.0,2,33.08,0.0,9.0,No
CUST100547,29.0,Female,West,Employed,Master,3.0,Month-to-Month,Individual,Bank Transfer,111.93,300.4,49153.42,4012.83,635.0,15.57,0.0,8.0,1,55.42,2.0,43.0,Yes
CUST101619,32.0,Male,North,Employed,High School,14.0,One-Year,Individual,Credit Card,69.21,1103.93,46683.77,3948.05,662.0,172.38,1.0,9.0,1,27.51,1.0,21.0,No
CUST100058,31.0,Female,South,Unemployed,Bachelor,5.0,One-Year,Family,Credit Card,63.99,354.55,29608.88,2320.21,705.0,31.91,2.0,8.0,2,41.66,1.0,19.0,Yes
CUST101769,75.0,Male,East,,PhD,8.0,Month-to-Month,Family,Electronic Check,65.1,489.94,33442.38,2758.15,775.0,60.22,,9.0,2,35.48,0.0,5.0,Yes
CUST101938,33.0,Male,South,Retired,Bachelor,29.0,Month-to-Month,Family,Credit Card,89.86,2076.59,89464.85,7571.52,614.0,74.71,0.0,9.0,4,93.86,2.0,14.0,No
CUST101542,44.0,Female,South,Retired,Bachelor,18.0,Two-Year,Enterprise,Electronic Check,133.6,2276.48,121062.98,,685.0,108.9,3.0,7.0,5,86.14,1.0,23.0,Yes
CUST100088,47.0,Female,East,Employed,Master,32.0,Month-to-Month,Individual,Bank Transfer,44.64,1401.97,30130.88,2620.62,826.0,19.71,8.0,7.0,1,31.26,0.0,10.0,No
CUST100565,50.0,Female,Central,Self-Employed,High School,46.0,Month-to-Month,Small Business,Credit Card,99.75,4631.68,35516.71,,539.0,45.82,2.0,5.0,1,10.49,2.0,25.0,Yes
CUST101891,32.0,Male,South,Employed,High School,35.0,One-Year,Enterprise,Credit Card,95.55,2978.09,25888.35,2161.35,674.0,11.36,1.0,7.0,1,38.85,1.0,32.0,No
CUST101538,30.0,Female,West,Unemployed,Master,14.0,Month-to-Month,Small Business,Credit Card,90.53,1298.71,97202.98,7971.08,770.0,40.83,2.0,8.0,1,83.3,0.0,40.0,Yes
CUST101074,30.0,Male,East,Self-Employed,Master,56.0,Month-to-Month,Small Business,Electronic Check,88.47,5146.48,45464.07,4039.69,649.0,32.57,0.0,10.0,1,61.18,2.0,25.0,Yes
CUST100254,38.0,Female,West,Retired,Bachelor,23.0,One-Year,Enterprise,Credit Card,143.38,3713.39,41725.5,3509.35,581.0,20.09,1.0,,3,86.53,0.0,9.0,No
CUST101108,57.0,,North,Employed,PhD,15.0,Month-to-Month,Individual,Bank Transfer,76.46,1187.66,74862.7,6313.05,739.0,52.07,2.0,9.0,2,235.97,1.0,12.0,No
CUST101543,40.0,Female,East,Self-Employed,Master,40.0,Month-to-Month,Individual,Electronic Check,72.8,2803.01,50634.89,4050.41,666.0,52.63,13.0,,1,33.99,0.0,15.0,No
CUST101540,38.0,Female,Central,Employed,Master,32.0,Month-to-Month,Family,Bank Transfer,74.08,2483.6,76909.99,6370.17,496.0,62.97,0.0,8.0,1,131.75,2.0,35.0,No
CUST100017,29.0,Female,North,Employed,Bachelor,56.0,Month-to-Month,Family,Credit Card,53.81,2855.42,83194.8,6897.16,530.0,19.51,,8.0,2,258.57,3.0,8.0,No
CUST100951,46.0,Female,North,Self-Employed,Master,17.0,Month-to-Month,Family,Credit Card,44.63,753.7,73229.66,6061.78,698.0,55.82,2.0,7.0,3,44.42,0.0,4.0,No
CUST101550,22.0,Other,West,Retired,Bachelor,17.0,Month-to-Month,Small Business,Electronic Check,104.58,1806.04,34651.31,2805.21,694.0,33.09,3.0,9.0,1,35.56,5.0,14.0,No
CUST101994,42.0,Female,East,Unemployed,Bachelor,16.0,Month-to-Month,Individual,Electronic Check,35.13,625.89,24859.27,1968.62,663.0,20.25,0.0,9.0,5,40.16,0.0,1.0,No
CUST101282,18.0,Female,Central,,High School,19.0,Two-Year,Individual,Credit Card,52.51,1104.87,36060.63,2904.85,699.0,22.15,3.0,7.0,3,45.52,2.0,18.0,Yes
CUST100099,30.0,Male,East,Self-Employed,Bachelor,43.0,Month-to-Month,Small Business,Credit Card,77.87,3437.71,25632.08,2173.56,745.0,46.64,6.0,,2,33.73,2.0,25.0,No
CUST101903,39.0,Female,South,Employed,Bachelor,4.0,One-Year,Small Business,,86.41,,66446.3,5683.9,650.0,71.41,1.0,6.0,4,50.25,2.0,31.0,No
CUST100363,28.0,Male,Central,Self-Employed,Master,20.0,Month-to-Month,Small Business,Mailed Check,95.39,1712.75,90902.52,7602.93,715.0,41.06,3.0,6.0,2,110.65,0.0,12.0,Yes
CUST100917,47.0,Male,East,Employed,Bachelor,72.0,One-Year,Individual,Bank Transfer,44.89,3120.72,33338.74,2780.02,629.0,21.32,2.0,9.0,1,51.53,0.0,8.0,No
CUST100812,44.0,Male,West,Employed,PhD,34.0,One-Year,Enterprise,Credit Card,88.28,3253.84,42442.26,3300.02,850.0,45.0,0.0,8.0,1,33.28,0.0,13.0,No
CUST100036,40.0,Male,South,Employed,Bachelor,14.0,One-Year,Family,Bank Transfer,69.79,998.2,81417.99,6521.33,777.0,21.4,1.0,,3,46.45,1.0,33.0,No
CUST100096,25.0,Male,East,Employed,High School,42.0,Two-Year,Individual,Credit Card,86.83,,74398.8,6201.15,716.0,42.4,0.0,7.0,3,63.34,0.0,5.0,No
CUST100094,21.0,Female,West,Employed,High School,9.0,Month-to-Month,Individual,Credit Card,78.13,677.01,115219.35,8546.08,654.0,18.01,2.0,8.0,1,468.36,1.0,3.0,No
CUST101628,46.0,Male,East,Employed,Bachelor,14.0,Month-to-Month,Individual,Mailed Check,89.15,1240.13,36874.41,3146.31,594.0,47.93,4.0,8.0,1,50.54,1.0,26.0,Yes
CUST100766,42.0,Female,West,Employed,,30.0,One-Year,Enterprise,Credit Card,108.87,3375.85,62090.01,5505.63,623.0,18.99,0.0,7.0,2,83.05,1.0,2.0,No
CUST100134,23.0,Other,Central,Employed,Bachelor,20.0,Two-Year,Family,Credit Card,77.59,1503.78,43598.93,3409.54,744.0,18.54,1.0,8.0,1,97.38,0.0,16.0,No
CUST101637,53.0,Male,North,Employed,PhD,12.0,Month-to-Month,Enterprise,Electronic Check,135.28,1417.64,68432.89,,655.0,10.09,2.0,7.0,1,61.04,1.0,30.0,Yes
CUST101494,37.0,Male,North,Employed,,11.0,Month-to-Month,Small Business,Mailed Check,72.81,848.73,80268.21,6515.84,850.0,49.58,1.0,,2,64.07,0.0,11.0,Yes
CUST101640,23.0,Male,North,Unemployed,High School,48.0,Two-Year,Small Business,Credit Card,82.64,3966.84,,6285.16,644.0,55.07,1.0,8.0,1,52.06,1.0,7.0,No
CUST101853,49.0,Male,East,Retired,Bachelor,22.0,One-Year,Family,Bank Transfer,62.15,1308.22,38594.07,3426.53,756.0,25.83,1.0,8.0,1,68.23,0.0,11.0,No
CUST100649,36.0,Female,South,Employed,Master,6.0,One-Year,Family,Electronic Check,93.65,572.23,48283.79,4324.54,569.0,50.03,3.0,7.0,3,84.75,2.0,24.0,Yes
CUST101307,56.0,Male,West,Retired,Bachelor,19.0,Two-Year,Individual,Credit Card,68.6,1158.93,84144.25,7011.51,561.0,28.05,1.0,8.0,1,98.32,4.0,15.0,No
CUST100757,51.0,Male,North,Employed,High School,15.0,One-Year,Individual,Bank Transfer,34.91,638.81,34172.8,2905.41,678.0,25.85,2.0,8.0,1,41.55,0.0,1.0,No
CUST101711,18.0,Male,North,Employed,Master,64.0,Month-to-Month,Small Business,Bank Transfer,87.31,6228.53,14766.98,1239.46,606.0,29.31,2.0,7.0,1,9.47,0.0,8.0,No
CUST100498,18.0,Male,East,Employed,PhD,15.0,Month-to-Month,Individual,Credit Card,60.45,890.33,45619.18,4125.2,649.0,52.54,2.0,8.0,2,74.46,3.0,12.0,No
CUST101006,49.0,Male,East,Employed,Bachelor,57.0,Month-to-Month,Small Business,Bank Transfer,105.67,5352.5,25146.73,2043.13,,19.7,1.0,8.0,1,11.84,2.0,5.0,Yes
CUST101002,36.0,Female,Central,Employed,Bachelor,22.0,Month-to-Month,Family,Electronic Check,72.83,1587.33,80004.68,6764.15,699.0,18.27,3.0,7.0,3,232.94,2.0,11.0,No
CUST100294,38.0,Male,West,,Master,17.0,One-Year,Family,Electronic Check,72.41,1231.32,20798.72,1620.21,751.0,33.14,2.0,7.0,1,26.27,1.0,2.0,No
CUST101882,36.0,Female,West,Employed,High School,3.0,Month-to-Month,Enterprise,Credit Card,109.18,302.82,26057.29,2276.09,644.0,19.62,2.0,8.0,2,15.26,3.0,17.0,No
CUST100223,28.0,Female,West,Employed,Master,12.0,One-Year,Small Business,Credit Card,105.24,1346.37,72018.35,6290.44,620.0,18.36,0.0,10.0,1,77.75,1.0,10.0,No
CUST101190,59.0,Male,West,Unemployed,High School,20.0,Month-to-Month,Individual,Electronic Check,114.47,2134.67,89868.37,,592.0,31.94,2.0,10.0,3,210.41,0.0,43.0,Yes
CUST100666,22.0,Male,South,Retired,High School,49.0,One-Year,Family,Bank Transfer,87.52,3931.8,14866.14,1167.04,645.0,41.63,1.0,8.0,2,12.46,1.0,3.0,No
CUST101430,38.0,Male,North,Employed,PhD,16.0,One-Year,Individual,Bank Transfer,58.02,980.06,18504.53,1564.84,639.0,15.58,2.0,9.0,2,17.11,3.0,4.0,No
CUST100810,39.0,Female,Central,Employed,High School,17.0,Two-Year,Family,Credit Card,47.72,676.42,85056.1,7142.11,711.0,37.45,4.0,9.0,3,96.28,1.0,2.0,No
CUST100400,39.0,Female,East,Employed,High School,64.0,Month-to-Month,Individual,Electronic Check,75.46,4663.51,21632.71,1787.21,778.0,33.09,0.0,10.0,1,20.19,1.0,4.0,No
CUST101803,36.0,Male,North,Employed,Bachelor,54.0,One-Year,Individual,Mailed Check,61.44,3357.59,32196.36,2660.79,790.0,42.31,1.0,7.0,1,20.92,0.0,25.0,No
CUST101396,48.0,Male,West,Unemployed,PhD,6.0,One-Year,Individual,Credit Card,70.95,337.12,52511.56,4543.52,694.0,14.43,2.0,6.0,1,84.28,2.0,24.0,No
CUST101077,75.0,Male,East,Retired,Master,24.0,One-Year,Small Business,Electronic Check,120.89,2679.69,152239.64,13286.98,649.0,37.42,2.0,8.0,5,335.35,1.0,17.0,No
CUST101266,31.0,Female,South,Employed,Bachelor,33.0,Month-to-Month,Enterprise,Credit Card,124.26,4411.24,103531.25,8726.67,697.0,18.6,1.0,7.0,1,104.4,1.0,5.0,Yes
CUST100512,42.0,Male,West,Employed,Master,16.0,Month-to-Month,Small Business,Electronic Check,102.1,1467.84,77381.39,5958.78,694.0,53.7,3.0,8.0,1,106.15,0.0,47.0,Yes
CUST100616,50.0,Male,Central,,High School,29.0,Month-to-Month,Small Business,Bank Transfer,64.74,2056.45,29354.04,2454.68,748.0,43.19,1.0,10.0,3,135.04,0.0,17.0,No
CUST100615,26.0,Female,West,Employed,High School,27.0,Two-Year,Family,Bank Transfer,108.02,3200.25,40426.81,3172.92,676.0,42.9,2.0,8.0,1,4545.62,2.0,57.0,No
CUST100685,35.0,Male,South,Unemployed,High School,12.0,Month-to-Month,Small Business,Credit Card,105.77,1174.35,59275.39,5077.38,647.0,24.29,2.0,9.0,1,46.22,2.0,,No
CUST101419,41.0,Female,North,Retired,PhD,35.0,One-Year,Family,Credit Card,114.88,3832.68,29801.4,2577.04,598.0,29.18,2.0,8.0,1,32.71,1.0,46.0,No
CUST100679,39.0,Male,North,Employed,Bachelor,24.0,Month-to-Month,Individual,Credit Card,76.77,1877.16,44566.17,3887.4,667.0,19.33,0.0,,1,32.6,0.0,3.0,No
CUST101515,44.0,Female,Central,Retired,Bachelor,26.0,Month-to-Month,Small Business,,107.87,2778.76,36038.3,2914.6,824.0,77.03,1.0,,3,185.96,2.0,25.0,Yes
CUST101310,27.0,Male,Central,Employed,High School,72.0,Month-to-Month,Individual,Credit Card,56.08,3687.07,54980.75,4950.78,718.0,21.81,0.0,7.0,1,54.62,3.0,5.0,No
CUST100023,39.0,Male,Central,Employed,High School,12.0,One-Year,Family,Bank Transfer,95.89,1157.23,65137.99,5555.18,654.0,43.09,2.0,7.0,2,15.15,2.0,12.0,No
CUST101072,38.0,Female,West,Self-Employed,Bachelor,72.0,Two-Year,Small Business,Electronic Check,93.48,6521.78,31266.17,2750.92,837.0,34.1,5.0,9.0,1,72.47,0.0,10.0,No
CUST100199,39.0,Male,West,Employed,,5.0,Month-to-Month,Family,Credit Card,121.96,635.68,54862.47,4381.68,721.0,70.89,19.0,6.0,1,137.42,1.0,17.0,Yes
CUST100305,28.0,Male,,Unemployed,,12.0,One-Year,Individual,Electronic Check,71.98,758.04,36888.35,3133.76,704.0,32.56,2.0,6.0,3,41.1,1.0,54.0,Yes
CUST100245,26.0,Other,North,Self-Employed,Master,6.0,Two-Year,Family,Credit Card,40.86,240.07,106596.72,9540.93,850.0,23.64,1.0,9.0,2,60.01,1.0,31.0,No
CUST101257,41.0,Male,West,Retired,High School,44.0,Month-to-Month,Individual,Bank Transfer,99.47,4582.39,37334.97,3174.12,669.0,,0.0,,2,36.27,2.0,19.0,Yes
CUST101472,41.0,Male,North,Self-Employed,Bachelor,39.0,Month-to-Month,Small Business,Mailed Check,85.48,3520.83,81931.9,6684.28,658.0,78.75,1.0,9.0,3,80.86,0.0,0.0,No
CUST100467,64.0,Male,Central,,Bachelor,37.0,One-Year,Individual,Bank Transfer,45.14,1781.37,38850.29,3160.56,714.0,12.98,1.0,10.0,2,66.01,0.0,12.0,No
CUST100655,45.0,Female,Central,Employed,High School,12.0,Month-to-Month,Small Business,Bank Transfer,45.5,606.7,120614.55,9837.79,562.0,46.18,1.0,8.0,2,202.07,2.0,,Yes
CUST100020,39.0,Female,West,Retired,,15.0,Month-to-Month,Enterprise,Electronic Check,142.61,2036.15,82853.68,6860.01,796.0,12.37,1.0,9.0,4,47.1,2.0,43.0,Yes
CUST100377,18.0,Female,East,Self-Employed,Bachelor,17.0,Month-to-Month,Individual,Credit Card,58.21,834.03,25520.35,2059.52,505.0,11.31,1.0,9.0,1,25.3,2.0,28.0,No
CUST101503,45.0,Male,West,Employed,Bachelor,41.0,Two-Year,Individual,Bank Transfer,66.02,2753.92,31295.81,2549.89,694.0,41.92,4.0,7.0,1,17.46,0.0,7.0,No
CUST101294,44.0,Female,South,Retired,High School,36.0,Month-to-Month,Individual,Credit Card,78.57,2821.87,45699.51,3767.62,658.0,,2.0,8.0,2,42.32,3.0,66.0,Yes
CUST100403,36.0,Female,East,Self-Employed,High School,6.0,Two-Year,Individual,Credit Card,69.21,418.53,57648.59,5269.5,627.0,63.98,8.0,7.0,2,248.43,1.0,1.0,No
CUST100225,44.0,Female,Central,,Bachelor,6.0,Month-to-Month,Family,Bank Transfer,61.59,340.5,42856.15,3649.83,720.0,18.14,1.0,8.0,1,50.21,0.0,13.0,Yes
CUST100644,37.0,Female,West,Employed,,21.0,Month-to-Month,Small Business,Bank Transfer,109.73,1892.53,185866.3,4075.51,781.0,9.25,2.0,9.0,2,60.03,0.0,,No
CUST100821,58.0,Male,South,Employed,High School,53.0,Month-to-Month,Small Business,Bank Transfer,82.1,4661.73,14788.99,1188.35,615.0,43.22,0.0,10.0,3,24.81,0.0,0.0,No
CUST100783,52.0,Female,West,Self-Employed,High School,62.0,One-Year,Individual,Credit Card,64.73,4175.88,62616.76,5339.17,724.0,43.61,3.0,6.0,1,48.58,1.0,2.0,No
CUST101993,53.0,Male,South,Employed,Bachelor,20.0,Month-to-Month,Individual,Electronic Check,39.68,636.59,56563.56,4652.41,619.0,12.81,2.0,,1,93.37,1.0,6.0,No
CUST100819,27.0,Male,,Employed,High School,72.0,Two-Year,Small Business,Credit Card,82.97,5967.59,53614.29,4442.52,718.0,55.13,3.0,9.0,2,55.84,0.0,5.0,No
CUST100617,44.0,Male,East,Employed,PhD,15.0,One-Year,Family,Credit Card,65.7,1072.35,59503.96,4836.2,769.0,65.41,3.0,8.0,2,4537.78,2.0,16.0,Yes
CUST100793,46.0,Male,North,Retired,High School,27.0,Month-to-Month,Enterprise,Mailed Check,146.28,4850.44,102605.46,8701.87,656.0,72.52,2.0,9.0,1,87.03,2.0,13.0,Yes
CUST100084,27.0,Male,Central,Employed,,10.0,Month-to-Month,Individual,Bank Transfer,76.56,897.49,27702.19,2319.33,634.0,51.22,3.0,5.0,1,21.8,0.0,16.0,Yes
CUST101709,39.0,Male,North,,,35.0,Month-to-Month,Family,Mailed Check,71.61,2532.53,117940.3,10372.13,,,3.0,8.0,2,108.12,0.0,7.0,No
CUST101838,,Male,Central,Self-Employed,Bachelor,34.0,Month-to-Month,Family,Electronic Check,74.65,2577.35,40183.05,3188.36,610.0,26.64,0.0,8.0,1,15.48,1.0,16.0,Yes
CUST101214,18.0,Male,North,Employed,Bachelor,11.0,Month-to-Month,Family,Electronic Check,93.26,810.36,47733.55,3928.89,605.0,52.58,2.0,9.0,3,71.05,2.0,,No
CUST101654,38.0,Male,North,Employed,High School,41.0,Two-Year,Family,Credit Card,77.89,3431.83,63255.2,,692.0,75.02,1.0,9.0,1,90.16,1.0,10.0,No
CUST100603,33.0,Female,,Retired,Bachelor,24.0,One-Year,Individual,Electronic Check,65.03,1545.24,38232.79,3403.71,619.0,22.27,,9.0,1,36.65,3.0,5.0,No
CUST100453,66.0,Female,Central,Employed,Bachelor,41.0,Month-to-Month,Individual,Bank Transfer,70.96,3192.07,22707.13,1880.08,695.0,119.07,2.0,7.0,1,27.12,1.0,13.0,Yes
CUST101595,46.0,Male,South,Employed,Bachelor,39.0,Month-to-Month,Individual,Bank Transfer,65.7,2537.18,33602.84,2735.64,700.0,13.42,3.0,8.0,1,29.87,2.0,17.0,Yes
CUST101691,22.0,Male,East,Self-Employed,High School,4.0,Month-to-Month,Family,Electronic Check,66.68,262.95,23664.39,1826.98,695.0,16.86,5.0,9.0,1,25.21,1.0,1.0,Yes
CUST101453,36.0,Male,North,Self-Employed,PhD,46.0,Month-to-Month,Individual,,34.31,1736.49,70516.81,6038.76,618.0,38.53,1.0,8.0,1,122.57,0.0,9.0,Yes
CUST101541,51.0,Male,East,Employed,High School,20.0,Two-Year,Small Business,Credit Card,74.45,1517.65,50410.84,4184.74,703.0,11.74,3.0,8.0,1,78.87,2.0,7.0,No
CUST100213,35.0,Male,Central,Employed,Master,40.0,Two-Year,Small Business,Mailed Check,74.49,2617.01,41703.59,3364.57,603.0,23.8,1.0,,1,46.9,0.0,7.0,No
CUST101676,53.0,Female,North,,PhD,19.0,One-Year,Small Business,Electronic Check,97.58,1867.14,14343.4,1264.22,616.0,49.0,0.0,9.0,1,28.6,0.0,37.0,No
CUST101298,27.0,Male,East,Employed,High School,13.0,Month-to-Month,Family,Mailed Check,88.01,962.79,30598.19,2814.21,671.0,48.92,2.0,9.0,2,121.6,1.0,6.0,No
CUST100362,53.0,Male,South,Employed,Bachelor,21.0,Month-to-Month,Individual,Credit Card,41.94,817.11,39220.92,3267.13,685.0,45.24,4.0,8.0,1,58.98,0.0,37.0,No
CUST101260,53.0,Male,West,Employed,Bachelor,6.0,Month-to-Month,Family,Electronic Check,57.26,329.39,49358.3,3855.31,761.0,29.17,10.0,7.0,2,4207.49,0.0,21.0,Yes
CUST101026,18.0,Other,South,Employed,High School,26.0,Month-to-Month,Family,Electronic Check,86.36,2142.34,42933.47,3621.0,655.0,37.73,15.0,6.0,1,48.4,2.0,1.0,No
CUST100559,30.0,Male,West,Self-Employed,Bachelor,6.0,Month-to-Month,Family,Credit Card,88.28,530.12,105015.44,9321.27,717.0,56.73,1.0,8.0,2,36.38,0.0,13.0,Yes
CUST101651,56.0,Male,North,Employed,Bachelor,47.0,One-Year,Small Business,Bank Transfer,62.52,3087.08,45431.19,3928.19,695.0,20.12,,6.0,1,28.95,2.0,26.0,Yes
CUST100962,29.0,Male,West,Employed,Bachelor,22.0,One-Year,Individual,Credit Card,47.82,1000.57,75046.88,6258.77,818.0,43.74,3.0,8.0,1,123.13,0.0,9.0,No
CUST100534,22.0,Female,North,Retired,High School,10.0,Month-to-Month,Individual,Bank Transfer,77.34,667.93,19064.47,1473.58,724.0,70.72,0.0,8.0,1,11.24,1.0,7.0,No
CUST100696,18.0,Female,South,Employed,Bachelor,40.0,One-Year,Individual,Bank Transfer,43.32,1829.87,106686.23,8830.08,694.0,51.37,1.0,,5,136.9,0.0,16.0,No
CUST101875,19.0,Male,East,Self-Employed,,27.0,Month-to-Month,Family,Electronic Check,67.06,1716.27,127900.78,10950.93,758.0,11.09,1.0,9.0,3,281.69,0.0,18.0,No
CUST100954,32.0,Male,East,Unemployed,Bachelor,15.0,Two-Year,Small Business,Bank Transfer,88.5,1456.26,79227.03,6492.34,686.0,39.27,3.0,8.0,4,76.14,0.0,25.0,No
CUST101445,141.0,Female,South,Retired,Bachelor,22.0,One-Year,Individual,Credit Card,54.72,1243.95,47921.35,4198.38,850.0,28.7,1.0,8.0,2,36.82,1.0,11.0,No
CUST100236,18.0,Male,South,Employed,Bachelor,56.0,Month-to-Month,Individual,Electronic Check,68.45,3747.84,40114.65,3274.65,732.0,42.88,2.0,8.0,1,51.49,1.0,29.0,No
CUST101846,41.0,Female,East,Retired,Bachelor,15.0,Two-Year,Small Business,Bank Transfer,102.74,1602.54,34095.29,2833.56,776.0,11.3,1.0,7.0,1,19.86,1.0,4.0,No
CUST101958,38.0,Male,North,Employed,High School,14.0,Two-Year,Individual,Credit Card,81.91,1206.65,101243.79,7623.23,629.0,,2.0,9.0,2,89.39,1.0,6.0,No
CUST101330,18.0,Male,West,,High School,40.0,Two-Year,Small Business,Mailed Check,102.55,4239.43,100242.64,8424.11,814.0,33.59,3.0,7.0,1,416.88,0.0,2.0,No
CUST101849,49.0,Female,,Employed,Bachelor,42.0,Month-to-Month,Individual,Electronic Check,69.48,3163.7,60915.79,,764.0,34.61,1.0,7.0,2,224.9,1.0,1.0,No
CUST101724,55.0,Female,West,Self-Employed,,20.0,Two-Year,Individual,Bank Transfer,61.69,1281.89,43286.46,3342.95,719.0,15.49,3.0,8.0,1,66.28,1.0,13.0,No
CUST101656,46.0,Male,North,Employed,High School,9.0,One-Year,Family,Credit Card,114.14,946.18,48587.92,4121.13,742.0,23.05,1.0,9.0,2,29.91,0.0,2.0,No
CUST100894,37.0,Male,North,Employed,Master,7.0,One-Year,Individual,Electronic Check,78.21,591.07,16493.26,1401.44,667.0,117.04,1.0,10.0,1,12.97,3.0,9.0,No
CUST101573,41.0,Male,East,Self-Employed,Bachelor,29.0,Month-to-Month,Small Business,Credit Card,89.88,2507.2,136741.0,11799.19,686.0,71.55,3.0,,5,136.7,1.0,89.0,Yes
CUST101017,38.0,Male,South,Employed,,45.0,Month-to-Month,Family,Electronic Check,52.27,2463.0,55500.84,4826.63,724.0,54.61,0.0,8.0,1,28.38,1.0,6.0,No
CUST100578,38.0,Female,Central,Employed,Bachelor,1.0,Month-to-Month,Enterprise,Electronic Check,114.2,120.81,40131.39,3468.71,632.0,69.66,2.0,8.0,1,29.46,0.0,21.0,Yes
CUST101907,43.0,Female,East,Retired,Master,16.0,Month-to-Month,Individual,Bank Transfer,84.03,1276.62,,2717.51,476.0,52.38,2.0,10.0,1,48.21,3.0,43.0,Yes
CUST101766,26.0,Male,North,Self-Employed,Bachelor,52.0,Two-Year,Individual,Bank Transfer,70.92,3350.73,232204.46,19770.54,693.0,32.92,12.0,7.0,6,666.01,0.0,31.0,No
CUST100818,44.0,Male,West,Employed,Bachelor,3.0,One-Year,Small Business,Electronic Check,64.9,196.52,,4203.63,,28.6,1.0,,4,144.74,0.0,28.0,No
CUST101773,61.0,Female,South,Retired,Bachelor,72.0,Month-to-Month,Individual,Credit Card,40.51,2603.48,35074.6,2723.78,806.0,54.92,1.0,8.0,2,68.38,0.0,9.0,No
CUST100910,32.0,Male,South,Employed,,19.0,Month-to-Month,Individual,Bank Transfer,82.07,1374.55,102944.75,8041.42,690.0,109.46,3.0,7.0,2,44.14,0.0,45.0,Yes
CUST101243,35.0,Male,South,Employed,Bachelor,72.0,Month-to-Month,Family,Electronic Check,107.57,6769.49,24256.36,1967.65,712.0,19.6,2.0,7.0,1,29.62,2.0,10.0,Yes
CUST100367,31.0,Male,West,Employed,Bachelor,7.0,Two-Year,Individual,Credit Card,53.48,252.5,87226.49,7342.83,710.0,30.44,4.0,,1,104.13,1.0,15.0,No
CUST101585,22.0,Male,East,Employed,Master,17.0,Month-to-Month,Family,Credit Card,58.58,1111.69,,3668.63,744.0,37.19,0.0,8.0,1,68.73,0.0,19.0,No
CUST100880,44.0,Female,South,Employed,Bachelor,40.0,One-Year,Small Business,Electronic Check,99.98,3508.53,97825.47,8113.85,742.0,23.36,9.0,6.0,5,143.19,0.0,59.0,Yes
CUST100299,45.0,Female,West,Employed,Master,21.0,One-Year,Small Business,Electronic Check,73.97,1681.65,97564.57,7490.76,763.0,5.58,1.0,7.0,3,36.46,2.0,1.0,No
CUST100048,49.0,Male,North,Self-Employed,PhD,17.0,Two-Year,Individual,Mailed Check,84.26,1220.22,39369.0,3291.97,698.0,76.75,0.0,7.0,1,23.28,1.0,44.0,No
CUST101850,33.0,Female,West,Self-Employed,Master,20.0,One-Year,Individual,Credit Card,42.65,938.43,77821.31,6458.0,729.0,26.06,1.0,8.0,2,34.32,1.0,5.0,No
CUST100771,57.0,Male,South,Self-Employed,Master,37.0,Month-to-Month,Small Business,Electronic Check,73.05,2638.61,20053.58,,704.0,31.51,3.0,8.0,2,20.16,0.0,14.0,Yes
CUST100147,39.0,Female,East,Employed,High School,6.0,Month-to-Month,Family,Bank Transfer,87.25,551.02,37048.82,3107.75,698.0,55.74,0.0,10.0,1,53.44,0.0,8.0,No
CUST101660,70.0,Male,South,Employed,High School,6.0,One-Year,Individual,Mailed Check,36.53,158.5,36033.19,3015.16,629.0,31.73,6.0,9.0,2,18.27,3.0,8.0,No
CUST100742,29.0,Female,West,Self-Employed,Bachelor,12.0,Month-to-Month,Individual,Credit Card,34.9,430.06,42960.28,3651.92,667.0,34.68,1.0,7.0,1,83.77,0.0,12.0,No
CUST101778,28.0,Male,North,Employed,Bachelor,11.0,One-Year,Family,Credit Card,71.62,745.16,35326.12,3157.55,727.0,30.24,2.0,9.0,3,37.39,2.0,15.0,No
CUST101116,55.0,Other,Central,Employed,Master,22.0,Two-Year,Family,Credit Card,114.18,2562.37,25504.8,2205.68,676.0,42.36,1.0,7.0,1,20.87,2.0,21.0,No
CUST101437,18.0,Female,South,Employed,PhD,39.0,Month-to-Month,Individual,Bank Transfer,42.36,1705.27,25780.65,2042.48,594.0,59.67,4.0,8.0,1,12.31,2.0,13.0,Yes
CUST100378,60.0,Male,South,Unemployed,PhD,5.0,Two-Year,Small Business,Electronic Check,91.71,554.75,91625.87,7744.05,566.0,50.93,1.0,8.0,2,171.29,0.0,37.0,No
CUST101844,25.0,Male,North,Self-Employed,Master,7.0,Month-to-Month,Individual,Credit Card,52.86,430.69,38188.92,3090.49,690.0,15.26,4.0,6.0,1,27.93,1.0,1.0,No
CUST100624,47.0,Male,South,Retired,Master,32.0,One-Year,Individual,Credit Card,63.15,2107.99,47060.02,3916.84,817.0,56.42,15.0,6.0,2,128.9,1.0,,No
CUST100193,59.0,Male,East,,,11.0,One-Year,Individual,Bank Transfer,60.59,604.43,59192.55,,615.0,40.34,4.0,,3,51.59,1.0,21.0,No
CUST100992,63.0,Male,North,Self-Employed,Bachelor,40.0,Two-Year,Individual,Electronic Check,86.87,3655.71,38308.46,3366.18,664.0,29.18,1.0,8.0,4,28.73,1.0,6.0,No
CUST100542,44.0,Male,Central,Retired,Bachelor,12.0,One-Year,Individual,Electronic Check,67.37,805.23,68515.02,,649.0,93.37,2.0,8.0,2,205.22,1.0,20.0,No
CUST100515,45.0,Female,Central,Employed,High School,5.0,Two-Year,Family,Mailed Check,84.34,451.74,22088.07,1769.7,758.0,24.91,1.0,9.0,1,27.62,0.0,3.0,No
CUST100648,43.0,Other,Central,Unemployed,High School,28.0,Month-to-Month,Individual,Credit Card,51.64,1489.34,82304.64,6655.31,648.0,37.49,1.0,9.0,3,99.07,2.0,17.0,Yes
CUST101792,44.0,Male,East,Self-Employed,Bachelor,3.0,Month-to-Month,Small Business,Bank Transfer,100.74,347.82,39972.34,3428.79,745.0,64.88,0.0,9.0,1,47.82,1.0,18.0,No
CUST100768,26.0,Male,Central,Employed,PhD,20.0,One-Year,Individual,Bank Transfer,64.35,1337.92,42016.09,3511.6,636.0,81.65,1.0,,1,40.15,1.0,30.0,No
CUST101969,51.0,Female,North,,,23.0,Month-to-Month,Enterprise,Credit Card,118.77,2895.19,42985.33,3492.1,652.0,34.6,3.0,6.0,2,135.47,0.0,39.0,Yes
CUST101066,28.0,Male,East,Self-Employed,Bachelor,64.0,Month-to-Month,Individual,Bank Transfer,54.65,3766.46,23885.63,2029.09,699.0,37.83,2.0,7.0,1,32.98,1.0,0.0,No
CUST101325,53.0,Female,North,Employed,,72.0,Month-to-Month,Enterprise,Credit Card,133.47,11683.28,49197.62,4374.95,662.0,51.06,1.0,9.0,4,50.22,0.0,2.0,No
CUST101821,50.0,Female,Central,Employed,High School,65.0,Month-to-Month,Enterprise,Credit Card,131.18,8780.78,95575.93,7935.5,772.0,49.95,2.0,7.0,5,60.46,3.0,17.0,Yes
CUST100439,46.0,Female,Central,Retired,Master,39.0,Month-to-Month,Small Business,Credit Card,108.4,4180.21,79993.11,6526.61,707.0,33.14,1.0,10.0,2,27.33,1.0,18.0,No
CUST100077,43.0,Male,Central,Self-Employed,Bachelor,18.0,Two-Year,Small Business,Electronic Check,107.84,1639.75,77369.92,6795.1,598.0,21.07,4.0,8.0,1,489.82,1.0,16.0,No
CUST101960,43.0,Male,East,Self-Employed,High School,72.0,One-Year,Small Business,Credit Card,77.43,5584.32,19147.62,1586.01,618.0,,2.0,8.0,1,5.0,4.0,2.0,No
CUST100331,49.0,Female,West,Employed,Bachelor,21.0,One-Year,Family,Credit Card,83.65,1739.96,24644.29,2061.71,737.0,22.19,0.0,,1,50.38,1.0,16.0,No
CUST101124,39.0,Female,South,Employed,High School,19.0,One-Year,Individual,,45.17,975.46,42417.03,3397.34,603.0,58.83,1.0,9.0,2,96.54,1.0,30.0,No
CUST101123,38.0,Male,North,Employed,High School,20.0,Two-Year,Enterprise,Electronic Check,134.84,2759.77,63399.7,5618.54,777.0,32.64,0.0,,1,105.2,1.0,28.0,No
CUST101675,22.0,Female,West,Employed,Master,25.0,Month-to-Month,Family,Electronic Check,92.83,2529.32,28637.82,2597.74,695.0,36.44,1.0,9.0,1,32.63,3.0,,Yes
CUST100585,65.0,Male,South,Self-Employed,Bachelor,72.0,Two-Year,Individual,Bank Transfer,46.28,3453.42,57035.02,4865.7,668.0,51.25,0.0,10.0,1,172.23,0.0,22.0,No
CUST100717,49.0,Male,Central,Retired,High School,12.0,Two-Year,Family,Credit Card,59.4,792.17,72015.62,5847.36,667.0,90.6,5.0,8.0,1,291.8,0.0,73.0,No
CUST101741,59.0,Other,Central,Self-Employed,High School,14.0,Month-to-Month,Family,Credit Card,91.95,1321.2,40663.76,3428.94,607.0,18.19,2.0,8.0,1,94.07,1.0,1.0,No
CUST101203,40.0,Female,North,Unemployed,Bachelor,48.0,One-Year,Individual,Bank Transfer,61.85,3067.69,69328.47,5866.8,730.0,36.39,2.0,9.0,1,58.62,1.0,5.0,No
CUST101205,33.0,Other,East,Employed,High School,2.0,One-Year,Small Business,Credit Card,78.44,132.75,41091.51,3510.75,704.0,61.06,2.0,8.0,3,23.18,0.0,38.0,No
CUST100536,35.0,Female,West,Self-Employed,,4.0,One-Year,Family,Electronic Check,88.69,423.94,34944.65,2802.15,789.0,30.22,2.0,7.0,4,28.35,1.0,7.0,No
CUST101292,36.0,Female,West,Employed,Bachelor,25.0,One-Year,Individual,Credit Card,89.75,2583.87,45295.81,3850.32,564.0,42.89,0.0,,2,54.89,0.0,15.0,No
CUST101756,62.0,Male,East,Unemployed,Bachelor,38.0,Month-to-Month,Individual,Electronic Check,74.03,2550.83,75364.33,6239.47,584.0,9.84,3.0,6.0,5,42.61,1.0,23.0,Yes
CUST100528,44.0,Female,South,Self-Employed,Bachelor,7.0,One-Year,Individual,Electronic Check,64.77,464.44,54635.56,4486.91,735.0,57.4,3.0,8.0,4,28.21,0.0,5.0,No
CUST101581,39.0,Female,West,Retired,High School,27.0,One-Year,Individual,Bank Transfer,69.25,1724.12,44178.57,3440.17,,71.3,4.0,9.0,1,76.45,0.0,4.0,No
CUST101414,57.0,Female,North,Self-Employed,PhD,20.0,One-Year,Small Business,Bank Transfer,95.88,1734.14,83882.75,7014.15,631.0,30.64,1.0,8.0,2,111.3,1.0,21.0,Yes
CUST101405,49.0,Female,North,Employed,PhD,25.0,One-Year,Family,Credit Card,50.05,1197.71,65591.17,5544.78,668.0,52.61,1.0,7.0,1,54.54,2.0,0.0,No
CUST100140,46.0,Male,West,,Master,15.0,One-Year,Individual,Credit Card,98.23,1620.25,128235.56,11038.5,595.0,70.63,1.0,10.0,2,85.65,0.0,3.0,No
CUST101110,59.0,Male,North,Unemployed,Master,38.0,Month-to-Month,Small Business,Credit Card,79.71,2869.46,34454.34,2616.19,741.0,37.25,1.0,8.0,2,80.81,0.0,0.0,No
CUST101586,18.0,Other,North,Self-Employed,PhD,30.0,Month-to-Month,Family,Electronic Check,70.91,2261.89,57838.22,5046.45,597.0,27.66,2.0,9.0,1,48.65,1.0,9.0,Yes
CUST101195,65.0,Female,North,Employed,High School,55.0,Month-to-Month,Family,Mailed Check,64.17,3448.49,58373.58,4897.44,668.0,62.51,1.0,9.0,3,44.61,0.0,8.0,No
CUST100465,35.0,Male,East,Unemployed,High School,24.0,Two-Year,Individual,Bank Transfer,48.92,1080.09,24993.85,2045.55,634.0,54.03,,7.0,1,26.93,2.0,9.0,No
CUST100612,24.0,Female,North,,Bachelor,29.0,One-Year,Enterprise,Bank Transfer,119.91,3031.36,48982.08,3895.99,768.0,69.75,3.0,6.0,2,146.75,0.0,15.0,No
CUST100162,67.0,Male,North,Employed,Bachelor,22.0,One-Year,Family,Bank Transfer,78.82,1739.07,37748.57,3294.53,760.0,12.01,3.0,9.0,3,14.08,1.0,6.0,No
CUST100113,24.0,Male,East,Employed,High School,10.0,Two-Year,Individual,Credit Card,93.63,897.81,35098.0,3113.52,700.0,37.43,1.0,8.0,5,69.72,2.0,3.0,No
CUST101146,47.0,Male,West,Employed,High School,24.0,One-Year,Small Business,Credit Card,111.91,2775.9,44934.99,3582.09,691.0,56.53,2.0,8.0,2,19.54,0.0,14.0,No
CUST100945,37.0,Female,North,Employed,Master,23.0,Month-to-Month,Individual,Credit Card,86.8,2410.73,67571.35,6038.28,773.0,19.35,,6.0,1,127.93,1.0,15.0,No
CUST100719,29.0,Male,East,Employed,Bachelor,50.0,Month-to-Month,Individual,Bank Transfer,103.85,4793.2,44152.33,,739.0,80.83,1.0,10.0,2,53.97,1.0,6.0,No
CUST100918,57.0,Female,South,Employed,Bachelor,33.0,One-Year,Small Business,Electronic Check,93.53,3131.34,30222.09,2591.02,693.0,26.16,3.0,7.0,1,13.56,1.0,19.0,No
CUST101987,32.0,Female,North,Employed,Bachelor,46.0,Month-to-Month,Small Business,Electronic Check,85.61,3765.17,35657.8,2893.18,793.0,40.0,2.0,9.0,2,32.28,1.0,23.0,No
CUST100610,29.0,Female,Central,Employed,High School,7.0,Month-to-Month,Individual,Electronic Check,61.48,390.15,23154.98,1901.54,845.0,51.71,3.0,7.0,2,36.1,0.0,23.0,Yes
CUST101271,58.0,Female,North,Retired,Master,31.0,One-Year,Individual,Credit Card,80.24,2423.63,,10851.94,632.0,79.83,2.0,10.0,1,243.23,1.0,4.0,No
CUST100530,37.0,Female,North,Self-Employed,Bachelor,17.0,Two-Year,Small Business,Credit Card,84.17,1348.8,14695.15,1239.42,643.0,110.42,2.0,8.0,1,10.74,0.0,3.0,No
CUST101620,48.0,Male,,Employed,Master,28.0,Month-to-Month,Individual,Credit Card,55.31,1517.29,78095.1,6854.94,694.0,45.98,11.0,,4,43.4,0.0,21.0,Yes
CUST101686,35.0,Female,Central,Employed,Bachelor,25.0,Month-to-Month,Individual,Bank Transfer,58.69,1161.87,135564.79,11519.24,647.0,25.97,1.0,8.0,4,233.27,0.0,0.0,No
CUST100454,42.0,Female,West,Self-Employed,High School,32.0,Month-to-Month,Family,Electronic Check,69.35,1925.52,62279.74,5282.72,850.0,,2.0,8.0,1,152.83,0.0,86.0,Yes
CUST100803,46.0,,North,Employed,Master,26.0,Month-to-Month,Individual,Electronic Check,40.96,1098.21,16441.98,1447.29,549.0,17.64,1.0,9.0,2,16.22,3.0,27.0,Yes
CUST100430,29.0,Male,West,Employed,High School,25.0,Month-to-Month,Family,Credit Card,99.68,2595.29,39659.93,3128.24,693.0,51.68,4.0,7.0,4,43.85,1.0,15.0,Yes
CUST100829,18.0,Male,East,Employed,High School,9.0,Month-to-Month,Family,Bank Transfer,88.29,801.9,23500.02,1955.16,493.0,33.02,1.0,9.0,2,22.84,2.0,1.0,No
CUST101048,30.0,Other,South,Unemployed,High School,5.0,Two-Year,Individual,Electronic Check,46.97,,13701.99,1159.38,675.0,52.09,2.0,9.0,3,22.84,3.0,23.0,No
CUST100476,54.0,Female,South,Employed,Bachelor,44.0,One-Year,Individual,Electronic Check,70.71,3244.81,48627.2,3869.14,710.0,26.52,6.0,7.0,1,21.98,1.0,8.0,No
CUST101740,36.0,Female,West,Retired,Bachelor,72.0,Month-to-Month,Family,Credit Card,84.01,5623.45,63018.98,5244.8,537.0,,3.0,5.0,2,159.86,2.0,16.0,Yes
CUST100625,35.0,Female,North,Employed,High School,10.0,Month-to-Month,Family,Credit Card,53.77,536.57,38628.74,3116.5,616.0,12.01,0.0,9.0,1,22.14,0.0,8.0,No
CUST101193,50.0,Male,East,Employed,Master,24.0,Two-Year,Family,Electronic Check,54.73,1415.16,135818.1,12100.86,676.0,17.39,2.0,10.0,2,249.15,1.0,4.0,No
CUST100283,46.0,Female,Central,Employed,Master,72.0,Month-to-Month,Individual,Credit Card,73.95,5643.97,147480.43,12421.4,679.0,51.92,3.0,8.0,3,122.47,2.0,9.0,No
CUST100005,25.0,Other,Central,Employed,Bachelor,11.0,Month-to-Month,Individual,Credit Card,58.66,715.38,44714.29,3634.84,654.0,26.12,0.0,9.0,1,39.88,1.0,21.0,No
CUST101745,32.0,Male,West,Self-Employed,High School,9.0,Two-Year,Small Business,Bank Transfer,102.99,891.12,53560.1,4704.16,741.0,55.04,2.0,8.0,1,94.74,2.0,2.0,No
CUST100420,42.0,Female,North,Retired,Bachelor,34.0,Month-to-Month,Individual,Credit Card,78.62,2689.18,64837.57,5323.55,741.0,34.48,1.0,8.0,3,71.37,0.0,,No
CUST100611,44.0,Male,Central,Self-Employed,,23.0,Month-to-Month,Enterprise,Bank Transfer,139.25,3163.99,37825.31,3244.67,686.0,32.36,0.0,9.0,2,63.49,0.0,5.0,No
CUST101638,41.0,Female,East,Retired,High School,5.0,One-Year,Individual,Credit Card,66.83,264.14,49591.02,4024.64,575.0,58.5,4.0,8.0,1,51.82,3.0,4.0,No
CUST101600,40.0,Female,,Employed,Bachelor,25.0,Month-to-Month,Individual,Bank Transfer,73.21,1829.07,69087.79,5390.33,668.0,27.99,2.0,10.0,1,50.08,1.0,10.0,Yes
CUST101012,35.0,Male,East,Employed,PhD,21.0,One-Year,Small Business,Electronic Check,78.79,1602.75,28320.05,2367.15,725.0,42.27,2.0,,1,45.21,0.0,18.0,No
CUST100369,51.0,Female,South,,High School,18.0,Month-to-Month,Individual,Electronic Check,72.0,1233.71,64400.87,,850.0,101.16,2.0,9.0,1,58.28,0.0,16.0,No
CUST100675,45.0,Female,East,Employed,Master,24.0,Two-Year,Small Business,Credit Card,111.38,2460.48,36628.2,3056.17,647.0,94.48,12.0,8.0,3,33.83,1.0,44.0,No
CUST100272,40.0,Female,West,Self-Employed,,47.0,One-Year,Individual,Bank Transfer,86.36,3493.33,,3534.04,616.0,8.89,1.0,7.0,3,78.69,1.0,3.0,No
CUST100102,37.0,Other,West,Employed,High School,27.0,One-Year,Small Business,Electronic Check,74.44,1920.63,65527.46,5339.86,624.0,22.08,0.0,8.0,2,54.52,5.0,14.0,No
CUST100275,46.0,Male,Central,Employed,High School,24.0,Month-to-Month,Individual,Electronic Check,65.63,1533.33,59469.8,4563.21,668.0,17.96,2.0,8.0,2,121.91,1.0,18.0,Yes
CUST100269,41.0,Male,North,Self-Employed,High School,12.0,Month-to-Month,Individual,Bank Transfer,60.38,677.62,51259.84,4233.27,659.0,46.26,1.0,9.0,2,114.97,3.0,5.0,No
CUST101031,43.0,Male,East,Employed,Master,68.0,Month-to-Month,Family,Mailed Check,104.92,7798.11,37224.68,3362.85,738.0,82.71,1.0,9.0,1,10.53,1.0,4.0,No
CUST100353,51.0,Male,North,Employed,PhD,15.0,One-Year,Individual,Mailed Check,66.97,982.46,93287.37,7922.63,785.0,38.34,3.0,,1,69.0,0.0,14.0,No
CUST100923,34.0,Female,North,Self-Employed,Master,28.0,Month-to-Month,Family,Electronic Check,65.2,1548.83,33322.52,2765.44,743.0,54.87,0.0,,1,28.25,0.0,45.0,No
CUST100325,50.0,Male,South,Retired,Bachelor,22.0,Month-to-Month,Enterprise,Electronic Check,117.85,2568.3,31890.07,2594.31,707.0,38.22,2.0,8.0,2,123.72,0.0,23.0,Yes
CUST101354,64.0,Female,North,Unemployed,Bachelor,8.0,Month-to-Month,Individual,Electronic Check,80.6,650.25,29571.82,2461.47,631.0,40.25,2.0,,1,17.63,2.0,11.0,Yes
CUST101770,36.0,Male,West,Employed,High School,6.0,Month-to-Month,Small Business,Mailed Check,93.95,630.94,45997.32,3779.63,732.0,28.73,5.0,7.0,1,63.87,2.0,24.0,Yes
CUST100070,26.0,Female,South,Unemployed,Master,1.0,Month-to-Month,Small Business,Electronic Check,73.71,15.56,65599.2,5495.18,617.0,20.79,6.0,6.0,4,115.51,5.0,3.0,Yes
CUST100466,37.0,Male,East,Employed,Bachelor,6.0,Month-to-Month,Family,Credit Card,56.64,386.14,29223.66,2539.79,741.0,71.18,2.0,7.0,1,50.62,0.0,2.0,No
CUST101668,44.0,Female,West,Employed,Master,20.0,Two-Year,Family,Credit Card,54.65,1166.86,57992.91,4600.94,699.0,89.46,3.0,8.0,1,57.97,1.0,22.0,No
CUST100046,51.0,Female,West,Employed,High School,22.0,Month-to-Month,Family,Bank Transfer,71.95,1712.7,22526.08,1827.34,752.0,62.52,1.0,6.0,2,33.69,1.0,7.0,No
CUST101441,45.0,Female,Central,,Bachelor,14.0,Month-to-Month,Family,Bank Transfer,57.85,832.21,24793.84,2106.28,743.0,74.46,2.0,8.0,1,33.58,1.0,8.0,Yes
CUST101071,28.0,Male,East,Employed,High School,26.0,One-Year,Individual,Electronic Check,44.19,1337.03,,1018.9,776.0,30.02,1.0,8.0,1,5.73,1.0,1.0,No
CUST100397,44.0,Male,Central,Unemployed,High School,57.0,Month-to-Month,Individual,Bank Transfer,46.19,2588.98,29874.41,2441.51,679.0,46.42,2.0,8.0,1,5.0,1.0,5.0,No
CUST100825,41.0,Female,East,Self-Employed,,24.0,Two-Year,Family,Electronic Check,86.91,2057.75,93609.82,7503.81,664.0,16.25,8.0,8.0,1,81.64,1.0,3.0,No
CUST100050,44.0,Male,South,Employed,Master,32.0,Month-to-Month,Individual,Credit Card,63.03,1922.98,71670.85,5559.19,616.0,11.72,1.0,,5,177.35,2.0,8.0,No
CUST100408,18.0,Female,West,Employed,PhD,19.0,Month-to-Month,Family,Credit Card,87.24,1619.17,65429.48,5409.04,623.0,71.4,0.0,8.0,2,73.26,2.0,25.0,Yes
CUST101313,46.0,Female,South,Employed,Bachelor,63.0,One-Year,Family,,58.65,3698.15,19707.12,1601.24,704.0,44.49,0.0,8.0,2,20.37,0.0,0.0,No
CUST100643,43.0,Male,Central,Employed,High School,42.0,Month-to-Month,Individual,Credit Card,75.49,3227.43,,3769.76,705.0,17.15,1.0,9.0,6,20.72,0.0,31.0,Yes
CUST100883,27.0,Male,West,Employed,Bachelor,27.0,Month-to-Month,Individual,Electronic Check,43.5,1138.24,60082.94,5110.93,754.0,70.81,6.0,8.0,1,131.63,1.0,5.0,No
CUST100784,41.0,Female,Central,Unemployed,PhD,34.0,Month-to-Month,Enterprise,Bank Transfer,122.97,3419.15,23000.4,1926.5,717.0,60.98,4.0,8.0,1,21.03,0.0,29.0,No
CUST100539,32.0,Male,West,Employed,Master,72.0,Month-to-Month,Small Business,Bank Transfer,101.59,6644.41,24557.34,1994.59,686.0,55.21,1.0,8.0,3,86.39,0.0,9.0,No
CUST100004,18.0,Male,West,Employed,Bachelor,16.0,One-Year,Individual,Electronic Check,65.76,1239.41,46945.4,4033.17,603.0,32.65,0.0,9.0,1,65.64,0.0,2.0,Yes
CUST100701,38.0,Male,East,Self-Employed,Bachelor,10.0,Month-to-Month,Small Business,Electronic Check,107.99,982.44,56664.81,4944.81,742.0,48.23,4.0,9.0,2,105.33,1.0,4.0,No
CUST100516,49.0,Female,South,Employed,High School,27.0,Month-to-Month,Small Business,,81.1,2575.19,42025.25,3795.92,672.0,32.73,3.0,8.0,1,37.18,0.0,18.0,Yes
CUST101924,40.0,Male,West,Employed,Bachelor,58.0,Two-Year,Family,Credit Card,81.98,5054.13,48798.56,4259.61,787.0,42.12,3.0,8.0,2,104.89,1.0,0.0,No
CUST101833,46.0,Male,West,Retired,High School,11.0,Month-to-Month,Family,Electronic Check,108.57,1285.3,28967.03,2273.37,686.0,47.37,2.0,9.0,1,59.46,1.0,,No
CUST101813,41.0,Female,East,Retired,,27.0,One-Year,Individual,,61.3,1696.9,42679.08,3685.69,635.0,46.11,2.0,7.0,4,64.65,0.0,27.0,No
CUST101469,20.0,Female,North,Self-Employed,High School,20.0,One-Year,Enterprise,Credit Card,96.32,1658.33,56436.9,,651.0,27.21,0.0,9.0,1,31.58,4.0,1.0,No
CUST100670,50.0,Male,North,,High School,72.0,Two-Year,Family,Bank Transfer,75.82,6308.29,51888.83,4185.78,670.0,51.32,3.0,6.0,1,42.76,1.0,0.0,No
CUST100816,36.0,Female,Central,Retired,Bachelor,7.0,One-Year,Individual,Credit Card,68.63,440.35,51752.99,4441.24,831.0,43.2,1.0,7.0,2,139.23,0.0,12.0,No
CUST101805,18.0,Male,Central,Employed,High School,16.0,Month-to-Month,Family,Credit Card,97.78,1666.84,13128.41,1155.86,727.0,57.04,1.0,9.0,1,6.75,1.0,8.0,Yes
CUST101402,39.0,Female,South,Employed,Bachelor,17.0,Two-Year,Small Business,Electronic Check,98.87,1761.88,72194.01,6135.46,701.0,28.36,2.0,,2,74.15,1.0,28.0,No
CUST100532,36.0,Female,North,Unemployed,High School,8.0,Month-to-Month,Small Business,Credit Card,92.49,723.31,21764.01,1901.16,646.0,46.87,2.0,9.0,3,27.39,2.0,2.0,No
CUST101362,20.0,Male,North,Employed,High School,27.0,One-Year,Family,Mailed Check,94.5,2564.55,48579.5,4113.8,827.0,17.42,0.0,8.0,3,114.27,0.0,11.0,Yes
CUST101047,48.0,Female,South,Unemployed,High School,19.0,One-Year,Small Business,Credit Card,80.49,1551.9,31234.53,2624.59,780.0,21.14,4.0,7.0,1,31.71,0.0,1.0,No
CUST101252,31.0,Female,South,Employed,Master,52.0,One-Year,Enterprise,Credit Card,129.32,6386.59,42571.86,3556.27,641.0,102.37,1.0,8.0,1,120.26,1.0,2.0,No
CUST101054,24.0,Male,Central,Employed,PhD,29.0,One-Year,Enterprise,Bank Transfer,103.87,2763.31,59932.89,4854.43,640.0,17.01,2.0,7.0,1,61.36,1.0,,Yes
CUST101413,56.0,Male,North,Employed,Bachelor,9.0,Month-to-Month,Family,Electronic Check,49.84,402.43,27653.9,2150.79,594.0,40.55,0.0,9.0,1,36.61,2.0,10.0,No
CUST100474,48.0,Male,South,Employed,High School,7.0,One-Year,Individual,Credit Card,70.03,469.6,16857.74,1418.36,639.0,30.41,3.0,7.0,2,8.98,3.0,12.0,Yes
CUST101536,50.0,Female,South,Retired,High School,59.0,One-Year,Small Business,Credit Card,105.88,7426.85,61594.63,4970.78,644.0,18.68,1.0,8.0,4,46.54,1.0,1.0,No
CUST101475,39.0,Female,East,Employed,Master,15.0,One-Year,Enterprise,Electronic Check,125.03,2122.73,37224.16,3139.51,686.0,48.5,2.0,8.0,1,43.67,1.0,0.0,No
CUST101531,45.0,Female,Central,Retired,High School,67.0,Month-to-Month,Individual,Electronic Check,41.59,2687.26,24687.38,2031.61,635.0,46.62,2.0,9.0,3,54.21,1.0,9.0,No
CUST100358,31.0,Female,South,Employed,Master,51.0,Month-to-Month,Family,Mailed Check,79.59,3562.66,51838.19,4518.22,537.0,125.47,2.0,7.0,2,20.41,2.0,7.0,Yes
CUST101634,44.0,Male,South,Retired,Bachelor,28.0,Month-to-Month,Individual,Credit Card,60.57,1830.08,66568.18,5474.9,528.0,48.86,5.0,8.0,3,70.02,4.0,9.0,No
CUST100434,52.0,Female,Central,Employed,Master,23.0,Two-Year,Individual,Credit Card,87.83,2132.21,117651.95,9790.43,604.0,28.61,1.0,9.0,4,202.51,4.0,10.0,No
CUST101390,33.0,Female,North,Employed,Bachelor,46.0,One-Year,Individual,Credit Card,56.94,2456.6,118755.06,9962.63,703.0,79.75,2.0,7.0,6,60.9,1.0,1.0,No
CUST100895,54.0,Other,Central,Self-Employed,High School,22.0,Two-Year,Family,Credit Card,73.36,1703.19,34684.98,2890.79,608.0,51.83,4.0,8.0,3,121.01,0.0,10.0,No
CUST100855,41.0,Male,East,Employed,High School,23.0,Month-to-Month,Small Business,Credit Card,121.52,2672.86,44140.83,3459.19,545.0,119.03,0.0,9.0,1,139.37,1.0,2.0,No
CUST101563,27.0,Male,East,Employed,PhD,22.0,Two-Year,Small Business,Credit Card,102.41,2261.35,59834.76,5092.74,683.0,51.77,3.0,8.0,2,85.34,0.0,10.0,No
CUST101920,28.0,Male,South,Unemployed,High School,72.0,Month-to-Month,Enterprise,Credit Card,120.33,9443.75,60187.44,4989.99,769.0,21.75,3.0,7.0,2,66.99,0.0,,Yes
CUST101126,62.0,Female,West,Employed,Bachelor,22.0,Month-to-Month,Individual,Electronic Check,78.59,1750.16,37435.94,3226.46,,38.3,1.0,7.0,1,238.57,1.0,5.0,No
CUST101352,25.0,Male,South,Employed,Master,20.0,One-Year,Individual,Credit Card,15.0,261.51,16307.93,1434.34,716.0,48.78,0.0,7.0,1,5.36,1.0,1.0,Yes
CUST100093,40.0,Female,West,Employed,Master,27.0,One-Year,Family,Bank Transfer,79.1,1854.45,42199.82,3547.63,714.0,69.23,0.0,9.0,3,22.8,0.0,24.0,No
CUST101103,47.0,Female,Central,Self-Employed,Bachelor,8.0,Month-to-Month,Individual,Electronic Check,36.11,285.95,,3792.7,824.0,59.18,2.0,8.0,3,20.3,1.0,12.0,No
CUST101910,32.0,Female,West,,,13.0,Month-to-Month,Individual,Credit Card,76.72,928.07,54756.16,4422.81,664.0,18.09,3.0,7.0,1,45.26,0.0,21.0,Yes
CUST101682,35.0,Male,South,Employed,,18.0,One-Year,Individual,Mailed Check,51.02,809.81,79775.24,7158.15,846.0,39.09,0.0,,3,104.72,1.0,9.0,No
CUST100708,187.0,Male,East,Retired,Master,2.0,Month-to-Month,Family,Electronic Check,70.71,169.13,23002.0,2068.93,701.0,25.65,2.0,8.0,2,59.27,0.0,12.0,Yes
CUST101742,47.0,Male,West,Retired,Bachelor,43.0,Month-to-Month,Family,Bank Transfer,71.65,3226.8,49081.49,3959.09,677.0,38.11,0.0,8.0,1,45.48,1.0,39.0,Yes
CUST101796,37.0,Female,South,Employed,High School,13.0,Two-Year,Individual,Mailed Check,40.56,528.65,29405.56,,724.0,56.23,1.0,8.0,4,23.92,1.0,10.0,No
CUST101286,25.0,Male,West,Retired,High School,31.0,Month-to-Month,Individual,Bank Transfer,59.97,1877.35,37959.27,,736.0,21.88,2.0,9.0,3,14.62,0.0,1.0,No
CUST101337,49.0,,West,Retired,Bachelor,7.0,One-Year,Enterprise,Credit Card,101.86,628.67,40961.07,3737.97,654.0,87.99,1.0,10.0,2,15200.5,1.0,,No
CUST101258,62.0,Other,South,Employed,Bachelor,29.0,Two-Year,Small Business,Credit Card,85.5,2285.26,21438.96,1653.21,850.0,15.98,2.0,9.0,2,11.64,1.0,13.0,No
CUST101256,50.0,Male,East,Self-Employed,Bachelor,72.0,Month-to-Month,Family,Electronic Check,86.35,6198.3,144437.13,12298.99,654.0,40.03,2.0,8.0,5,468.73,0.0,3.0,No
CUST100188,25.0,Female,West,Employed,Bachelor,23.0,Two-Year,Small Business,Electronic Check,79.6,2069.56,133208.61,10660.15,704.0,27.18,1.0,7.0,5,196.1,0.0,4.0,No
CUST101665,33.0,Female,West,Employed,Master,10.0,Month-to-Month,Family,Credit Card,56.69,621.4,97124.9,,713.0,26.39,1.0,9.0,3,73.95,0.0,26.0,Yes
CUST101197,30.0,Female,South,Self-Employed,High School,10.0,Month-to-Month,Family,Credit Card,81.32,835.82,72528.23,6040.72,732.0,89.84,3.0,8.0,3,34.56,0.0,22.0,Yes
CUST101579,45.0,Female,,Employed,,31.0,Month-to-Month,Family,Credit Card,81.47,2416.85,32313.12,2675.84,559.0,78.1,0.0,6.0,1,55.58,0.0,26.0,Yes
CUST101881,58.0,Female,West,Employed,,8.0,Two-Year,Individual,Electronic Check,70.1,520.07,91831.93,7501.65,763.0,132.04,2.0,10.0,2,195.23,1.0,37.0,No
CUST101361,52.0,Female,South,Retired,Bachelor,32.0,Month-to-Month,Family,Credit Card,55.05,1797.38,55301.07,4533.75,772.0,57.31,2.0,6.0,4,138.14,1.0,,Yes
CUST100343,46.0,Female,West,Retired,Bachelor,27.0,Month-to-Month,Individual,Electronic Check,68.98,1741.61,47988.82,4035.7,672.0,11.21,2.0,7.0,1,28.51,1.0,20.0,Yes
CUST101837,38.0,Female,West,Employed,Bachelor,18.0,Two-Year,Family,Bank Transfer,78.34,1170.06,71255.89,5715.6,784.0,28.2,1.0,8.0,2,85.47,0.0,17.0,No
CUST100007,37.0,Male,East,Retired,Master,6.0,One-Year,Family,Mailed Check,72.71,421.66,,4255.99,729.0,69.53,1.0,7.0,6,26.41,1.0,25.0,Yes
CUST100759,46.0,Male,West,Retired,Master,5.0,One-Year,Individual,Credit Card,94.44,494.48,77738.91,6328.01,612.0,69.37,0.0,9.0,1,71.21,2.0,3.0,No
CUST101854,47.0,Male,North,Employed,,34.0,Month-to-Month,Individual,Bank Transfer,74.67,,20612.18,1731.41,725.0,41.82,1.0,8.0,1,81.12,0.0,7.0,Yes
CUST101428,49.0,Male,North,Employed,High School,12.0,Month-to-Month,Individual,Credit Card,21.07,266.05,38571.73,3326.69,672.0,14.33,,8.0,2,33.85,0.0,3.0,No
CUST101690,35.0,Other,Central,Employed,Bachelor,13.0,Two-Year,Family,Electronic Check,91.26,1246.54,49725.57,4171.59,678.0,48.07,3.0,7.0,4,44.91,3.0,19.0,Yes
CUST101359,38.0,Female,East,Employed,Bachelor,30.0,Month-to-Month,Individual,Mailed Check,59.13,1815.18,14447.79,1227.98,619.0,16.51,0.0,7.0,1,5.0,0.0,26.0,No
CUST100215,53.0,Female,Central,Retired,Bachelor,22.0,Month-to-Month,Family,Credit Card,97.63,2250.01,31792.39,2617.35,582.0,30.32,5.0,7.0,3,46.64,1.0,17.0,Yes
CUST100109,20.0,Female,East,Employed,Bachelor,30.0,One-Year,Small Business,Credit Card,77.63,2164.4,44208.23,3670.3,698.0,,2.0,9.0,3,21.4,0.0,2.0,No
CUST100219,33.0,Female,West,Employed,Bachelor,17.0,Two-Year,Individual,Mailed Check,108.41,1927.05,48372.85,4012.53,601.0,86.78,3.0,8.0,1,88.41,3.0,20.0,No
CUST101702,43.0,Female,Central,Self-Employed,Master,22.0,Two-Year,Small Business,Bank Transfer,90.96,2185.94,70805.88,6246.72,669.0,16.8,0.0,10.0,5,80.98,0.0,8.0,No
CUST100072,30.0,Male,Central,Employed,,12.0,Month-to-Month,Small Business,Credit Card,74.46,1064.49,76108.15,6702.52,687.0,42.66,2.0,8.0,2,129.14,1.0,3.0,No
CUST101998,35.0,Female,Central,Employed,Bachelor,31.0,Two-Year,Small Business,Electronic Check,69.42,2309.97,54367.09,,698.0,34.56,3.0,9.0,2,42.46,0.0,22.0,No
CUST101626,18.0,Female,Central,Employed,PhD,8.0,Month-to-Month,Individual,Credit Card,49.21,418.79,24310.68,1928.5,571.0,58.82,1.0,8.0,2,20.52,3.0,11.0,Yes
CUST101064,33.0,Female,Central,,Bachelor,72.0,Month-to-Month,Individual,Bank Transfer,52.5,4290.91,,,655.0,75.93,0.0,10.0,1,98.19,0.0,49.0,No
CUST101088,49.0,,East,Employed,Bachelor,21.0,Month-to-Month,Individual,Bank Transfer,89.43,1938.75,28254.84,2262.08,647.0,51.23,1.0,9.0,1,43.22,2.0,3.0,Yes
CUST101659,43.0,Male,East,Employed,High School,49.0,Month-to-Month,Family,Electronic Check,109.41,5154.94,113769.87,9726.53,784.0,48.5,0.0,6.0,2,47.38,0.0,15.0,Yes
CUST100921,31.0,Male,South,Employed,Bachelor,34.0,Month-to-Month,Small Business,Bank Transfer,68.15,2690.95,79371.34,5834.48,790.0,68.28,3.0,8.0,2,60.19,1.0,10.0,Yes
CUST101493,28.0,Male,South,Employed,Bachelor,13.0,Two-Year,Individual,Bank Transfer,61.91,886.99,67852.24,5622.4,649.0,23.27,5.0,,2,52.12,1.0,37.0,No
CUST100728,27.0,Male,East,Retired,Master,17.0,Two-Year,Small Business,Credit Card,97.22,1733.5,24535.32,2093.23,707.0,94.38,3.0,8.0,3,52.72,1.0,4.0,No
CUST100027,45.0,Male,South,Employed,High School,32.0,Month-to-Month,Family,Bank Transfer,85.69,2685.36,35393.24,3022.33,747.0,42.42,0.0,8.0,1,19.77,1.0,6.0,No
CUST101461,32.0,Female,North,Retired,,72.0,Two-Year,Individual,Electronic Check,55.21,3821.5,54617.23,4755.51,581.0,54.42,0.0,9.0,1,29.86,1.0,17.0,No
CUST100230,23.0,Male,North,Self-Employed,Bachelor,50.0,Month-to-Month,Family,Electronic Check,63.42,2873.78,193437.41,15467.68,699.0,47.59,10.0,7.0,1,72.12,3.0,16.0,No
CUST100606,50.0,Male,West,Retired,PhD,15.0,One-Year,Enterprise,Bank Transfer,102.53,1507.29,26918.51,2185.65,642.0,32.44,0.0,9.0,2,30.6,2.0,6.0,No
CUST100506,70.0,Female,West,Employed,Bachelor,14.0,Month-to-Month,Individual,Bank Transfer,72.89,929.27,49853.6,4197.19,600.0,23.0,2.0,9.0,2,47.24,1.0,33.0,Yes
CUST100415,43.0,Female,East,Employed,Master,30.0,Month-to-Month,Small Business,,112.92,2866.39,38525.83,3204.89,564.0,16.47,1.0,7.0,1,72.04,2.0,5.0,Yes
CUST101677,45.0,Female,North,Employed,Bachelor,22.0,Month-to-Month,Individual,Mailed Check,82.73,1778.08,61380.02,4909.31,763.0,83.95,0.0,,1,128.33,1.0,14.0,No
CUST100808,37.0,Male,North,Employed,Bachelor,15.0,Month-to-Month,Individual,Bank Transfer,66.72,1143.94,,7477.1,714.0,94.65,1.0,9.0,1,77.33,0.0,0.0,No
CUST101738,31.0,Male,Central,Employed,,2.0,Month-to-Month,Individual,Bank Transfer,37.5,68.66,,5070.76,716.0,96.8,1.0,8.0,2,56.73,0.0,11.0,No
CUST100881,52.0,Female,North,Employed,Master,32.0,Month-to-Month,Family,Bank Transfer,69.82,2334.16,22319.01,1853.64,722.0,24.02,1.0,6.0,2,33.08,0.0,26.0,Yes
CUST101213,32.0,Female,East,Self-Employed,Bachelor,58.0,Two-Year,Small Business,Electronic Check,126.47,7596.94,,3300.18,703.0,81.07,2.0,9.0,2,42.71,0.0,11.0,No
CUST100800,31.0,Female,South,Employed,Bachelor,15.0,Month-to-Month,Individual,Credit Card,80.42,1243.22,54670.59,4477.54,679.0,42.34,3.0,7.0,1,98.99,1.0,12.0,Yes
CUST100375,69.0,Male,South,Employed,,8.0,Two-Year,Individual,Credit Card,30.64,200.59,99659.92,8358.48,656.0,,4.0,,2,192.39,1.0,26.0,Yes
CUST100196,49.0,Male,Central,Employed,PhD,12.0,One-Year,Individual,Credit Card,76.58,934.98,26438.14,2212.31,626.0,39.52,0.0,7.0,1,43.2,2.0,27.0,Yes
CUST101287,41.0,Male,South,Employed,Bachelor,13.0,Month-to-Month,Individual,Credit Card,52.76,693.74,19205.93,1692.53,537.0,16.63,1.0,9.0,1,82.1,2.0,6.0,No
CUST100064,50.0,Male,East,Self-Employed,Bachelor,7.0,Two-Year,Small Business,Electronic Check,135.7,1025.98,36451.78,2872.66,627.0,17.64,4.0,7.0,2,32.88,3.0,16.0,Yes
CUST101375,45.0,Female,South,Employed,High School,18.0,One-Year,Individual,Mailed Check,51.01,822.33,41062.29,3558.6,693.0,26.91,2.0,7.0,4,45.27,0.0,1.0,No
CUST100847,51.0,Female,East,Employed,,31.0,Month-to-Month,Small Business,Mailed Check,135.54,4004.1,14284.22,1215.42,675.0,52.42,1.0,,1,7.17,2.0,10.0,Yes
CUST100379,36.0,Female,East,Employed,Bachelor,55.0,Two-Year,Individual,Electronic Check,58.87,2966.08,18997.26,1504.7,837.0,23.56,1.0,7.0,1,49.32,1.0,12.0,No
CUST101996,45.0,Female,North,Employed,Bachelor,50.0,Two-Year,Individual,Electronic Check,46.64,2033.43,21271.38,1662.99,,38.68,3.0,7.0,1,17.38,1.0,1.0,No
CUST100971,40.0,Female,East,Employed,Bachelor,11.0,One-Year,Enterprise,Bank Transfer,94.32,1065.12,67774.19,5853.36,819.0,19.24,0.0,7.0,3,145.38,0.0,7.0,No
CUST101277,60.0,Female,Central,Employed,High School,40.0,Month-to-Month,Family,,74.76,2987.25,58293.37,,624.0,26.28,0.0,8.0,2,21.34,4.0,13.0,No
CUST101065,40.0,Male,North,Retired,PhD,24.0,Month-to-Month,Small Business,Credit Card,78.91,1665.53,41221.84,3363.07,709.0,53.06,0.0,8.0,4,33.02,1.0,12.0,Yes
CUST100138,65.0,Male,East,Self-Employed,High School,10.0,Month-to-Month,Enterprise,Credit Card,117.31,1128.64,88051.76,6923.75,724.0,13.83,2.0,9.0,1,104.64,1.0,53.0,Yes
CUST100357,44.0,Female,North,Employed,,26.0,One-Year,Family,Electronic Check,57.41,1561.18,42746.91,3650.67,611.0,48.39,0.0,9.0,1,81.3,1.0,4.0,No
CUST100483,48.0,Female,South,Employed,Master,34.0,One-Year,Family,Electronic Check,68.45,2178.63,41281.26,3393.17,619.0,,1.0,7.0,1,42.49,1.0,11.0,No
CUST100235,33.0,Male,North,Unemployed,Bachelor,14.0,One-Year,Individual,Bank Transfer,77.55,980.49,26010.76,2096.35,,102.16,4.0,6.0,2,11.67,2.0,23.0,Yes
CUST101374,41.0,Female,South,Employed,PhD,25.0,Two-Year,Individual,Electronic Check,57.41,1328.23,18474.97,1529.35,,38.88,1.0,7.0,1,10.28,0.0,7.0,No
CUST100786,42.0,Male,South,Self-Employed,Bachelor,10.0,Month-to-Month,Small Business,Electronic Check,92.55,845.98,83032.88,6626.97,745.0,23.94,0.0,8.0,1,167.8,1.0,12.0,No
CUST101394,19.0,Female,North,Retired,High School,41.0,One-Year,Individual,Credit Card,94.18,3849.66,13878.98,1141.09,,47.11,2.0,7.0,1,5.93,1.0,14.0,No
CUST101253,45.0,Male,South,Retired,Bachelor,60.0,One-Year,Individual,Bank Transfer,89.47,5405.33,36451.84,2891.71,787.0,31.11,8.0,7.0,2,61.25,1.0,10.0,No
CUST101688,,Female,Central,Employed,High School,7.0,Month-to-Month,Individual,Electronic Check,32.51,199.61,22152.16,1720.82,780.0,68.85,3.0,7.0,1,60.57,0.0,3.0,No
CUST100703,40.0,Female,Central,Employed,,7.0,Month-to-Month,Individual,Mailed Check,66.42,475.57,34708.6,2922.86,614.0,51.02,10.0,6.0,1,41.65,0.0,3.0,No
CUST100590,26.0,Male,North,Employed,Bachelor,34.0,Two-Year,Family,Bank Transfer,89.11,3008.62,146423.84,11617.86,691.0,30.81,1.0,8.0,3,104.68,1.0,5.0,No
CUST101861,28.0,Female,West,Self-Employed,Bachelor,26.0,Month-to-Month,Small Business,Electronic Check,86.33,2038.87,28907.7,2360.77,731.0,20.29,3.0,8.0,1,23.81,0.0,31.0,Yes
CUST100944,44.0,Female,North,Employed,Bachelor,12.0,Month-to-Month,Enterprise,Electronic Check,112.45,1219.11,31174.5,2598.01,648.0,,1.0,8.0,1,39.89,0.0,32.0,Yes
CUST100175,,Male,North,Employed,High School,4.0,Month-to-Month,Small Business,Credit Card,87.84,297.85,31942.35,2652.18,849.0,57.37,3.0,9.0,1,61.2,1.0,8.0,Yes
CUST100435,34.0,Female,East,Unemployed,High School,15.0,Month-to-Month,Family,Credit Card,89.84,1337.91,23851.83,1869.83,827.0,45.51,2.0,8.0,1,25.04,0.0,15.0,No
CUST100822,27.0,Female,South,Employed,,14.0,One-Year,Individual,Bank Transfer,66.29,987.81,110683.17,9754.23,659.0,33.19,3.0,9.0,7,70.63,0.0,48.0,No
CUST101435,40.0,Male,North,Employed,PhD,32.0,One-Year,Small Business,Bank Transfer,82.68,2578.23,48732.13,4007.04,646.0,,2.0,8.0,4,77.72,0.0,19.0,No
CUST100374,48.0,Female,East,Self-Employed,High School,20.0,Month-to-Month,Small Business,Electronic Check,121.0,2581.67,95539.16,8351.36,776.0,18.64,3.0,7.0,2,81.36,0.0,34.0,Yes
CUST101098,53.0,Male,Central,Employed,Bachelor,24.0,Month-to-Month,Individual,Bank Transfer,42.9,1070.32,45085.56,3741.75,553.0,67.82,0.0,9.0,2,94.9,1.0,25.0,No
CUST100802,45.0,Male,West,Employed,Bachelor,3.0,Month-to-Month,Family,Credit Card,93.09,269.99,23063.91,1904.07,717.0,74.29,1.0,,1,46.71,0.0,4.0,No
CUST100082,37.0,Male,East,Employed,Bachelor,23.0,Month-to-Month,Small Business,Credit Card,97.55,2218.98,,3527.23,651.0,99.84,1.0,10.0,2,52.18,0.0,,No
CUST100437,28.0,Male,West,Retired,Master,8.0,Month-to-Month,Individual,Credit Card,71.22,661.66,42612.64,3532.97,767.0,40.16,8.0,7.0,1,66.35,1.0,4.0,Yes
CUST100552,45.0,Male,North,Employed,,45.0,One-Year,Family,Bank Transfer,55.49,2591.91,62189.29,5431.03,643.0,38.31,2.0,8.0,4,51.73,2.0,28.0,No
CUST101884,18.0,Female,,Self-Employed,Bachelor,12.0,Month-to-Month,Individual,Credit Card,72.63,985.96,23938.77,1980.0,834.0,24.42,6.0,8.0,1,43.86,0.0,3.0,No
CUST100805,54.0,Male,North,Retired,Bachelor,63.0,Month-to-Month,Family,Bank Transfer,58.78,3203.29,94686.21,7948.7,686.0,74.8,5.0,8.0,4,98.43,0.0,14.0,No
CUST101442,24.0,Female,North,Employed,Bachelor,12.0,Month-to-Month,Individual,Mailed Check,92.54,1202.44,36280.44,3143.08,546.0,17.15,3.0,8.0,2,102.7,0.0,2.0,No
CUST101395,63.0,Male,North,Retired,Bachelor,27.0,One-Year,Individual,Credit Card,75.69,2196.73,25046.35,2103.39,683.0,36.54,0.0,7.0,2,7.64,0.0,32.0,No
CUST101817,52.0,Female,West,,High School,6.0,Month-to-Month,Family,Electronic Check,102.73,687.18,,9077.68,653.0,34.72,1.0,7.0,3,320.4,2.0,22.0,No
CUST101783,29.0,Female,East,Unemployed,Bachelor,27.0,Month-to-Month,Individual,Credit Card,63.71,1677.39,16908.68,,569.0,35.52,3.0,8.0,1,26.39,3.0,74.0,Yes
CUST101251,59.0,Female,Central,Self-Employed,High School,20.0,Two-Year,Small Business,Electronic Check,92.54,1946.08,29955.38,2419.39,680.0,81.71,1.0,8.0,2,72.2,0.0,7.0,No
CUST100368,43.0,Female,North,Retired,High School,29.0,Two-Year,Individual,Credit Card,42.71,1285.1,43089.95,3743.79,712.0,78.27,1.0,8.0,1,65.67,0.0,4.0,No
CUST100450,39.0,Female,South,,Bachelor,36.0,Two-Year,Small Business,Mailed Check,99.24,3119.16,77818.49,6262.41,692.0,9.4,2.0,9.0,2,93.92,2.0,6.0,No
CUST100277,28.0,Male,East,Retired,High School,31.0,Month-to-Month,Family,Credit Card,77.71,2290.76,58226.82,5277.82,607.0,26.79,2.0,7.0,1,66.84,0.0,15.0,Yes
CUST101919,23.0,Male,West,Employed,High School,23.0,Month-to-Month,Individual,Credit Card,44.48,916.91,84819.48,6537.95,759.0,14.14,0.0,,1,31.92,1.0,6.0,No
CUST100571,40.0,Male,North,Employed,Bachelor,24.0,One-Year,Individual,Electronic Check,57.8,1225.53,,2853.39,798.0,74.34,0.0,9.0,1,70.6,0.0,13.0,No
CUST100676,70.0,Female,East,Employed,,49.0,Month-to-Month,Family,Electronic Check,61.04,3477.12,58010.83,,762.0,,1.0,8.0,1,79.43,0.0,1.0,No
CUST101522,38.0,Female,North,Self-Employed,Master,12.0,Month-to-Month,Family,Electronic Check,99.39,1237.87,57984.37,4712.98,729.0,12.36,0.0,6.0,3,124.66,1.0,16.0,Yes
CUST101384,20.0,Female,East,,Master,58.0,Month-to-Month,Individual,Bank Transfer,73.47,4452.36,80298.3,6244.72,813.0,67.52,2.0,9.0,2,58.46,2.0,4.0,No
CUST100871,29.0,Male,West,Employed,Bachelor,18.0,Two-Year,Small Business,Electronic Check,80.29,1404.8,29726.74,2370.26,610.0,39.54,2.0,,1,27.58,1.0,14.0,No
CUST100714,38.0,Female,Central,Employed,High School,34.0,One-Year,Enterprise,Bank Transfer,139.72,5760.15,95576.24,7865.42,626.0,6.88,0.0,8.0,1,36.07,0.0,16.0,No
CUST101618,45.0,Female,North,Retired,Master,9.0,Two-Year,Individual,Credit Card,66.48,610.44,52392.22,4350.96,515.0,65.61,5.0,,1,50.57,0.0,1.0,No
CUST100593,21.0,Female,North,Unemployed,Bachelor,14.0,Month-to-Month,Individual,Mailed Check,74.98,939.89,26664.02,2162.71,575.0,68.06,4.0,7.0,4,57.49,3.0,21.0,Yes
CUST101749,52.0,Female,West,Self-Employed,,8.0,Month-to-Month,Small Business,Mailed Check,100.65,770.4,29825.48,2432.45,696.0,47.71,0.0,7.0,4,19.61,0.0,8.0,Yes
CUST100627,57.0,Male,North,Employed,PhD,17.0,Two-Year,Individual,Electronic Check,33.26,638.08,16376.03,1401.97,744.0,60.53,1.0,9.0,3,46.74,0.0,14.0,No
CUST100428,24.0,Female,North,Employed,High School,7.0,Month-to-Month,Enterprise,Credit Card,113.28,752.64,58171.09,,632.0,34.07,1.0,8.0,1,79.18,1.0,12.0,Yes
CUST101789,53.0,Male,East,Self-Employed,Master,17.0,Month-to-Month,Individual,Credit Card,94.4,1691.67,64363.25,5495.43,614.0,29.82,0.0,8.0,3,209.49,1.0,52.0,Yes
CUST101032,35.0,Female,North,Retired,Bachelor,43.0,Month-to-Month,Family,Bank Transfer,96.91,4289.23,51699.74,4631.61,756.0,20.51,15.0,7.0,1,100.18,0.0,7.0,No
CUST100720,40.0,Female,South,Self-Employed,Bachelor,31.0,One-Year,Family,Bank Transfer,60.79,2249.29,,4283.73,748.0,11.02,3.0,8.0,2,15.98,1.0,3.0,No
CUST100344,60.0,Male,East,Employed,Bachelor,55.0,Two-Year,Small Business,Credit Card,84.87,4456.61,313639.5,26527.37,609.0,27.45,3.0,8.0,6,279.73,0.0,6.0,No
CUST101342,46.0,Female,North,Employed,Master,17.0,Two-Year,Enterprise,Credit Card,98.24,1719.67,15691.87,1313.92,595.0,50.39,0.0,6.0,1,20.19,3.0,12.0,No
CUST101215,24.0,Male,West,Retired,PhD,53.0,One-Year,Family,Bank Transfer,85.21,4066.53,,3084.85,739.0,,2.0,8.0,1,109.38,1.0,1.0,No
CUST100425,37.0,Male,Central,Employed,Bachelor,12.0,One-Year,Enterprise,Bank Transfer,161.02,1741.26,,2278.02,782.0,60.63,2.0,9.0,4,20.32,0.0,13.0,No
CUST101139,41.0,Male,North,Employed,Master,16.0,Month-to-Month,Individual,Bank Transfer,59.46,857.55,65909.66,5630.66,621.0,62.5,0.0,8.0,1,57.86,3.0,2.0,No
CUST100051,49.0,Male,East,Employed,High School,4.0,One-Year,Small Business,Credit Card,142.25,577.39,40792.02,3201.26,624.0,86.01,1.0,10.0,1,54.39,0.0,4.0,No
CUST100973,48.0,Male,,Employed,Bachelor,8.0,One-Year,Enterprise,Electronic Check,137.2,1013.43,21119.91,1610.77,766.0,30.56,3.0,8.0,1,27.93,0.0,30.0,Yes
CUST101616,75.0,Female,North,Retired,Master,21.0,Two-Year,Individual,Credit Card,91.02,1964.33,41366.31,3518.03,,50.76,2.0,7.0,1,42.65,1.0,17.0,No
CUST100518,52.0,Female,West,Retired,High School,22.0,One-Year,Individual,Credit Card,48.71,950.84,40904.23,3141.62,766.0,93.16,9.0,8.0,2,11.25,0.0,7.0,No
CUST100879,41.0,Male,East,Employed,Bachelor,25.0,Month-to-Month,Individual,Bank Transfer,-49.99,1237.57,30261.6,2551.51,787.0,29.97,1.0,6.0,2,5035.07,1.0,13.0,No
CUST101232,27.0,Female,West,Self-Employed,High School,72.0,Month-to-Month,Individual,Credit Card,59.92,4800.37,80537.52,6627.43,656.0,9.65,4.0,7.0,4,237.62,3.0,8.0,No
CUST101703,18.0,Male,Central,Employed,Master,40.0,Month-to-Month,Individual,Electronic Check,83.93,3334.19,27989.24,2391.63,592.0,31.35,2.0,9.0,2,25.81,0.0,17.0,No
CUST101373,22.0,Male,North,Employed,Bachelor,42.0,Month-to-Month,Individual,Bank Transfer,51.92,,30651.81,2503.1,697.0,30.63,2.0,8.0,4,56.93,0.0,12.0,No
CUST101050,26.0,Male,East,Employed,Bachelor,28.0,One-Year,Small Business,Mailed Check,83.01,2706.65,63331.5,5493.6,618.0,101.26,2.0,,1,44.65,0.0,4.0,No
CUST100861,,Other,Central,Unemployed,Bachelor,57.0,Two-Year,Family,Electronic Check,85.77,4029.33,64267.46,5039.24,569.0,3.36,0.0,7.0,1,53.69,1.0,14.0,No
CUST101263,,Female,North,Employed,Bachelor,6.0,Month-to-Month,Individual,Mailed Check,49.76,219.83,149724.18,12655.98,727.0,39.47,0.0,8.0,5,212.6,1.0,24.0,Yes
CUST101053,70.0,Male,Central,Employed,Bachelor,24.0,One-Year,Family,Mailed Check,85.1,2149.85,61840.62,5516.79,699.0,44.03,2.0,7.0,2,112.0,1.0,20.0,No
CUST101807,41.0,Male,North,Self-Employed,Bachelor,14.0,One-Year,Small Business,Electronic Check,112.39,1399.28,36518.65,3288.41,850.0,97.93,3.0,7.0,2,35.96,0.0,32.0,No
CUST100345,18.0,Female,North,Employed,Bachelor,15.0,One-Year,Family,Electronic Check,66.44,958.57,34208.32,2804.25,739.0,,2.0,8.0,2,109.08,0.0,32.0,No
CUST100997,42.0,Female,South,Employed,Bachelor,24.0,Month-to-Month,Family,Electronic Check,62.58,1354.55,29189.21,2405.76,719.0,35.25,0.0,9.0,2,75.61,0.0,18.0,Yes
CUST100695,32.0,Male,North,Self-Employed,High School,6.0,Two-Year,Small Business,Electronic Check,79.63,360.83,22232.79,1871.95,704.0,31.85,1.0,8.0,3,32.43,1.0,19.0,No
CUST101446,69.0,Male,West,Retired,PhD,11.0,Month-to-Month,Family,Bank Transfer,84.15,1033.76,50765.18,4356.01,741.0,32.3,1.0,6.0,1,78.72,1.0,21.0,Yes
CUST101986,43.0,Male,East,Employed,Master,35.0,Month-to-Month,Individual,Electronic Check,61.73,2579.72,55215.24,4412.82,685.0,45.53,1.0,7.0,1,44.25,0.0,8.0,No
CUST100288,37.0,Male,East,,Bachelor,35.0,One-Year,Individual,Credit Card,55.22,1990.78,53425.03,4618.58,659.0,38.48,1.0,,1,46.62,3.0,4.0,No
CUST101020,45.0,Male,East,Unemployed,Bachelor,52.0,Month-to-Month,Individual,Credit Card,84.31,4172.38,24007.7,,702.0,52.57,4.0,6.0,3,10.96,1.0,31.0,Yes
CUST101431,30.0,Female,North,Employed,Bachelor,20.0,Month-to-Month,Small Business,Credit Card,86.99,1551.67,62545.02,5173.3,795.0,51.03,0.0,8.0,2,208.24,0.0,26.0,Yes
CUST100125,45.0,Male,Central,Retired,PhD,2.0,Month-to-Month,Small Business,Electronic Check,73.09,196.0,125202.39,10788.32,,34.68,7.0,7.0,2,255.61,1.0,24.0,Yes
CUST100364,39.0,Female,,Employed,Bachelor,47.0,One-Year,Individual,Credit Card,43.18,1991.86,82114.59,6640.5,655.0,11.01,3.0,6.0,2,61.85,2.0,0.0,Yes
CUST101201,35.0,Male,East,Retired,,22.0,Two-Year,Enterprise,Electronic Check,151.63,3546.23,51754.16,4178.31,641.0,80.74,1.0,9.0,1,50.85,0.0,27.0,No
CUST100985,49.0,Female,North,Employed,Bachelor,4.0,Month-to-Month,Family,Electronic Check,84.72,311.19,23804.36,1847.0,573.0,20.66,14.0,7.0,1,27.73,1.0,,No
CUST100876,41.0,Male,North,Unemployed,Master,42.0,Month-to-Month,Small Business,Electronic Check,59.52,2693.6,27662.98,2327.47,765.0,114.31,1.0,,1,69.25,1.0,29.0,No
CUST101102,48.0,Female,East,Unemployed,Bachelor,4.0,Two-Year,Individual,Bank Transfer,79.3,324.76,35255.81,2895.12,617.0,30.47,1.0,7.0,1,52.01,2.0,28.0,No
CUST101468,24.0,Other,South,Self-Employed,Master,14.0,One-Year,Small Business,Mailed Check,114.42,1736.01,15884.32,1291.39,650.0,133.75,1.0,7.0,4,22.63,1.0,8.0,Yes
CUST101613,42.0,Female,North,Employed,Master,12.0,One-Year,Family,Bank Transfer,85.48,993.41,39845.49,3394.17,631.0,65.79,3.0,8.0,2,59.11,1.0,2.0,No
CUST101887,43.0,Female,South,Employed,Bachelor,19.0,Month-to-Month,Individual,Electronic Check,79.05,1224.29,59363.71,5142.39,790.0,56.75,3.0,,4,64.89,0.0,21.0,Yes
CUST100527,43.0,Female,North,Self-Employed,Master,3.0,Month-to-Month,Enterprise,Credit Card,129.21,459.82,33246.53,2728.14,645.0,31.14,2.0,7.0,1,12.02,1.0,40.0,Yes
CUST101886,28.0,Female,South,Employed,Bachelor,12.0,One-Year,Individual,Bank Transfer,72.17,1004.3,41018.25,3396.69,614.0,29.15,13.0,6.0,1,29.04,2.0,6.0,No
CUST101829,38.0,Other,North,Employed,,11.0,Month-to-Month,Family,Bank Transfer,81.97,957.05,57168.17,4736.87,808.0,39.72,2.0,,2,108.13,1.0,8.0,Yes
CUST100588,44.0,Female,South,Employed,Bachelor,72.0,Month-to-Month,Enterprise,,106.27,7297.46,44266.68,,748.0,64.28,2.0,6.0,1,77.82,0.0,28.0,Yes
CUST100499,23.0,Female,South,Employed,Bachelor,72.0,Month-to-Month,Family,Bank Transfer,84.89,6004.36,,7721.5,750.0,26.31,0.0,8.0,1,66.84,3.0,12.0,Yes
CUST101061,58.0,Male,North,Self-Employed,High School,16.0,Month-to-Month,Small Business,Credit Card,116.02,1836.35,81640.41,6725.53,658.0,30.42,4.0,9.0,1,69.84,0.0,2.0,No
CUST100706,30.0,Female,East,Employed,Bachelor,33.0,Month-to-Month,Family,Credit Card,85.64,2816.41,90797.69,7655.36,639.0,21.87,1.0,,4,53.86,2.0,19.0,Yes
CUST101627,60.0,Male,South,Retired,Master,16.0,Two-Year,Individual,Bank Transfer,66.19,1070.68,55857.46,4651.7,698.0,23.48,3.0,,1,24.87,1.0,23.0,No
CUST100646,48.0,Male,South,Employed,High School,23.0,One-Year,Small Business,Bank Transfer,116.94,2692.16,74703.41,6288.1,636.0,,15.0,6.0,2,94.27,0.0,15.0,Yes
CUST101129,18.0,Female,North,Employed,Master,2.0,One-Year,Individual,Credit Card,66.01,156.44,99483.19,,686.0,28.96,1.0,10.0,2,123.42,3.0,4.0,No
CUST100733,39.0,Male,South,Employed,Master,57.0,Month-to-Month,Individual,Electronic Check,29.03,1735.61,15805.96,1362.27,630.0,49.69,1.0,8.0,1,14.35,1.0,29.0,No
CUST101610,44.0,Male,North,Unemployed,Master,4.0,One-Year,Family,Credit Card,82.81,334.4,69404.98,5836.4,,23.59,12.0,6.0,3,93.29,0.0,46.0,Yes
CUST100975,29.0,Male,Central,Retired,High School,12.0,One-Year,Individual,Credit Card,86.08,1009.06,48285.66,4081.37,813.0,44.58,0.0,9.0,2,23.52,0.0,4.0,No
CUST101084,,Female,Central,Employed,Bachelor,7.0,Two-Year,Family,Electronic Check,92.82,674.87,58461.02,5004.1,766.0,47.21,4.0,7.0,1,57.95,0.0,28.0,No
CUST100384,22.0,Female,North,Employed,Bachelor,11.0,Two-Year,Small Business,Bank Transfer,75.3,832.38,50112.48,4147.8,659.0,37.96,2.0,7.0,1,33.74,1.0,8.0,No
CUST100161,32.0,Female,North,Employed,Bachelor,32.0,One-Year,Small Business,Electronic Check,73.0,2393.72,61765.14,5298.74,744.0,102.48,11.0,6.0,3,55.5,1.0,,No
CUST101689,51.0,Male,North,Unemployed,High School,23.0,Two-Year,Individual,Electronic Check,60.64,1227.84,18700.23,1567.99,741.0,23.04,1.0,8.0,1,27.21,3.0,5.0,No
CUST101458,62.0,Female,West,Employed,High School,23.0,Month-to-Month,Individual,Bank Transfer,45.23,989.77,167477.29,13915.53,589.0,8.11,0.0,9.0,6,409.42,3.0,3.0,No
CUST100489,49.0,Female,East,Employed,Master,25.0,Two-Year,Small Business,Credit Card,62.57,1555.05,30619.77,2521.26,726.0,26.08,1.0,9.0,2,24.36,2.0,87.0,No
CUST101010,26.0,Female,South,Employed,Master,2.0,One-Year,Individual,Bank Transfer,75.56,151.1,124253.13,10863.28,731.0,36.95,2.0,9.0,3,22.44,1.0,3.0,No
CUST100477,27.0,Male,West,Employed,PhD,30.0,One-Year,Enterprise,Electronic Check,109.0,2867.57,34747.71,3045.65,775.0,44.13,0.0,7.0,1,34.5,0.0,1.0,No
CUST101005,45.0,Female,South,Retired,High School,20.0,Month-to-Month,Small Business,Electronic Check,76.36,1453.17,83977.79,6718.92,691.0,51.23,7.0,6.0,3,67.35,0.0,9.0,Yes
CUST100441,45.0,Female,West,Employed,PhD,34.0,One-Year,Individual,Mailed Check,34.22,1109.25,12069.8,963.03,695.0,27.57,3.0,8.0,1,11.3,1.0,11.0,No
CUST100631,72.0,Male,North,Employed,Master,40.0,One-Year,Family,Bank Transfer,119.29,4793.47,154134.79,12562.5,546.0,54.52,2.0,7.0,4,36.0,3.0,27.0,Yes
CUST101922,18.0,Male,South,Retired,Bachelor,17.0,One-Year,Family,Electronic Check,64.53,959.45,67142.9,5779.96,682.0,87.44,2.0,7.0,1,249.23,1.0,11.0,No
CUST101933,57.0,Female,North,Retired,High School,46.0,Month-to-Month,Individual,Bank Transfer,55.62,2680.99,35518.06,3008.37,596.0,73.94,2.0,7.0,3,27.97,4.0,70.0,No
CUST100639,47.0,Male,Central,Employed,High School,51.0,Two-Year,Family,Mailed Check,92.31,4458.16,,2991.02,659.0,,0.0,9.0,3,64.22,1.0,19.0,No
CUST101492,34.0,Female,East,Unemployed,High School,62.0,One-Year,Small Business,Credit Card,88.28,5505.92,59284.32,4873.91,676.0,35.06,3.0,7.0,1,82.88,2.0,19.0,No
CUST100723,23.0,Female,North,Unemployed,Bachelor,28.0,Month-to-Month,Family,Bank Transfer,37.15,994.88,105027.28,8742.14,709.0,73.85,14.0,7.0,2,148.69,1.0,7.0,Yes
CUST101684,33.0,Female,South,Employed,Master,13.0,Month-to-Month,Family,Bank Transfer,93.59,1185.52,18008.35,1439.86,690.0,33.3,1.0,8.0,1,52.63,0.0,5.0,Yes
CUST100493,46.0,Male,North,Employed,High School,15.0,Month-to-Month,Small Business,Electronic Check,38.8,500.55,59890.89,4876.97,671.0,,2.0,8.0,1,206.65,1.0,1.0,No
CUST101368,56.0,Male,,Self-Employed,,13.0,One-Year,Small Business,Electronic Check,85.66,910.65,,4147.79,740.0,53.63,1.0,8.0,1,35.1,0.0,19.0,No
CUST100118,60.0,Male,South,Employed,High School,12.0,Month-to-Month,Enterprise,Electronic Check,148.27,1773.32,29896.33,2554.79,700.0,48.45,0.0,10.0,1,22.41,0.0,27.0,Yes
CUST101862,58.0,Female,West,Unemployed,Master,4.0,One-Year,Small Business,Electronic Check,77.05,240.67,135648.65,11124.07,733.0,33.37,3.0,9.0,5,191.74,1.0,17.0,No
CUST101200,25.0,Female,West,Retired,Bachelor,16.0,Month-to-Month,Small Business,Bank Transfer,97.34,,61229.71,5209.12,751.0,28.36,3.0,7.0,2,93.67,0.0,2.0,No
CUST101934,25.0,Female,West,Employed,High School,22.0,Month-to-Month,Individual,Credit Card,67.3,1504.36,33857.35,3051.1,669.0,36.76,2.0,8.0,2,28.2,1.0,25.0,Yes
CUST101090,34.0,Female,East,,Bachelor,17.0,Month-to-Month,Small Business,Credit Card,53.24,992.49,32273.7,2609.0,714.0,,1.0,7.0,2,47.6,0.0,16.0,Yes
CUST100889,21.0,Female,West,Self-Employed,Master,12.0,One-Year,Individual,Credit Card,41.67,520.52,20473.66,1677.23,599.0,42.66,4.0,8.0,4,9.27,3.0,10.0,No
CUST101259,35.0,Female,North,Employed,High School,35.0,Month-to-Month,Individual,Credit Card,31.63,1162.7,38986.83,3422.18,581.0,98.31,3.0,8.0,1,163.07,1.0,0.0,No
CUST100414,38.0,Female,Central,Self-Employed,Bachelor,29.0,Month-to-Month,Individual,Electronic Check,53.08,1401.53,82935.72,6925.75,726.0,44.46,3.0,7.0,2,92.75,1.0,23.0,No
CUST101240,56.0,Female,North,Retired,High School,4.0,Month-to-Month,Individual,Bank Transfer,60.83,290.9,79509.3,7053.56,839.0,32.31,1.0,9.0,4,106.1,1.0,5.0,No
CUST100770,62.0,Female,North,Employed,High School,49.0,Month-to-Month,Individual,Bank Transfer,84.65,4676.77,78977.19,6792.67,595.0,36.26,,8.0,3,224.64,1.0,2.0,No
CUST100804,56.0,Male,West,Retired,PhD,35.0,Two-Year,Small Business,Credit Card,81.36,2847.23,43348.95,3746.07,679.0,15.94,1.0,,2,38.96,1.0,6.0,No
CUST101818,47.0,Male,West,Employed,Master,15.0,Two-Year,Enterprise,Credit Card,96.68,1456.64,,5245.01,626.0,59.0,1.0,9.0,5,30.76,2.0,19.0,No
CUST100948,46.0,Female,South,Employed,Bachelor,38.0,Month-to-Month,Individual,Bank Transfer,59.49,,45801.38,3847.59,687.0,39.96,2.0,,1,73.05,1.0,41.0,Yes
CUST101647,55.0,Male,East,Employed,Master,27.0,Two-Year,Individual,Credit Card,23.52,723.49,39551.73,3478.42,791.0,78.18,1.0,9.0,1,92.22,0.0,21.0,No
CUST100572,44.0,Female,East,Retired,Bachelor,25.0,Month-to-Month,Family,Credit Card,68.62,1588.99,19881.75,1529.39,629.0,47.99,1.0,9.0,1,26.01,0.0,16.0,Yes
CUST101451,,Female,Central,Employed,High School,19.0,Month-to-Month,Individual,Credit Card,70.2,1351.07,97625.88,7604.66,661.0,30.58,0.0,8.0,1,133.67,0.0,,Yes
CUST101425,30.0,Male,West,Employed,Bachelor,57.0,One-Year,Individual,Credit Card,63.63,3576.2,51439.37,4602.17,771.0,29.23,2.0,8.0,1,56.94,0.0,2.0,No
CUST101288,65.0,,North,Self-Employed,Bachelor,39.0,Month-to-Month,Individual,Credit Card,61.76,2205.02,45098.49,3780.82,595.0,84.26,1.0,8.0,2,51.26,0.0,6.0,No
CUST100672,32.0,Other,East,Retired,High School,10.0,One-Year,Family,Electronic Check,80.27,757.48,59045.3,4697.77,592.0,34.14,,8.0,2,41.58,1.0,12.0,No
CUST100399,33.0,Female,North,Employed,Master,7.0,Month-to-Month,Individual,Credit Card,89.21,665.96,33828.67,2586.73,774.0,39.3,4.0,10.0,3,31.29,0.0,11.0,No
CUST100551,48.0,Male,East,Employed,Bachelor,53.0,Month-to-Month,Individual,Bank Transfer,71.94,3687.05,36995.67,3014.01,,29.34,0.0,7.0,1,32.69,0.0,1.0,No
CUST100320,50.0,Female,North,Employed,PhD,48.0,Month-to-Month,Individual,Credit Card,61.95,2799.55,59401.43,5152.33,532.0,48.78,,6.0,3,68.56,2.0,8.0,Yes
CUST100469,29.0,Male,North,Employed,Bachelor,7.0,One-Year,Individual,Credit Card,72.93,481.12,29221.64,2563.84,719.0,65.89,2.0,9.0,1,63.52,0.0,10.0,No
CUST101889,48.0,Female,South,Self-Employed,Master,54.0,Two-Year,Family,Credit Card,69.54,4138.85,75176.36,6749.07,647.0,42.08,5.0,7.0,5,79.03,2.0,8.0,No
CUST101237,48.0,Male,Central,Employed,Bachelor,72.0,Two-Year,Individual,Bank Transfer,52.14,3589.27,23929.59,1996.2,761.0,86.39,0.0,8.0,2,26.35,0.0,5.0,No
CUST101926,34.0,Male,North,Employed,High School,72.0,Month-to-Month,Individual,Bank Transfer,51.49,2933.73,21449.7,1754.25,669.0,71.09,3.0,8.0,1,18.87,1.0,3.0,No
CUST101234,45.0,Male,West,Self-Employed,,71.0,One-Year,Individual,,62.84,4004.71,52096.07,4511.87,530.0,35.35,2.0,8.0,1,77.5,1.0,3.0,No
CUST100079,37.0,Male,Central,Employed,PhD,20.0,One-Year,Individual,Credit Card,51.71,954.59,90230.9,7397.99,677.0,76.62,,6.0,1,109.44,0.0,18.0,No
CUST100533,46.0,Male,East,Retired,Bachelor,64.0,One-Year,Family,Electronic Check,80.45,4378.73,53131.4,4214.86,661.0,21.34,1.0,8.0,3,68.84,1.0,7.0,No
CUST101545,38.0,Female,East,Employed,Bachelor,36.0,One-Year,Small Business,Bank Transfer,112.63,4030.21,30594.11,2640.31,691.0,61.22,1.0,9.0,2,97.26,0.0,3.0,No
CUST100457,31.0,Female,East,Employed,High School,8.0,Month-to-Month,Family,Credit Card,92.05,718.08,18089.12,1533.31,568.0,65.72,0.0,8.0,2,52.38,4.0,10.0,Yes
CUST100290,38.0,Female,North,Employed,Bachelor,33.0,One-Year,Individual,Credit Card,78.58,3119.56,31399.13,2461.92,719.0,52.8,3.0,7.0,3,39.73,0.0,21.0,No
CUST101470,42.0,Female,Central,Employed,Master,10.0,Month-to-Month,Small Business,Electronic Check,108.13,1065.08,,4565.76,761.0,78.72,1.0,8.0,1,78.67,0.0,30.0,Yes
CUST100370,41.0,Male,West,Employed,Master,44.0,Month-to-Month,Individual,Credit Card,89.44,4207.71,77390.66,6184.6,806.0,84.32,0.0,9.0,1,141.55,0.0,20.0,No
CUST100265,53.0,Other,East,Employed,Master,66.0,Month-to-Month,Small Business,Electronic Check,56.05,3575.07,36617.09,3127.7,624.0,,15.0,7.0,3,16.73,1.0,55.0,No
CUST101708,53.0,Female,West,Retired,High School,42.0,Month-to-Month,Individual,Credit Card,59.56,2595.83,,5340.41,823.0,10.44,4.0,8.0,2,53.03,1.0,2.0,No
CUST100164,51.0,Male,North,Retired,PhD,42.0,Month-to-Month,Family,Bank Transfer,73.77,2942.3,63224.82,5061.58,757.0,,2.0,6.0,3,32.86,1.0,9.0,No
CUST101324,44.0,Male,South,Retired,Master,12.0,Month-to-Month,Family,Electronic Check,75.34,910.15,57740.77,4554.4,681.0,18.91,2.0,7.0,3,49.08,2.0,92.0,Yes
CUST101491,41.0,Male,South,Employed,Master,5.0,One-Year,Individual,Bank Transfer,80.16,400.47,37385.31,3410.92,718.0,71.49,0.0,9.0,1,103.76,0.0,1.0,No
CUST100473,43.0,Female,West,,Bachelor,25.0,Two-Year,Individual,Electronic Check,74.76,1848.98,53182.31,4458.78,659.0,26.53,1.0,8.0,1,40.35,4.0,35.0,No
CUST100875,18.0,Other,South,Unemployed,Bachelor,14.0,Two-Year,Individual,Mailed Check,83.44,1227.16,34652.08,3026.75,727.0,44.09,3.0,8.0,1,35.21,0.0,1.0,No
CUST100197,36.0,Male,East,Employed,PhD,67.0,Month-to-Month,Small Business,Credit Card,76.94,4566.08,48893.2,4085.2,700.0,48.44,8.0,7.0,3,64.52,0.0,12.0,Yes
CUST100185,,Male,Central,Retired,High School,30.0,Month-to-Month,Family,Electronic Check,88.57,2838.04,174510.8,14682.56,638.0,7.5,2.0,8.0,5,272.87,0.0,24.0,Yes
CUST101363,51.0,Female,South,Self-Employed,Bachelor,23.0,Month-to-Month,Family,Credit Card,78.85,1718.77,32970.03,2701.82,760.0,28.87,8.0,8.0,3,38.74,0.0,19.0,Yes
CUST100421,31.0,Female,,Employed,Bachelor,34.0,One-Year,Small Business,Credit Card,111.27,3524.03,227064.57,19883.03,637.0,,1.0,9.0,5,166.26,1.0,4.0,No
CUST100256,46.0,Female,West,Employed,Bachelor,49.0,One-Year,Family,Bank Transfer,68.48,,93078.08,7843.68,850.0,76.58,2.0,8.0,3,115.6,0.0,14.0,No
CUST100135,29.0,Female,West,Employed,High School,26.0,Month-to-Month,Family,Mailed Check,81.37,2408.65,98443.24,7661.45,682.0,42.07,2.0,8.0,3,523.54,1.0,5.0,No
CUST101411,68.0,Female,North,Self-Employed,High School,20.0,Month-to-Month,Family,Mailed Check,104.78,2327.4,57100.63,4959.71,719.0,35.72,2.0,8.0,1,119.54,0.0,28.0,Yes
CUST101358,36.0,Female,North,Employed,,48.0,One-Year,Individual,Credit Card,16.9,745.62,57467.7,4491.13,704.0,26.59,2.0,8.0,1,58.02,1.0,1.0,No
CUST101866,38.0,Male,North,Employed,Bachelor,16.0,Two-Year,Enterprise,Credit Card,90.49,1596.22,48481.31,3981.29,690.0,52.59,6.0,6.0,1,57.92,1.0,17.0,No
CUST101988,31.0,Female,North,Employed,,72.0,Month-to-Month,Small Business,Bank Transfer,73.09,5541.97,92254.95,7302.56,675.0,31.59,0.0,10.0,2,125.94,0.0,25.0,No
CUST100866,25.0,Male,East,Self-Employed,Bachelor,56.0,One-Year,Individual,Bank Transfer,104.93,5570.93,46863.06,4110.31,655.0,35.06,2.0,7.0,1,82.06,1.0,,No
CUST101636,20.0,Male,South,Self-Employed,High School,58.0,One-Year,Family,Credit Card,60.57,3306.19,36163.68,3284.41,761.0,25.04,1.0,7.0,1,105.55,1.0,17.0,No
CUST101795,37.0,Female,South,Retired,Bachelor,19.0,Month-to-Month,Enterprise,Electronic Check,112.44,2293.28,63849.34,5346.26,658.0,23.27,12.0,6.0,4,178.35,1.0,31.0,Yes
CUST101037,,Female,South,Unemployed,High School,25.0,Two-Year,Family,Credit Card,101.83,2308.98,68080.89,5879.6,655.0,94.09,1.0,7.0,1,39.05,0.0,4.0,No
CUST101950,42.0,Male,South,Employed,Bachelor,54.0,Two-Year,Small Business,Credit Card,120.38,7033.58,50598.97,4234.02,703.0,29.52,1.0,7.0,1,56.13,0.0,1.0,No
CUST100049,42.0,Female,North,Retired,High School,28.0,Month-to-Month,Family,,58.28,1444.55,71753.37,5853.7,695.0,14.03,1.0,10.0,3,74.63,0.0,8.0,Yes
CUST100526,58.0,Female,Central,,PhD,0.0,Two-Year,Small Business,Credit Card,111.91,12.04,73025.35,6050.63,640.0,24.6,4.0,9.0,3,134.41,1.0,22.0,No
CUST100452,,Male,East,Employed,Master,10.0,Month-to-Month,Individual,Electronic Check,58.07,516.13,23179.54,1848.24,706.0,24.72,0.0,9.0,1,24.18,1.0,34.0,Yes
CUST101434,44.0,Female,Central,Retired,Bachelor,57.0,Month-to-Month,Family,Credit Card,111.11,6625.52,29716.73,2370.48,744.0,34.03,0.0,9.0,1,122.16,2.0,12.0,Yes
CUST100682,56.0,Male,South,Employed,Bachelor,30.0,Month-to-Month,Individual,Bank Transfer,58.92,1611.01,52804.67,4098.47,693.0,29.38,0.0,7.0,1,60.32,0.0,3.0,No
CUST100462,22.0,Female,North,Employed,High School,8.0,Month-to-Month,Family,Electronic Check,78.43,599.26,58996.79,4853.0,808.0,76.12,0.0,7.0,3,46.87,1.0,1.0,No
CUST100935,48.0,Female,Central,,Bachelor,26.0,One-Year,Small Business,Credit Card,79.75,2194.91,39284.7,3207.46,725.0,4.3,0.0,9.0,3,53.52,1.0,2.0,No
CUST101652,47.0,Male,Central,Unemployed,Bachelor,11.0,One-Year,Small Business,Mailed Check,75.41,901.86,15700.98,1291.43,697.0,12.68,1.0,7.0,1,8.08,1.0,4.0,No
CUST100647,20.0,Female,West,Retired,High School,11.0,Month-to-Month,Family,Electronic Check,94.86,1020.25,30423.3,,701.0,36.22,1.0,7.0,1,47.01,2.0,63.0,Yes
CUST101734,35.0,Other,North,Self-Employed,Master,8.0,One-Year,Individual,Bank Transfer,38.89,269.88,49694.62,3854.16,661.0,37.48,1.0,9.0,1,46.47,0.0,1.0,No
CUST101057,46.0,Female,North,Employed,,17.0,Month-to-Month,Individual,Mailed Check,39.45,548.79,44583.43,3706.31,636.0,,4.0,7.0,1,39.47,1.0,34.0,Yes
CUST100859,49.0,Male,West,,PhD,16.0,Month-to-Month,Family,Credit Card,80.46,1278.64,57331.4,4968.93,730.0,38.72,1.0,10.0,1,24.54,0.0,52.0,Yes
CUST100247,63.0,Female,North,Retired,Bachelor,15.0,Month-to-Month,Individual,Bank Transfer,62.69,883.0,52061.76,4572.2,625.0,21.42,1.0,10.0,1,101.05,0.0,16.0,No
CUST100990,51.0,Female,North,,High School,4.0,Two-Year,Individual,Credit Card,73.3,321.71,39724.8,3381.02,723.0,58.68,1.0,8.0,4,37.64,0.0,5.0,No
CUST101179,46.0,Male,East,Self-Employed,High School,10.0,Two-Year,Family,Electronic Check,94.78,943.19,25220.64,2033.52,613.0,20.51,1.0,8.0,2,56.12,2.0,6.0,No
CUST101878,58.0,Female,South,Employed,High School,15.0,Month-to-Month,Family,Bank Transfer,81.49,1184.44,22935.92,1970.21,620.0,60.51,3.0,,1,72.11,1.0,28.0,Yes
CUST101506,18.0,Female,North,Self-Employed,High School,68.0,One-Year,Individual,Credit Card,81.98,5320.33,43459.41,3887.76,674.0,28.28,3.0,9.0,4,47.19,1.0,4.0,No
CUST101777,44.0,Female,West,Employed,Bachelor,58.0,Two-Year,Individual,Bank Transfer,60.14,3396.95,30683.05,2489.36,749.0,70.29,0.0,8.0,2,10.21,0.0,7.0,No
CUST100216,47.0,Other,Central,Employed,,1.0,Month-to-Month,Small Business,Bank Transfer,83.39,82.0,79139.9,6452.96,776.0,75.26,2.0,8.0,2,190.91,1.0,48.0,No
CUST101964,32.0,Female,Central,Self-Employed,,29.0,Month-to-Month,Individual,Electronic Check,74.39,2134.29,23332.81,1968.76,760.0,36.96,1.0,9.0,2,37.1,0.0,8.0,No
CUST100543,39.0,Male,West,Retired,,43.0,One-Year,Individual,Mailed Check,59.17,2707.18,25424.44,2118.37,675.0,15.69,1.0,7.0,1,26.06,1.0,18.0,No
CUST101487,25.0,Male,East,Employed,PhD,16.0,Month-to-Month,Family,Electronic Check,103.79,1683.16,23247.46,1974.36,655.0,53.73,1.0,8.0,1,18.13,3.0,6.0,No
CUST100438,33.0,Male,,Self-Employed,Bachelor,54.0,Month-to-Month,Individual,Credit Card,61.33,3943.31,33709.17,2530.39,757.0,32.36,1.0,9.0,1,25.21,0.0,5.0,No
CUST100860,29.0,Female,East,Unemployed,High School,31.0,Month-to-Month,Individual,Credit Card,58.01,1739.06,44630.15,3887.99,719.0,134.38,2.0,9.0,1,47.13,0.0,18.0,Yes
CUST100950,20.0,Male,South,Unemployed,Master,13.0,Two-Year,Family,Credit Card,79.41,962.51,,2653.54,543.0,58.46,2.0,8.0,2,59.78,1.0,,Yes
CUST100326,22.0,Male,North,Employed,,29.0,One-Year,Enterprise,Credit Card,112.7,3288.23,38640.27,3164.88,671.0,38.26,3.0,9.0,3,41.81,1.0,4.0,No
CUST100226,71.0,Female,East,Employed,High School,19.0,One-Year,Individual,Credit Card,72.17,1398.24,49111.06,,752.0,45.63,2.0,,2,42.47,0.0,4.0,No
CUST101695,46.0,Male,West,Employed,Bachelor,21.0,Two-Year,Small Business,Credit Card,87.8,1575.86,82421.04,6884.85,705.0,43.33,2.0,8.0,4,81.38,1.0,1.0,No
CUST100553,,Female,South,Employed,Bachelor,29.0,Two-Year,Family,Credit Card,82.51,2325.4,56034.13,4510.62,590.0,91.37,4.0,6.0,1,68.69,0.0,33.0,No
CUST100061,37.0,Female,West,Retired,High School,23.0,Month-to-Month,Individual,Electronic Check,58.46,1444.71,40667.07,3461.99,639.0,23.06,3.0,7.0,1,26.16,0.0,32.0,Yes
CUST101537,21.0,Male,South,Employed,High School,25.0,Two-Year,Individual,Electronic Check,43.35,1119.59,41221.56,3137.32,665.0,33.19,1.0,9.0,1,44.94,1.0,1.0,No
CUST101625,55.0,Male,East,Retired,High School,72.0,Month-to-Month,Family,,75.72,4794.3,36666.22,3085.15,502.0,23.43,1.0,7.0,5,15.97,1.0,48.0,No
CUST101948,31.0,Male,Central,Retired,High School,38.0,One-Year,Family,Electronic Check,72.75,2776.75,45255.49,,675.0,85.07,3.0,8.0,4,24.94,1.0,25.0,No
CUST100155,62.0,Male,North,Employed,High School,41.0,Two-Year,Individual,,54.17,1995.79,38526.51,3200.88,681.0,7.21,1.0,9.0,1,47.58,1.0,11.0,No
CUST101828,30.0,Male,North,Employed,High School,18.0,One-Year,Individual,Electronic Check,67.35,1233.55,38691.96,3295.42,647.0,31.4,3.0,9.0,1,45.42,1.0,1.0,No
CUST101311,51.0,Female,East,Self-Employed,,13.0,Month-to-Month,Enterprise,Bank Transfer,159.65,2110.57,31184.89,2654.43,596.0,23.4,1.0,9.0,2,41.32,1.0,17.0,Yes
CUST101366,27.0,Male,West,Self-Employed,Bachelor,8.0,One-Year,Individual,Electronic Check,78.37,644.58,44128.18,3638.68,561.0,83.89,1.0,8.0,2,68.04,0.0,4.0,No
CUST101644,23.0,Male,Central,Employed,High School,27.0,Two-Year,Small Business,Electronic Check,109.95,2814.82,138421.54,10623.34,570.0,9.98,6.0,,2,213.15,1.0,4.0,No
CUST101952,20.0,Male,West,Employed,High School,72.0,Month-to-Month,Enterprise,Bank Transfer,103.6,6967.24,75200.33,6558.99,596.0,105.2,3.0,8.0,3,182.91,0.0,3.0,No
CUST101908,35.0,Female,North,Employed,Bachelor,38.0,Two-Year,Family,Electronic Check,117.73,3947.75,75038.23,6112.83,717.0,64.37,3.0,8.0,1,90.44,1.0,13.0,No
CUST100348,22.0,Male,West,Employed,Bachelor,25.0,Month-to-Month,Individual,Credit Card,85.28,2062.41,82672.64,6384.5,654.0,17.05,15.0,8.0,1,321.17,0.0,8.0,No
CUST101809,53.0,Female,North,Employed,High School,29.0,Month-to-Month,Individual,Electronic Check,76.82,2222.65,80181.55,,808.0,90.86,0.0,7.0,3,106.37,0.0,9.0,No
CUST100166,52.0,Male,South,Unemployed,PhD,14.0,One-Year,Family,Electronic Check,76.6,1038.47,70535.82,5707.56,682.0,9.55,1.0,6.0,1,46.61,1.0,43.0,No
CUST101527,39.0,Male,East,Employed,Bachelor,23.0,Two-Year,Individual,Bank Transfer,41.35,937.55,61710.01,5297.8,682.0,40.14,1.0,7.0,2,86.76,0.0,20.0,Yes
CUST101888,22.0,Male,South,Employed,High School,17.0,Month-to-Month,Family,Credit Card,62.02,925.39,23686.5,1991.25,596.0,35.04,1.0,9.0,2,26.37,2.0,15.0,Yes
CUST100204,18.0,Male,West,Employed,High School,23.0,One-Year,Family,Bank Transfer,48.01,1241.53,,3054.81,639.0,59.43,3.0,7.0,1,63.39,0.0,18.0,No
CUST100906,38.0,Female,West,Retired,Bachelor,25.0,One-Year,Individual,Electronic Check,67.54,1552.55,41096.94,3435.75,587.0,35.47,5.0,9.0,4,54.14,0.0,56.0,Yes
CUST100913,34.0,Male,South,Employed,High School,27.0,Month-to-Month,Individual,Mailed Check,55.34,1542.73,21203.85,1845.8,701.0,88.04,1.0,,1,23.04,0.0,9.0,Yes
CUST101808,41.0,Male,South,Employed,High School,32.0,Month-to-Month,Family,Credit Card,55.17,1924.07,71786.07,,784.0,13.81,0.0,,2,86.18,0.0,6.0,No
CUST100186,43.0,Female,North,Employed,High School,16.0,Month-to-Month,Individual,Credit Card,55.7,981.02,200276.98,2735.04,722.0,28.54,2.0,8.0,1,47.29,0.0,1.0,No
CUST100777,46.0,Male,West,Employed,Bachelor,22.0,Month-to-Month,Small Business,Credit Card,66.8,1497.0,37337.17,3102.53,628.0,12.49,2.0,10.0,1,63.2,0.0,1.0,No
CUST101941,42.0,Male,North,Retired,Master,15.0,One-Year,Individual,Credit Card,61.75,960.23,267246.31,,721.0,38.67,2.0,9.0,1,33.72,0.0,5.0,No
CUST101683,56.0,Female,Central,Self-Employed,Bachelor,12.0,Month-to-Month,Small Business,Mailed Check,105.49,1188.45,76571.23,6686.16,715.0,90.07,1.0,10.0,1,108.76,0.0,7.0,Yes
CUST101033,47.0,Female,South,Employed,High School,18.0,Month-to-Month,Individual,Bank Transfer,93.47,1656.83,38980.79,3525.78,786.0,50.35,3.0,8.0,1,88.71,0.0,22.0,No
CUST100010,52.0,Male,Central,Employed,Bachelor,16.0,One-Year,Enterprise,Electronic Check,115.78,1713.65,40221.94,3285.49,722.0,31.19,2.0,8.0,1,21.66,0.0,0.0,No
CUST101979,47.0,Female,Central,Employed,High School,28.0,Month-to-Month,Family,Bank Transfer,94.39,2773.21,,2129.69,727.0,,1.0,9.0,2,17.42,1.0,36.0,No
CUST101233,42.0,Male,North,Self-Employed,High School,30.0,Two-Year,Family,Bank Transfer,46.93,1336.54,99614.13,7907.2,596.0,32.92,2.0,7.0,4,26.12,1.0,5.0,No
CUST100555,37.0,Male,West,Employed,Bachelor,37.0,One-Year,Individual,Bank Transfer,65.59,2798.96,77529.86,6911.73,762.0,57.83,1.0,9.0,4,36.61,0.0,1.0,No
CUST100289,40.0,Male,Central,Unemployed,High School,34.0,One-Year,Individual,Bank Transfer,43.54,1442.49,49128.98,3835.47,522.0,46.51,2.0,7.0,1,122.54,0.0,20.0,No
CUST100427,62.0,Female,,Retired,Bachelor,13.0,One-Year,Small Business,Credit Card,71.65,1033.23,162872.93,13060.91,788.0,42.7,2.0,8.0,1,85.81,2.0,7.0,No
CUST101332,52.0,Female,West,Retired,High School,21.0,Month-to-Month,Small Business,Electronic Check,94.42,1983.3,15827.47,1320.36,597.0,60.66,4.0,7.0,1,42.56,0.0,5.0,Yes
CUST100121,43.0,Female,North,Self-Employed,Bachelor,47.0,Month-to-Month,Enterprise,Credit Card,134.67,5879.47,27116.99,2034.18,673.0,47.33,4.0,9.0,2,16.05,0.0,16.0,Yes
CUST100656,31.0,Female,East,Self-Employed,Bachelor,5.0,Month-to-Month,Family,Mailed Check,97.08,450.84,50173.78,4290.97,731.0,14.19,0.0,9.0,1,47.22,1.0,33.0,Yes
CUST101408,41.0,Male,North,Self-Employed,Bachelor,72.0,Month-to-Month,Family,Credit Card,81.75,5769.72,48202.41,4275.68,704.0,39.38,2.0,6.0,3,36.89,1.0,37.0,Yes
CUST100151,29.0,Male,North,,Bachelor,13.0,Month-to-Month,Small Business,Credit Card,81.2,1159.02,24545.45,2168.8,803.0,19.05,2.0,8.0,1,18.76,0.0,40.0,Yes
CUST101533,27.0,Female,Central,Employed,High School,10.0,Month-to-Month,Enterprise,Electronic Check,132.78,1407.02,66150.65,5439.12,702.0,16.94,3.0,7.0,1,100.33,2.0,42.0,Yes
CUST101136,42.0,Male,South,Employed,High School,17.0,Month-to-Month,Enterprise,Credit Card,88.66,1547.8,27450.55,2225.14,725.0,74.3,0.0,8.0,1,60.2,0.0,4.0,No
CUST101597,44.0,Female,West,Employed,Master,7.0,Month-to-Month,Individual,Credit Card,78.35,550.95,38945.35,3497.96,644.0,80.28,1.0,9.0,1,27.32,1.0,20.0,No
CUST100130,36.0,Female,East,Retired,Master,26.0,Month-to-Month,Family,Electronic Check,28.52,756.81,45597.57,3738.59,680.0,29.73,0.0,9.0,2,74.07,2.0,2.0,No
CUST100850,,Male,East,Employed,High School,29.0,Month-to-Month,Individual,Electronic Check,66.59,1831.01,29383.59,2533.2,658.0,39.06,1.0,7.0,1,56.65,2.0,9.0,No
CUST100133,38.0,Male,West,Employed,,26.0,One-Year,Individual,Mailed Check,61.11,1683.48,70361.8,5522.45,677.0,69.73,2.0,9.0,2,41.38,2.0,5.0,No
CUST100000,45.0,Male,South,Employed,High School,4.0,Two-Year,Enterprise,Bank Transfer,132.63,507.99,118624.78,9982.5,713.0,58.13,1.0,7.0,5,172.54,0.0,15.0,Yes
CUST101984,32.0,Female,North,Self-Employed,,4.0,Two-Year,Individual,,74.3,260.36,23542.62,1922.38,679.0,30.39,1.0,7.0,1,31.36,0.0,26.0,Yes
CUST101593,32.0,Female,North,Employed,Bachelor,43.0,Month-to-Month,Enterprise,Credit Card,112.68,4166.97,34249.69,3064.64,611.0,51.36,1.0,6.0,2,12.26,2.0,17.0,No
CUST101534,65.0,Male,West,Employed,High School,33.0,One-Year,Family,Bank Transfer,82.38,,38142.07,3224.7,524.0,,1.0,8.0,1,56.83,1.0,4.0,No
CUST100699,39.0,Male,North,Employed,Bachelor,9.0,Month-to-Month,Individual,Credit Card,56.51,447.37,312302.07,4779.92,535.0,14.9,1.0,9.0,1,69.95,0.0,11.0,No
CUST101399,24.0,Female,Central,Employed,Bachelor,22.0,Month-to-Month,Individual,Electronic Check,56.12,1270.54,62133.74,5202.2,636.0,26.97,4.0,8.0,4,76.42,1.0,,Yes
CUST101319,55.0,Male,Central,Employed,,12.0,Month-to-Month,Family,Credit Card,78.52,963.66,28133.72,2489.54,682.0,106.4,2.0,8.0,1,17.02,0.0,1.0,No
CUST101095,56.0,Male,West,Employed,Bachelor,27.0,Month-to-Month,Family,Credit Card,66.08,1675.69,83125.44,6933.33,724.0,43.25,1.0,7.0,2,171.35,0.0,5.0,No
CUST101892,27.0,Female,South,Employed,High School,22.0,Month-to-Month,Individual,Electronic Check,68.73,1528.4,29665.63,,726.0,,5.0,8.0,1,15.33,1.0,32.0,Yes
CUST100322,55.0,Male,East,Employed,Master,48.0,One-Year,Small Business,Bank Transfer,91.02,3884.31,17818.45,1482.92,648.0,48.43,3.0,9.0,2,27.42,1.0,7.0,No
CUST100001,29.0,Male,South,Employed,Bachelor,35.0,Month-to-Month,Individual,Electronic Check,95.56,3800.95,22135.34,1784.35,746.0,32.44,1.0,8.0,3,21.38,2.0,10.0,No
CUST101350,38.0,Female,South,Retired,Bachelor,11.0,Month-to-Month,Individual,Electronic Check,62.86,549.31,50545.73,4233.72,696.0,59.51,2.0,7.0,1,53.6,1.0,29.0,Yes
CUST100956,35.0,Female,West,Retired,High School,29.0,Month-to-Month,Small Business,Credit Card,108.56,3283.95,34615.91,2592.84,717.0,55.62,2.0,6.0,3,24.42,0.0,85.0,Yes
CUST101839,30.0,Other,East,Employed,High School,40.0,One-Year,Small Business,Electronic Check,69.98,3057.06,110740.24,8393.15,668.0,48.77,4.0,8.0,5,116.8,1.0,10.0,No
CUST100183,,Male,East,Employed,PhD,6.0,Month-to-Month,Individual,Credit Card,42.12,291.12,,8994.58,783.0,8.98,0.0,10.0,3,134.86,1.0,39.0,No
CUST101241,29.0,Female,West,Unemployed,Master,44.0,Month-to-Month,Small Business,Electronic Check,119.05,5758.16,19347.28,1608.68,666.0,64.19,2.0,8.0,1,19.97,0.0,29.0,Yes
CUST101345,69.0,Male,East,Employed,Bachelor,44.0,Month-to-Month,Individual,Mailed Check,28.91,1337.59,69605.66,5325.5,746.0,,2.0,8.0,1,160.59,0.0,1.0,No
CUST100306,37.0,Female,North,Retired,Master,36.0,One-Year,Small Business,Bank Transfer,108.72,4218.39,72508.3,6361.98,650.0,26.85,1.0,9.0,1,29.38,0.0,31.0,Yes
CUST100729,28.0,Female,North,Employed,Bachelor,44.0,Two-Year,Individual,Electronic Check,70.91,3494.15,17400.89,1428.31,619.0,34.57,1.0,8.0,2,37.9,2.0,1.0,No
CUST101009,46.0,Female,West,Employed,Master,42.0,Month-to-Month,Small Business,Electronic Check,92.71,4133.34,91146.96,7496.98,599.0,29.48,2.0,9.0,1,3033.72,3.0,13.0,No
CUST100549,49.0,Male,North,Retired,High School,35.0,Month-to-Month,Family,Electronic Check,135.07,4385.09,27746.4,2341.48,682.0,37.44,14.0,9.0,1,18.75,0.0,12.0,Yes
CUST100969,41.0,Male,North,Employed,PhD,8.0,Month-to-Month,Individual,Credit Card,69.46,639.43,34538.97,2974.05,631.0,30.18,0.0,7.0,1,103.87,0.0,46.0,Yes
CUST101060,39.0,Female,East,Employed,Bachelor,10.0,Month-to-Month,Family,Credit Card,80.62,690.84,54697.35,4653.62,773.0,70.67,5.0,7.0,4,146.75,2.0,23.0,No
CUST100110,46.0,Female,North,Employed,PhD,35.0,Month-to-Month,Small Business,Electronic Check,101.03,3465.1,19372.76,1548.51,834.0,56.42,1.0,7.0,1,11.21,0.0,14.0,No
CUST101407,49.0,Male,West,Employed,,12.0,One-Year,Individual,Mailed Check,72.46,983.58,92249.18,,701.0,,3.0,5.0,3,160.24,1.0,2.0,No
CUST100888,18.0,Female,,Self-Employed,PhD,37.0,Month-to-Month,Small Business,,115.35,4606.57,43228.29,3724.59,626.0,43.6,2.0,7.0,2,105.56,0.0,10.0,No
CUST101508,65.0,Female,North,Employed,High School,12.0,Two-Year,Family,Credit Card,77.33,973.31,42296.23,3565.47,712.0,,2.0,8.0,2,50.47,2.0,18.0,No
CUST100915,55.0,Female,North,Employed,High School,3.0,One-Year,Individual,Credit Card,79.32,217.19,49999.24,4565.2,696.0,18.38,1.0,9.0,3,190.36,1.0,5.0,No
CUST101606,47.0,Male,East,Employed,Master,17.0,Month-to-Month,Individual,Electronic Check,81.12,1533.03,78993.76,6418.4,648.0,52.22,3.0,8.0,1,235.08,1.0,17.0,No
CUST100926,39.0,Female,North,Employed,Bachelor,7.0,Two-Year,Individual,Credit Card,83.86,555.92,31698.63,2737.3,715.0,91.04,2.0,7.0,2,72.51,2.0,9.0,No
CUST100745,52.0,Female,East,Employed,Master,1.0,Month-to-Month,Individual,Bank Transfer,53.1,60.14,46056.9,3916.27,585.0,54.58,1.0,9.0,2,49.9,2.0,8.0,No
CUST100775,43.0,Male,West,Self-Employed,Bachelor,25.0,Two-Year,Family,Electronic Check,89.59,2180.01,52809.56,4256.71,774.0,46.06,0.0,8.0,3,138.73,1.0,6.0,No
CUST101341,46.0,Female,North,Employed,Master,26.0,One-Year,Family,Mailed Check,88.98,2022.59,42290.89,3578.45,620.0,25.7,1.0,8.0,1,33.21,4.0,26.0,Yes
CUST101566,27.0,Male,West,Unemployed,Bachelor,5.0,Month-to-Month,Family,Bank Transfer,76.83,438.77,29960.82,2523.93,591.0,24.88,4.0,9.0,2,23.93,1.0,17.0,Yes
CUST100577,56.0,Male,West,Employed,High School,72.0,One-Year,Small Business,Credit Card,117.67,9693.52,19934.45,1725.0,676.0,13.86,0.0,9.0,2,45.43,1.0,9.0,No
CUST101187,45.0,Female,South,Employed,Bachelor,7.0,Month-to-Month,Family,Electronic Check,117.32,784.48,39479.52,3300.69,550.0,42.64,2.0,7.0,1,15.6,2.0,17.0,Yes
CUST100263,34.0,Female,Central,Employed,Bachelor,22.0,Month-to-Month,Family,Electronic Check,85.74,1892.26,59037.11,5007.18,660.0,21.48,2.0,7.0,1,40.72,0.0,3.0,Yes
CUST101255,33.0,Female,East,Employed,Master,11.0,Month-to-Month,Family,Credit Card,79.92,910.65,84847.25,7298.31,656.0,18.92,1.0,9.0,4,110.39,0.0,8.0,No
CUST100302,51.0,Female,Central,Self-Employed,High School,36.0,One-Year,Small Business,Bank Transfer,113.87,3291.03,175990.39,15256.87,712.0,36.0,0.0,10.0,4,256.46,0.0,18.0,No
CUST100927,46.0,Male,South,Employed,Master,12.0,Month-to-Month,Family,Bank Transfer,62.02,619.21,26842.51,2191.74,798.0,20.11,8.0,7.0,2,35.46,1.0,31.0,Yes
CUST101199,28.0,Male,East,Employed,Bachelor,26.0,One-Year,Family,Electronic Check,69.18,1940.59,33794.41,2703.69,627.0,31.62,2.0,9.0,1,31.29,1.0,3.0,No
CUST101513,18.0,Female,West,,Bachelor,27.0,One-Year,Individual,Mailed Check,55.9,1530.46,35290.86,2989.19,594.0,25.67,,8.0,2,62.55,0.0,5.0,No
CUST100149,43.0,Female,South,Employed,Master,9.0,Month-to-Month,Enterprise,Bank Transfer,138.01,1164.45,14370.67,1167.49,657.0,39.27,1.0,7.0,1,9.42,1.0,14.0,Yes
CUST101406,44.0,Female,East,Employed,High School,57.0,Two-Year,Individual,Bank Transfer,50.61,2874.52,46736.27,4014.92,677.0,19.96,1.0,8.0,1,44.74,1.0,14.0,No
CUST100071,27.0,Male,,,Bachelor,37.0,Two-Year,Individual,Credit Card,48.4,1873.67,36685.68,3136.82,850.0,30.26,3.0,9.0,1,92.62,0.0,5.0,No
CUST101866,38.0,Male,North,Employed,Bachelor,16.0,Two-Year,Enterprise,Credit Card,90.49,1596.22,48481.31,3981.29,690.0,52.59,6.0,6.0,1,57.92,1.0,17.0,No
CUST100455,43.0,Male,North,Retired,High School,12.0,One-Year,Individual,Bank Transfer,38.55,492.36,55713.32,4196.23,690.0,27.76,0.0,,1,62.43,2.0,13.0,No
CUST100089,46.0,Female,East,Employed,High School,15.0,Month-to-Month,Individual,Mailed Check,83.9,1246.86,64134.0,5417.57,637.0,53.21,4.0,7.0,5,99.26,1.0,14.0,No
CUST100117,41.0,Male,Central,Employed,High School,48.0,One-Year,Individual,Credit Card,95.57,4998.5,29458.39,2334.18,480.0,53.24,,,1,18.6,3.0,18.0,Yes
CUST100321,39.0,Male,East,Employed,High School,33.0,One-Year,Small Business,Electronic Check,341.63,2950.9,84646.54,6990.35,735.0,23.99,1.0,8.0,1,237.27,0.0,11.0,No
CUST101758,29.0,Male,East,Employed,Master,25.0,Month-to-Month,Individual,Mailed Check,47.63,1158.39,28439.7,2401.83,634.0,23.44,1.0,9.0,1,36.11,0.0,3.0,No
CUST101582,48.0,Female,West,Retired,,64.0,Month-to-Month,Small Business,Electronic Check,88.6,6113.36,81654.89,6730.28,733.0,44.68,1.0,9.0,5,117.48,1.0,3.0,No
CUST100459,41.0,Male,North,,Bachelor,72.0,Month-to-Month,Family,Bank Transfer,86.58,6708.24,76427.49,6235.88,697.0,84.46,0.0,7.0,4,236.87,2.0,8.0,No
CUST101963,38.0,Male,West,Retired,High School,23.0,Month-to-Month,Family,Mailed Check,80.41,1812.2,48733.79,4100.27,773.0,35.61,3.0,8.0,2,60.02,0.0,38.0,Yes
CUST101460,53.0,Female,South,Self-Employed,Bachelor,49.0,Month-to-Month,Individual,Electronic Check,73.23,3929.41,66815.97,5937.8,587.0,41.03,2.0,9.0,1,31.6,0.0,6.0,No
CUST100241,40.0,Female,Central,Employed,,27.0,Month-to-Month,Small Business,Electronic Check,60.4,1598.12,97664.56,7816.57,637.0,49.56,0.0,10.0,1,103.44,4.0,14.0,Yes
CUST100698,30.0,Female,South,Employed,Bachelor,72.0,Month-to-Month,Small Business,Mailed Check,66.35,4501.06,48141.15,4164.84,597.0,34.91,3.0,7.0,4,61.17,3.0,52.0,No
CUST100841,41.0,Male,North,Employed,,27.0,Month-to-Month,Family,Credit Card,58.52,1747.62,31713.74,2653.38,675.0,21.89,5.0,7.0,1,12.41,0.0,1.0,No
CUST101440,33.0,Female,Central,Unemployed,High School,10.0,One-Year,Family,Bank Transfer,66.3,672.53,18108.74,,550.0,37.55,1.0,8.0,1,25.38,0.0,12.0,Yes
CUST100702,29.0,Male,East,Employed,Master,18.0,One-Year,Small Business,Credit Card,113.77,2113.94,74646.59,6281.22,572.0,66.65,6.0,9.0,4,33.65,0.0,15.0,Yes
CUST101510,42.0,Female,Central,,High School,15.0,Month-to-Month,Family,Credit Card,48.92,682.41,147546.62,12398.25,739.0,14.29,1.0,8.0,1,48.14,0.0,8.0,No
CUST100584,50.0,Male,South,Self-Employed,Master,10.0,Month-to-Month,Family,Mailed Check,48.78,572.01,16903.25,1327.02,623.0,43.22,0.0,8.0,2,12.92,1.0,25.0,No
CUST100979,46.0,Male,West,Employed,Bachelor,22.0,One-Year,Family,Credit Card,80.78,1775.1,70035.99,5630.01,818.0,59.55,2.0,8.0,1,126.86,0.0,12.0,No
CUST100692,52.0,Female,North,Self-Employed,Bachelor,49.0,One-Year,Family,Bank Transfer,84.25,4094.26,24420.29,2041.03,519.0,66.66,5.0,6.0,1,64.47,0.0,5.0,Yes
CUST100270,32.0,Male,East,Employed,Bachelor,4.0,One-Year,Individual,Bank Transfer,54.42,220.1,43336.0,3877.56,677.0,32.05,13.0,5.0,1,37.51,2.0,46.0,No
CUST101135,56.0,Female,West,Employed,Bachelor,19.0,Two-Year,Individual,Credit Card,50.81,900.32,53078.88,4310.68,559.0,13.55,1.0,9.0,3,32.77,1.0,,No
CUST100595,36.0,Female,North,Employed,High School,11.0,Two-Year,Family,Credit Card,115.75,1347.5,,5085.54,663.0,51.41,10.0,8.0,1,172.59,0.0,0.0,No
CUST100785,44.0,Male,,Employed,High School,32.0,One-Year,Enterprise,Bank Transfer,137.16,4363.86,119098.86,,752.0,37.42,2.0,8.0,1,90.04,0.0,21.0,Yes
CUST101250,53.0,Other,East,Retired,,24.0,Month-to-Month,Small Business,Electronic Check,101.11,2277.65,15861.01,1260.76,651.0,93.39,2.0,8.0,2,26.69,0.0,29.0,Yes
CUST100496,19.0,Male,North,Employed,,17.0,Month-to-Month,Small Business,Bank Transfer,105.34,1813.19,70302.02,6344.64,715.0,43.11,2.0,10.0,2,76.93,1.0,3.0,No
CUST100220,38.0,Male,East,Unemployed,PhD,47.0,Month-to-Month,Individual,,80.28,3463.46,34915.32,3035.09,633.0,28.94,1.0,7.0,2,53.81,2.0,29.0,No
CUST101855,33.0,Male,Central,Employed,High School,30.0,Month-to-Month,Individual,Credit Card,419.47,1388.15,31720.22,2696.69,709.0,41.9,2.0,,1,60.65,0.0,93.0,No
CUST101219,57.0,Male,South,Employed,High School,30.0,Month-to-Month,Small Business,Electronic Check,97.44,2879.79,38971.96,3299.6,551.0,8.99,0.0,9.0,1,17.16,2.0,5.0,Yes
CUST100877,38.0,Male,South,Employed,High School,8.0,Two-Year,Enterprise,Credit Card,136.72,1168.21,,1951.21,668.0,27.2,1.0,10.0,2,47.5,2.0,10.0,Yes
CUST100920,37.0,Female,North,Employed,High School,17.0,Month-to-Month,Individual,Bank Transfer,37.68,521.89,64681.61,5563.19,696.0,23.92,0.0,8.0,1,51.57,1.0,1.0,No
CUST101732,38.0,Male,East,Retired,Bachelor,48.0,One-Year,Individual,Electronic Check,54.61,2683.74,41295.48,3699.17,684.0,16.15,0.0,8.0,2,82.75,0.0,7.0,No
CUST100984,45.0,Male,North,Retired,,55.0,Month-to-Month,Individual,,70.66,3512.4,24686.96,2016.29,531.0,60.21,3.0,8.0,1,21.15,0.0,7.0,No
CUST101523,39.0,Female,North,Retired,High School,2.0,Month-to-Month,Family,Bank Transfer,68.0,156.8,74764.39,6147.53,645.0,72.79,0.0,9.0,4,131.41,0.0,29.0,No
CUST101381,18.0,Male,Central,Retired,High School,19.0,Month-to-Month,Enterprise,Credit Card,114.08,1980.26,46866.4,,732.0,37.32,3.0,,2,95.38,0.0,16.0,Yes
CUST101161,37.0,Male,North,Employed,Bachelor,36.0,One-Year,Individual,Credit Card,87.16,3251.72,18897.22,1485.14,693.0,64.06,0.0,,2,27.33,0.0,14.0,No
CUST100312,62.0,Female,South,Retired,High School,36.0,Month-to-Month,Small Business,Electronic Check,82.59,3395.97,103370.59,,535.0,38.0,1.0,7.0,1,127.48,1.0,3.0,No
CUST101612,40.0,Male,West,Unemployed,High School,72.0,Month-to-Month,Family,Credit Card,74.13,4541.3,119086.83,10312.68,668.0,29.24,2.0,7.0,5,128.91,0.0,6.0,No
CUST100507,46.0,Female,North,Unemployed,Master,9.0,Month-to-Month,Small Business,Credit Card,107.95,879.42,18311.82,1433.3,573.0,12.41,2.0,10.0,1,49.51,4.0,5.0,No
CUST101389,30.0,Male,West,Employed,Master,2.0,One-Year,Family,Bank Transfer,89.2,172.66,24521.4,1966.41,675.0,76.35,18.0,7.0,2,25.18,1.0,14.0,Yes
CUST100393,47.0,Male,South,Retired,Master,22.0,Month-to-Month,Small Business,Credit Card,99.61,2013.9,123028.55,10271.36,614.0,74.06,2.0,8.0,3,250.03,1.0,9.0,Yes
CUST101992,44.0,Female,South,Employed,Bachelor,13.0,Month-to-Month,Individual,Bank Transfer,79.22,956.74,30595.09,2547.69,,,0.0,8.0,1,65.34,0.0,30.0,Yes
CUST100409,25.0,Female,East,Self-Employed,High School,24.0,Month-to-Month,Small Business,Electronic Check,97.23,2407.06,,,569.0,47.28,1.0,8.0,1,90.83,2.0,58.0,Yes
CUST100677,46.0,Male,South,Employed,Bachelor,30.0,One-Year,Family,Credit Card,80.57,2450.27,45839.53,3988.9,,70.91,2.0,8.0,1,38.17,3.0,34.0,Yes
CUST100952,47.0,Male,East,Employed,Bachelor,6.0,Month-to-Month,Small Business,Bank Transfer,110.13,740.73,12000.0,985.84,803.0,28.3,2.0,,1,16.01,1.0,,Yes
CUST101885,44.0,Female,Central,Employed,High School,24.0,One-Year,Small Business,Bank Transfer,121.96,3017.81,201625.03,17989.36,796.0,54.85,3.0,6.0,7,560.96,1.0,15.0,No
CUST100328,27.0,Male,North,Self-Employed,Bachelor,16.0,One-Year,Enterprise,Credit Card,135.53,2381.25,66315.72,5454.84,687.0,15.65,0.0,7.0,2,78.47,0.0,23.0,Yes
CUST101036,53.0,Male,East,Unemployed,Bachelor,28.0,One-Year,Small Business,Bank Transfer,77.14,2156.61,37052.94,3131.76,691.0,25.38,2.0,,1,52.38,0.0,3.0,No
CUST100085,47.0,Male,West,Employed,Bachelor,45.0,Month-to-Month,Individual,Credit Card,43.79,2265.55,26130.7,2272.16,701.0,,2.0,9.0,1,40.96,3.0,40.0,No
CUST100083,36.0,Male,West,Employed,Bachelor,7.0,One-Year,Small Business,Bank Transfer,80.19,547.02,94172.63,7764.43,645.0,58.67,,6.0,3,56.06,0.0,2.0,No
CUST100206,31.0,Female,North,Employed,High School,32.0,One-Year,Individual,Bank Transfer,82.66,2385.01,55447.36,4930.09,664.0,72.85,0.0,8.0,1,53.16,1.0,3.0,No
CUST100103,50.0,Female,East,Retired,Master,8.0,Month-to-Month,Enterprise,Bank Transfer,143.29,1137.1,56649.15,4665.58,699.0,29.61,1.0,9.0,3,58.72,2.0,21.0,Yes
CUST101333,44.0,Male,North,Employed,Bachelor,15.0,Two-Year,Small Business,Credit Card,78.19,1319.81,60207.14,4816.02,660.0,40.43,1.0,9.0,3,120.18,0.0,21.0,No
CUST101218,27.0,Male,Central,Employed,Master,11.0,Month-to-Month,Small Business,Mailed Check,121.26,1544.5,28815.44,2358.44,713.0,49.34,3.0,9.0,1,22.73,0.0,15.0,Yes
CUST100734,,Male,West,Self-Employed,High School,17.0,Two-Year,Individual,Credit Card,79.89,1076.59,56274.17,4286.33,605.0,23.78,0.0,9.0,1,141.54,1.0,7.0,No
CUST101204,33.0,Male,Central,Self-Employed,Master,14.0,Two-Year,Individual,Credit Card,56.91,822.7,59006.02,4745.56,743.0,38.2,0.0,10.0,3,56.27,2.0,14.0,No
CUST100694,31.0,Female,West,Employed,Bachelor,24.0,Month-to-Month,Family,Electronic Check,77.06,1761.3,29343.35,2520.27,617.0,70.81,1.0,8.0,3,38.85,1.0,16.0,No
CUST101189,39.0,Male,West,Self-Employed,High School,41.0,Month-to-Month,Individual,Electronic Check,73.28,2855.39,,4690.07,742.0,65.11,4.0,7.0,2,66.72,0.0,0.0,No
CUST100497,37.0,Male,Central,Retired,High School,26.0,Two-Year,Individual,Electronic Check,95.61,2422.76,24213.17,2032.27,622.0,52.33,1.0,8.0,1,42.63,2.0,9.0,No
CUST101340,31.0,Female,West,Unemployed,Bachelor,28.0,Month-to-Month,Individual,Electronic Check,103.7,2827.87,18290.23,1690.05,596.0,33.71,3.0,8.0,1,38.29,0.0,,Yes
CUST101165,31.0,Male,East,Employed,PhD,48.0,Two-Year,Individual,Mailed Check,65.46,3574.65,69094.78,5795.67,719.0,13.74,,8.0,3,94.63,0.0,30.0,No
CUST101348,52.0,Male,East,Self-Employed,High School,19.0,One-Year,Individual,Bank Transfer,80.09,1529.5,35019.4,3023.66,647.0,38.77,13.0,8.0,1,13.11,1.0,3.0,No
CUST100327,40.0,Male,East,Retired,,51.0,Month-to-Month,Family,Electronic Check,56.56,2624.71,78450.56,6444.66,683.0,62.8,3.0,8.0,1,96.18,4.0,19.0,No
CUST101975,50.0,Male,Central,Employed,High School,46.0,Month-to-Month,Enterprise,Electronic Check,131.79,6189.63,51678.56,4365.73,637.0,31.06,2.0,6.0,3,21.67,0.0,54.0,Yes
CUST100660,21.0,Male,South,Employed,Bachelor,32.0,Month-to-Month,Family,Electronic Check,94.32,3028.9,31364.97,,656.0,33.19,18.0,6.0,2,140.48,2.0,8.0,Yes
CUST100346,34.0,Female,West,Self-Employed,Bachelor,34.0,One-Year,Small Business,Electronic Check,79.75,2519.61,,4704.27,759.0,31.4,9.0,5.0,1,63.74,0.0,10.0,No
CUST100210,52.0,Female,North,Retired,High School,47.0,Two-Year,Individual,Credit Card,70.39,3397.27,100555.42,8587.0,731.0,8.5,3.0,5.0,2,232.81,1.0,8.0,No
CUST100567,33.0,Female,West,Employed,Bachelor,25.0,Month-to-Month,Small Business,Electronic Check,130.08,2944.93,92196.45,,700.0,16.33,1.0,7.0,3,185.18,1.0,24.0,Yes
CUST100142,18.0,Female,North,Employed,Bachelor,17.0,One-Year,Small Business,Credit Card,52.42,892.93,58239.07,5023.17,793.0,66.07,1.0,9.0,2,61.17,0.0,10.0,No
CUST100514,50.0,Male,West,Employed,Master,13.0,Month-to-Month,Individual,Electronic Check,113.12,1635.95,60364.82,5348.56,706.0,26.98,0.0,9.0,3,89.19,1.0,18.0,Yes
CUST101386,56.0,Female,East,Self-Employed,High School,57.0,Month-to-Month,Individual,Electronic Check,66.89,3891.96,45163.48,3757.01,652.0,20.25,2.0,7.0,1,58.27,0.0,15.0,Yes
CUST101028,41.0,Female,East,Employed,Bachelor,47.0,One-Year,Enterprise,Electronic Check,116.55,5459.16,43811.49,3536.45,637.0,38.84,0.0,6.0,1,33.77,0.0,7.0,No
CUST101068,58.0,Female,Central,Employed,Bachelor,11.0,One-Year,Family,Bank Transfer,70.1,778.64,97653.69,8455.33,645.0,53.0,16.0,8.0,1,92.4,0.0,3.0,No
CUST100864,33.0,Female,North,Employed,High School,11.0,One-Year,Small Business,Bank Transfer,120.33,1137.76,23272.08,1934.65,693.0,19.96,1.0,9.0,1,21.28,1.0,25.0,No
CUST101305,18.0,Male,Central,Employed,Master,27.0,One-Year,Family,Credit Card,40.64,1073.17,16376.14,1372.23,649.0,56.56,2.0,9.0,3,8.17,0.0,1.0,No
CUST100891,,Male,South,Retired,High School,48.0,Two-Year,Family,Bank Transfer,87.49,4557.8,30174.86,2631.2,654.0,53.37,3.0,5.0,1,19.88,0.0,2.0,No
CUST101226,50.0,Female,Central,Retired,Master,11.0,One-Year,Individual,Electronic Check,56.8,775.01,83211.63,7093.81,509.0,18.73,1.0,8.0,1,138.06,1.0,11.0,No
CUST100814,33.0,Male,South,Employed,High School,33.0,Two-Year,Individual,Credit Card,41.32,1263.56,47918.06,3995.75,738.0,36.56,1.0,10.0,2,33.13,2.0,18.0,No
CUST101500,34.0,Male,South,Employed,High School,28.0,One-Year,Individual,Credit Card,69.6,1727.42,96787.84,7970.23,765.0,55.91,1.0,9.0,4,105.16,1.0,,No
CUST101382,37.0,Female,West,Employed,Bachelor,43.0,Month-to-Month,Individual,Electronic Check,40.39,1736.69,40362.59,3267.74,678.0,31.03,3.0,7.0,3,56.25,2.0,15.0,Yes
CUST100563,32.0,Female,North,Employed,,72.0,One-Year,Individual,Electronic Check,72.32,5747.02,63675.04,5167.49,593.0,23.91,2.0,8.0,4,47.36,2.0,25.0,No
CUST101623,55.0,Male,West,Self-Employed,Master,20.0,Month-to-Month,Individual,Credit Card,69.52,1428.09,26696.51,2107.61,850.0,105.66,3.0,6.0,1,56.17,0.0,32.0,No
CUST100371,57.0,Male,East,Employed,PhD,27.0,Month-to-Month,Family,Mailed Check,63.11,1675.02,119163.41,9658.89,547.0,86.45,1.0,8.0,2,123.61,1.0,14.0,Yes
CUST101181,51.0,Female,North,Employed,PhD,8.0,Month-to-Month,Family,Electronic Check,60.24,495.68,57952.5,4800.9,773.0,46.81,8.0,7.0,2,74.0,2.0,8.0,Yes
CUST101011,58.0,Female,East,Retired,Bachelor,22.0,Month-to-Month,Family,Electronic Check,69.6,1348.63,17668.23,1489.74,750.0,35.11,1.0,9.0,1,18.81,0.0,11.0,No
CUST101303,50.0,Female,West,Employed,Bachelor,32.0,One-Year,Enterprise,Bank Transfer,112.71,3911.83,64462.0,5352.56,740.0,66.61,5.0,8.0,1,22.09,1.0,20.0,No
CUST100890,31.0,Male,North,,PhD,72.0,Two-Year,Individual,Bank Transfer,66.42,5201.6,17721.74,1397.3,690.0,,1.0,7.0,1,16.46,1.0,24.0,No
CUST101635,,,Central,Retired,Bachelor,5.0,Month-to-Month,Family,Electronic Check,89.48,418.29,35287.23,2947.11,758.0,74.81,2.0,8.0,2,28.89,0.0,1.0,No
CUST101261,42.0,Male,Central,Employed,Master,20.0,One-Year,Family,Electronic Check,58.6,1031.68,43074.95,3567.65,723.0,83.73,6.0,6.0,2,18.64,0.0,45.0,Yes
CUST100683,35.0,Male,East,Unemployed,High School,19.0,Month-to-Month,Individual,Bank Transfer,94.67,1939.54,18615.02,1544.76,769.0,115.05,2.0,8.0,1,31.95,1.0,41.0,Yes
CUST101297,33.0,Male,Central,Retired,Master,20.0,One-Year,Small Business,Bank Transfer,90.1,1654.09,68521.38,5400.53,715.0,41.54,1.0,9.0,4,124.16,1.0,10.0,No
CUST101412,22.0,Female,West,Unemployed,High School,17.0,Two-Year,Individual,Electronic Check,72.66,1181.27,35638.29,2962.71,626.0,12.83,2.0,,1,41.61,1.0,13.0,No
CUST100632,36.0,Female,North,Retired,Bachelor,7.0,One-Year,Family,Mailed Check,69.29,405.48,43133.9,3543.65,710.0,35.44,3.0,7.0,4,39.14,0.0,23.0,Yes
CUST100194,28.0,Female,West,Employed,Bachelor,48.0,Month-to-Month,Small Business,Bank Transfer,86.92,3896.4,25479.94,2085.8,610.0,49.45,1.0,8.0,1,114.33,2.0,14.0,No
CUST100513,40.0,Male,North,Retired,High School,62.0,Month-to-Month,Individual,Credit Card,88.27,5690.28,77875.76,6618.65,647.0,50.42,0.0,10.0,3,162.19,2.0,13.0,No
CUST100209,37.0,Other,Central,,Bachelor,25.0,Two-Year,Individual,Credit Card,54.97,,28754.37,,664.0,49.83,1.0,8.0,3,49.74,1.0,4.0,No
CUST101000,40.0,Other,Central,Retired,,17.0,Month-to-Month,Family,Bank Transfer,90.83,1644.1,47112.9,3937.8,686.0,62.46,1.0,7.0,4,65.24,2.0,32.0,Yes
CUST101186,37.0,Male,Central,,Master,9.0,Two-Year,Individual,Bank Transfer,80.34,763.44,54517.77,4785.98,748.0,51.97,0.0,9.0,1,109.04,1.0,1.0,No
CUST100635,38.0,Female,Central,Self-Employed,High School,16.0,Month-to-Month,Family,Credit Card,110.66,1728.14,,2208.44,610.0,37.94,3.0,7.0,1,29.77,2.0,13.0,Yes
CUST101632,43.0,Female,East,Retired,Bachelor,72.0,Two-Year,Individual,Electronic Check,113.58,8291.98,41598.54,3437.11,608.0,11.26,1.0,7.0,1,30.37,0.0,2.0,No
CUST100087,41.0,Other,East,Self-Employed,,39.0,One-Year,Family,Electronic Check,97.32,3445.11,65817.55,5487.31,,87.7,2.0,6.0,2,125.89,1.0,1.0,No
CUST101725,42.0,Female,West,Employed,Bachelor,6.0,One-Year,Individual,Credit Card,68.44,411.85,40981.73,3365.58,676.0,6.13,0.0,8.0,1,41.1,1.0,14.0,No
CUST101793,37.0,Female,East,Unemployed,Master,4.0,One-Year,Individual,Bank Transfer,98.73,472.36,19651.84,1635.42,673.0,44.86,3.0,8.0,1,9.55,2.0,9.0,No
CUST100909,28.0,Female,South,Self-Employed,Bachelor,9.0,Month-to-Month,Individual,Electronic Check,46.3,386.43,46764.25,3890.89,720.0,18.15,0.0,9.0,1,67.55,0.0,6.0,Yes
CUST100190,62.0,Female,North,Employed,High School,32.0,Two-Year,Individual,Credit Card,80.63,3031.41,99399.33,7830.9,661.0,32.39,0.0,8.0,2,389.55,2.0,33.0,Yes
CUST100178,40.0,Male,North,Employed,,18.0,Two-Year,Small Business,Electronic Check,52.44,997.58,26736.27,2091.6,723.0,23.02,2.0,7.0,2,11.21,2.0,13.0,No
CUST100556,32.0,Female,Central,Employed,High School,17.0,Month-to-Month,Individual,Electronic Check,82.52,1267.87,22393.44,1868.86,773.0,17.44,1.0,7.0,1,15.51,0.0,38.0,No
CUST101505,47.0,Female,South,Retired,Master,3.0,Month-to-Month,Individual,Credit Card,65.65,159.44,58724.18,5159.48,661.0,43.53,1.0,9.0,1,98.05,1.0,,Yes
CUST101416,68.0,,North,Employed,High School,25.0,Month-to-Month,Family,Credit Card,72.11,1668.44,14712.28,1188.0,696.0,65.62,1.0,8.0,2,5.0,0.0,4.0,Yes
CUST101995,46.0,Male,East,Employed,High School,35.0,Month-to-Month,Family,Electronic Check,70.17,2535.58,48245.11,3903.49,580.0,21.16,2.0,7.0,2,33.61,1.0,21.0,Yes
CUST101483,45.0,Female,Central,Employed,Master,72.0,Month-to-Month,Family,Credit Card,51.39,3803.46,12000.0,988.64,752.0,28.6,0.0,8.0,1,17.02,1.0,11.0,No
CUST100744,42.0,Male,West,Retired,Master,57.0,Month-to-Month,Small Business,Electronic Check,115.99,6681.26,45349.17,3707.24,584.0,87.58,3.0,7.0,3,41.91,1.0,16.0,Yes
CUST101498,50.0,Male,East,Retired,Bachelor,14.0,One-Year,Individual,Credit Card,40.01,549.1,65999.72,5662.22,604.0,24.92,3.0,9.0,1,63.09,0.0,5.0,No
CUST101128,38.0,Other,North,Self-Employed,High School,15.0,Month-to-Month,Family,Bank Transfer,337.55,1527.82,86750.61,7622.6,762.0,19.15,3.0,8.0,3,266.54,1.0,20.0,Yes
CUST101902,48.0,Male,West,Employed,High School,42.0,Month-to-Month,Individual,Credit Card,58.78,2563.93,12000.0,,648.0,35.68,1.0,8.0,1,36.08,1.0,20.0,No
CUST101097,47.0,Other,South,Unemployed,High School,14.0,One-Year,Family,Credit Card,84.3,1134.18,34708.24,2705.89,744.0,29.67,4.0,7.0,2,58.13,1.0,57.0,Yes
CUST100511,37.0,Male,West,Retired,Bachelor,32.0,Month-to-Month,Enterprise,Mailed Check,121.5,4264.63,28642.87,2269.09,734.0,10.52,1.0,7.0,1,11.59,1.0,22.0,Yes
CUST101569,22.0,Female,,Employed,High School,12.0,Two-Year,Enterprise,Credit Card,136.09,1605.35,60540.02,5242.25,574.0,85.35,2.0,8.0,1,188.99,1.0,24.0,No
CUST101662,40.0,Female,Central,Employed,Master,7.0,Month-to-Month,Individual,Credit Card,49.04,370.03,49925.54,4025.82,627.0,24.24,0.0,8.0,2,34.67,0.0,20.0,Yes
CUST100471,36.0,,East,Self-Employed,,49.0,Month-to-Month,Individual,Credit Card,52.7,2650.94,130431.4,10790.78,713.0,103.9,2.0,9.0,4,119.25,1.0,10.0,No
CUST100398,47.0,Female,Central,Unemployed,Bachelor,34.0,Two-Year,Family,Credit Card,72.02,2379.95,49326.23,4131.77,668.0,78.62,1.0,8.0,6,21.06,1.0,28.0,No
CUST100035,55.0,Male,South,Employed,High School,33.0,Two-Year,Family,Credit Card,117.87,3925.64,37781.82,2872.84,763.0,27.32,3.0,8.0,1,46.69,3.0,18.0,No
CUST100205,40.0,Female,South,Unemployed,,22.0,Month-to-Month,Individual,Credit Card,95.62,1910.47,68375.35,5140.63,708.0,,0.0,9.0,3,39.97,1.0,27.0,Yes
CUST100608,21.0,Female,North,Employed,High School,36.0,Month-to-Month,Family,Electronic Check,55.13,1815.31,20648.84,1793.49,657.0,59.89,3.0,8.0,2,31.06,1.0,9.0,Yes
CUST101717,35.0,Male,West,Employed,Master,44.0,Two-Year,Individual,Mailed Check,89.08,3759.36,47806.55,3926.19,625.0,11.22,2.0,7.0,1,79.12,0.0,23.0,No
CUST101489,43.0,Female,Central,Employed,,32.0,One-Year,Family,Bank Transfer,60.95,2152.25,118480.98,10054.04,567.0,78.34,0.0,9.0,6,76.8,1.0,7.0,No
CUST101067,46.0,Female,West,Self-Employed,Bachelor,13.0,Month-to-Month,Individual,Credit Card,99.01,1078.2,64332.72,5208.57,595.0,36.31,1.0,8.0,3,58.16,0.0,12.0,Yes
CUST101285,44.0,Female,West,Employed,,36.0,Two-Year,Small Business,Credit Card,107.33,3941.65,64950.01,5220.72,714.0,14.45,3.0,8.0,3,40.16,1.0,26.0,No
CUST101172,40.0,Male,North,Self-Employed,,40.0,One-Year,Individual,Electronic Check,95.71,4200.24,,2963.72,664.0,51.6,,8.0,1,57.75,1.0,17.0,Yes
CUST100429,46.0,Male,East,Employed,High School,19.0,One-Year,Small Business,Credit Card,83.4,1557.19,32487.67,2593.34,692.0,38.71,2.0,6.0,1,16.28,1.0,3.0,No
CUST101649,33.0,Female,West,Employed,Bachelor,59.0,Month-to-Month,Individual,Credit Card,60.39,3532.8,44621.78,3482.03,,56.12,0.0,9.0,4,17.84,0.0,24.0,No
CUST100228,31.0,Female,Central,Employed,Bachelor,37.0,Month-to-Month,Individual,Credit Card,57.09,2138.17,56099.41,5015.48,764.0,29.64,0.0,6.0,3,32.87,0.0,4.0,No
CUST101003,49.0,Female,North,Employed,PhD,63.0,One-Year,Family,Credit Card,77.64,4624.48,42167.93,3429.81,694.0,15.86,15.0,6.0,1,37.71,1.0,21.0,Yes
CUST101029,54.0,Female,Central,,Master,28.0,Month-to-Month,Individual,Electronic Check,53.63,1536.16,13752.7,1208.44,712.0,22.42,3.0,8.0,2,11.9,0.0,11.0,No
CUST101957,27.0,Female,East,Employed,High School,48.0,Month-to-Month,Individual,Bank Transfer,63.27,2904.67,1200000.0,4949.09,624.0,28.73,1.0,9.0,1,106.42,1.0,33.0,No
CUST101991,48.0,Male,Central,Employed,Master,38.0,Month-to-Month,Small Business,Bank Transfer,99.08,3672.84,25319.16,2169.56,688.0,35.87,2.0,6.0,3,18.42,1.0,25.0,Yes
CUST101801,46.0,Female,Central,Employed,Master,72.0,One-Year,Family,Electronic Check,67.43,5270.39,220757.03,19868.16,701.0,177.69,10.0,8.0,2,957.07,2.0,19.0,No
CUST100727,50.0,Female,North,Employed,Bachelor,2.0,One-Year,Family,Bank Transfer,94.81,233.69,27677.0,2376.39,673.0,28.38,0.0,9.0,1,27.62,0.0,12.0,Yes
CUST100318,53.0,Female,Central,Employed,Bachelor,19.0,Two-Year,Family,Bank Transfer,93.97,1849.77,28377.01,2263.54,606.0,37.03,4.0,8.0,1,28.56,0.0,15.0,No
CUST100629,18.0,Female,West,Self-Employed,High School,27.0,Month-to-Month,Small Business,,101.81,2744.07,26169.2,2330.24,689.0,84.98,0.0,8.0,4,35.8,0.0,7.0,No
CUST100925,64.0,Male,West,Unemployed,Master,22.0,Month-to-Month,Small Business,Electronic Check,95.64,2167.72,38388.02,3086.79,628.0,38.79,1.0,6.0,3,70.72,1.0,14.0,Yes
CUST100893,41.0,Male,West,,Bachelor,9.0,Month-to-Month,Family,Bank Transfer,122.67,1020.79,51434.44,4292.25,613.0,28.19,1.0,8.0,1,116.06,1.0,59.0,Yes
CUST101019,48.0,Male,Central,Employed,High School,29.0,One-Year,Small Business,Electronic Check,75.01,2036.52,49313.98,4222.07,691.0,23.82,2.0,7.0,1,129.59,0.0,5.0,No
CUST101843,23.0,Female,Central,Self-Employed,High School,13.0,Month-to-Month,Enterprise,Credit Card,133.18,1969.04,32091.57,2748.58,679.0,25.56,1.0,9.0,3,60.37,1.0,0.0,No
CUST100034,48.0,Male,East,Retired,PhD,14.0,Two-Year,Small Business,Bank Transfer,96.72,1332.89,15395.56,1296.7,686.0,24.61,1.0,9.0,3,28.16,0.0,1.0,No
CUST101336,47.0,Female,West,Employed,Bachelor,20.0,One-Year,Individual,Bank Transfer,50.06,1121.92,72177.3,6009.56,709.0,85.78,3.0,9.0,1,137.23,0.0,35.0,No
CUST100075,49.0,Male,Central,Employed,Bachelor,22.0,Month-to-Month,Enterprise,Electronic Check,127.66,2664.57,90430.39,7402.06,715.0,34.29,2.0,9.0,1,230.45,0.0,21.0,Yes
CUST100173,26.0,Female,Central,Employed,Bachelor,44.0,Month-to-Month,Enterprise,Credit Card,137.28,5300.46,43260.41,3410.71,782.0,65.36,3.0,9.0,4,301.18,0.0,4.0,No
CUST101826,51.0,Male,South,Employed,Master,19.0,Month-to-Month,Individual,Bank Transfer,69.59,1261.12,35733.78,2833.57,776.0,42.32,0.0,8.0,2,61.25,1.0,5.0,No
CUST101075,44.0,Male,West,Employed,Bachelor,12.0,Month-to-Month,Family,Mailed Check,50.38,644.37,112256.94,9714.03,675.0,22.1,1.0,7.0,3,182.93,2.0,6.0,No
CUST101607,43.0,Male,East,Employed,High School,42.0,Month-to-Month,Individual,Bank Transfer,81.56,3333.5,,3406.69,669.0,41.17,1.0,7.0,1,66.92,1.0,5.0,No
CUST101775,45.0,Female,West,Self-Employed,Master,9.0,Month-to-Month,Individual,Electronic Check,66.5,612.63,40409.7,3419.64,630.0,13.16,2.0,7.0,1,50.23,1.0,18.0,No
CUST101913,18.0,Male,West,Employed,Bachelor,20.0,Month-to-Month,Individual,Credit Card,46.53,1083.32,102784.89,7877.32,577.0,55.61,4.0,,2,139.47,3.0,23.0,No
CUST101945,19.0,Other,North,Employed,High School,29.0,One-Year,Individual,Electronic Check,359.26,1555.87,72438.63,6116.62,718.0,18.62,14.0,8.0,1,68.19,0.0,32.0,No
CUST100747,47.0,Female,South,Self-Employed,Bachelor,15.0,One-Year,Family,Credit Card,87.32,1484.3,27192.19,2369.87,663.0,39.84,1.0,9.0,2,19.31,0.0,6.0,No
CUST101244,54.0,Male,East,Employed,High School,66.0,One-Year,Individual,Bank Transfer,44.27,2708.21,17050.39,1395.08,718.0,111.43,2.0,8.0,2,77.8,1.0,1.0,No
CUST101847,28.0,Female,East,Employed,,7.0,One-Year,Small Business,Electronic Check,88.15,587.69,41880.94,3374.4,,24.09,0.0,6.0,3,156.37,1.0,6.0,No
CUST100508,34.0,Female,West,Employed,Bachelor,16.0,Two-Year,Family,Electronic Check,84.18,1382.56,34791.34,2888.37,739.0,31.13,1.0,9.0,1,34.75,0.0,4.0,No
CUST100710,41.0,Female,East,Employed,High School,15.0,Month-to-Month,Family,Credit Card,74.46,1130.13,60658.94,5205.74,691.0,27.35,0.0,10.0,1,16.36,2.0,0.0,No
CUST101852,37.0,Male,Central,Employed,Master,16.0,Month-to-Month,Small Business,Electronic Check,76.08,1395.45,12000.0,999.54,553.0,22.02,1.0,8.0,2,7.04,0.0,25.0,Yes
CUST100607,46.0,Female,North,Self-Employed,PhD,62.0,Month-to-Month,Individual,Credit Card,62.33,3401.58,52077.7,4290.0,766.0,27.55,2.0,10.0,2,78.96,1.0,3.0,No
CUST100387,47.0,Female,Central,Employed,Master,55.0,Month-to-Month,Individual,Credit Card,65.93,3455.86,135727.61,10974.45,649.0,49.08,0.0,10.0,4,194.61,1.0,1.0,No
CUST101117,37.0,Male,North,Employed,Bachelor,33.0,Month-to-Month,Enterprise,Credit Card,107.24,3232.02,18412.92,1457.44,786.0,18.48,2.0,6.0,1,31.4,0.0,28.0,Yes
CUST101962,38.0,Male,Central,Unemployed,PhD,10.0,Two-Year,Individual,Credit Card,88.97,885.74,58056.53,4977.95,728.0,63.72,0.0,10.0,2,46.54,0.0,9.0,No
CUST100751,37.0,Female,North,Unemployed,Bachelor,21.0,Month-to-Month,Family,Credit Card,69.41,1582.74,57202.32,4797.94,627.0,32.72,4.0,8.0,6,62.19,2.0,4.0,No
CUST100911,46.0,Male,Central,,Bachelor,3.0,Month-to-Month,Enterprise,Bank Transfer,141.41,458.65,78973.57,6905.53,611.0,6.74,1.0,8.0,3,48.67,1.0,1.0,No
CUST100148,54.0,Male,Central,Employed,,36.0,Two-Year,Family,Credit Card,76.13,2404.83,39318.91,3112.53,850.0,,3.0,8.0,3,53.21,1.0,3.0,No
CUST100753,66.0,Female,Central,Employed,High School,72.0,One-Year,Family,Mailed Check,97.46,7442.29,52186.05,4275.06,696.0,47.06,2.0,8.0,1,26.15,0.0,10.0,No
CUST100402,51.0,Male,East,Employed,Bachelor,49.0,Two-Year,Individual,Electronic Check,60.08,2552.67,15720.1,1258.71,548.0,94.75,2.0,7.0,2,25.06,0.0,17.0,No
CUST101273,45.0,Male,South,Employed,Master,28.0,Two-Year,Individual,Bank Transfer,88.5,2530.41,,1419.56,614.0,34.09,0.0,8.0,1,8.93,1.0,15.0,No
CUST100340,18.0,Female,Central,,,34.0,Two-Year,Individual,Bank Transfer,78.33,2750.27,68713.58,5582.28,569.0,37.61,3.0,10.0,1,18.27,1.0,14.0,No
CUST101661,,Male,Central,Employed,Master,26.0,One-Year,Family,,39.58,945.7,49073.11,3961.18,850.0,82.39,0.0,10.0,1,55.25,0.0,3.0,No
CUST100987,45.0,Male,North,Employed,Bachelor,30.0,Two-Year,Small Business,Electronic Check,109.69,3341.36,43047.85,3691.07,590.0,34.76,0.0,9.0,1,77.7,2.0,82.0,No
CUST100200,45.0,Male,South,Employed,High School,31.0,Month-to-Month,Enterprise,Credit Card,123.3,3851.2,36392.38,3045.62,623.0,43.97,1.0,10.0,1,21.63,2.0,16.0,Yes
CUST101115,42.0,Other,Central,Self-Employed,High School,31.0,One-Year,Individual,Credit Card,56.94,1839.4,32143.16,2597.69,693.0,51.94,2.0,8.0,1,26.24,2.0,12.0,No
CUST100732,48.0,Female,North,Employed,Master,41.0,Month-to-Month,Individual,Bank Transfer,61.59,2388.53,28164.64,2214.77,679.0,18.26,3.0,7.0,2,43.55,0.0,19.0,Yes
CUST100540,21.0,Male,West,Employed,Bachelor,49.0,Month-to-Month,Enterprise,Bank Transfer,132.28,6639.43,54197.49,4253.01,758.0,35.87,2.0,7.0,1,143.61,0.0,35.0,No
CUST100691,38.0,Male,West,Employed,Bachelor,17.0,One-Year,Small Business,Credit Card,84.6,1207.61,36056.63,3111.72,716.0,9.29,2.0,8.0,4,50.57,1.0,53.0,Yes
CUST101466,26.0,Female,East,Employed,Bachelor,21.0,Month-to-Month,Small Business,Credit Card,70.72,1508.55,89770.65,7477.55,753.0,54.44,7.0,8.0,1,62.95,1.0,4.0,No
CUST100609,47.0,Male,South,Employed,Bachelor,60.0,Month-to-Month,Family,,81.08,4783.68,23780.23,1800.84,760.0,178.52,0.0,7.0,2,24.23,0.0,25.0,No
CUST101977,44.0,Male,North,Retired,High School,2.0,Two-Year,Individual,Credit Card,44.85,121.17,35239.8,2845.44,618.0,42.94,3.0,7.0,4,48.7,1.0,8.0,No
CUST100955,57.0,Female,North,Unemployed,Master,72.0,Month-to-Month,Individual,Credit Card,48.85,3805.69,31400.24,2652.37,635.0,23.58,0.0,7.0,2,14.32,2.0,20.0,No
CUST100280,47.0,Other,East,Employed,High School,29.0,One-Year,Individual,Credit Card,84.88,2531.22,14923.06,1234.51,703.0,16.46,2.0,9.0,1,29.58,1.0,10.0,No
CUST100410,23.0,Female,South,Unemployed,High School,9.0,Two-Year,Individual,Bank Transfer,49.08,478.7,40690.27,3505.7,690.0,105.92,1.0,8.0,2,32.25,3.0,2.0,No
CUST101572,45.0,Male,Central,Self-Employed,High School,13.0,Month-to-Month,Individual,Credit Card,83.25,938.22,33486.32,2796.21,637.0,19.48,4.0,6.0,2,38.95,0.0,64.0,No
CUST101707,44.0,Male,West,Retired,High School,27.0,Month-to-Month,Individual,Electronic Check,90.27,2546.41,41603.92,3377.37,687.0,35.59,3.0,8.0,2,45.26,1.0,16.0,Yes
CUST101576,41.0,Male,South,Unemployed,Master,32.0,One-Year,Enterprise,Bank Transfer,111.16,4249.72,18010.41,1543.67,694.0,46.55,2.0,7.0,1,8.27,0.0,23.0,No
CUST101514,21.0,Female,North,,,46.0,Month-to-Month,Individual,Credit Card,85.53,4284.73,33988.78,2949.56,616.0,17.64,1.0,8.0,1,82.36,0.0,,Yes
CUST100687,59.0,Female,South,Retired,Bachelor,8.0,Month-to-Month,Individual,Electronic Check,75.42,599.0,24001.51,1916.25,761.0,56.3,2.0,8.0,1,6.46,0.0,19.0,Yes
CUST100335,26.0,Female,East,Self-Employed,,32.0,Month-to-Month,Individual,Credit Card,74.95,2463.59,193801.49,15904.02,625.0,18.42,2.0,8.0,3,291.03,1.0,11.0,No
CUST100642,66.0,Female,East,Retired,High School,24.0,One-Year,Family,Credit Card,68.92,1633.12,77727.88,6270.45,798.0,11.29,3.0,7.0,2,65.31,0.0,11.0,No
CUST100314,51.0,Male,West,Employed,High School,20.0,Month-to-Month,Enterprise,Bank Transfer,150.18,2792.31,59372.52,5119.52,649.0,19.46,3.0,8.0,2,62.9,1.0,43.0,No
CUST100782,63.0,Male,South,Retired,PhD,44.0,Two-Year,Family,Credit Card,68.14,3166.27,34582.41,2878.08,727.0,23.66,1.0,9.0,2,63.78,2.0,11.0,No
CUST101900,34.0,Female,South,Employed,,14.0,Month-to-Month,Small Business,Mailed Check,116.48,1690.1,32056.65,2676.97,687.0,40.59,0.0,9.0,2,37.63,1.0,12.0,No
CUST101917,53.0,Female,East,Self-Employed,High School,10.0,Month-to-Month,Family,Credit Card,-15.0,752.88,32161.95,2460.43,671.0,24.37,3.0,,1,68.41,0.0,2.0,No
CUST101912,48.0,Female,North,Employed,High School,17.0,Month-to-Month,Enterprise,Mailed Check,114.06,1730.64,37552.92,3040.79,804.0,63.13,1.0,8.0,1,27.83,1.0,19.0,No
CUST101274,34.0,Male,South,Employed,High School,37.0,One-Year,Individual,Credit Card,69.92,2230.51,30175.21,2505.81,654.0,72.8,2.0,8.0,5,57.02,1.0,11.0,No
CUST101736,25.0,Female,Central,Employed,Bachelor,25.0,Two-Year,Enterprise,Electronic Check,152.18,4101.02,52557.85,4543.09,755.0,26.14,4.0,8.0,5,23.4,1.0,20.0,No
CUST100092,36.0,Female,Central,Employed,High School,50.0,Month-to-Month,Small Business,Credit Card,66.11,3806.7,53869.03,4801.27,,34.17,3.0,8.0,1,138.54,0.0,16.0,No
CUST100834,32.0,Male,,Employed,Bachelor,26.0,Month-to-Month,Family,Electronic Check,87.87,2604.61,46315.51,3405.19,757.0,28.12,2.0,8.0,1,69.97,1.0,20.0,No
CUST100592,63.0,Male,West,Self-Employed,Bachelor,38.0,Month-to-Month,Family,Electronic Check,75.76,2740.46,78279.92,6426.58,743.0,72.07,2.0,9.0,6,30.83,1.0,24.0,Yes
CUST101961,33.0,Female,West,Employed,Bachelor,54.0,Month-to-Month,Family,Electronic Check,70.75,3378.47,139611.07,12036.39,746.0,11.0,1.0,8.0,1,74.77,1.0,2.0,No
CUST101450,37.0,Female,South,Unemployed,High School,20.0,One-Year,Individual,Credit Card,90.13,1681.4,30924.9,2544.91,787.0,21.63,3.0,8.0,1,51.67,1.0,25.0,Yes
CUST100394,49.0,Female,South,Employed,High School,46.0,One-Year,Enterprise,Electronic Check,124.47,5122.8,25451.64,2117.9,625.0,17.4,2.0,8.0,1,40.65,3.0,4.0,No
CUST101722,33.0,Male,East,,Bachelor,8.0,Month-to-Month,Individual,Credit Card,52.0,425.41,50765.88,4195.88,744.0,36.57,1.0,7.0,3,32.96,0.0,7.0,Yes
CUST101069,40.0,Male,North,Unemployed,Bachelor,32.0,Month-to-Month,Enterprise,Electronic Check,125.83,3678.1,90114.01,7473.69,707.0,36.53,3.0,8.0,3,469.02,0.0,8.0,Yes
CUST100575,24.0,Female,North,Unemployed,Master,42.0,One-Year,Individual,Mailed Check,71.59,3105.65,41763.55,3493.24,671.0,64.2,1.0,9.0,3,60.29,0.0,18.0,No
CUST100573,30.0,Female,East,Employed,High School,20.0,Month-to-Month,Family,Electronic Check,92.7,1686.62,38067.86,3056.35,801.0,41.4,1.0,9.0,2,25.62,0.0,31.0,Yes
CUST101841,41.0,Other,South,Employed,Master,27.0,One-Year,Individual,Electronic Check,54.57,1605.57,48161.04,3644.38,826.0,61.99,2.0,8.0,2,72.56,0.0,9.0,No
CUST101302,48.0,Female,West,Employed,Master,27.0,One-Year,Individual,Electronic Check,99.97,2917.12,34359.3,2922.37,683.0,71.94,3.0,7.0,1,34.82,1.0,21.0,Yes
CUST100735,43.0,Male,South,Employed,Bachelor,10.0,Month-to-Month,Individual,Mailed Check,85.39,859.03,40313.83,3559.96,671.0,20.62,1.0,9.0,1,34.15,1.0,23.0,Yes
CUST101781,42.0,Male,West,Unemployed,Master,41.0,Month-to-Month,Family,Mailed Check,54.61,2434.15,63196.22,5087.31,784.0,75.76,2.0,8.0,5,333.31,1.0,11.0,No
CUST100279,44.0,Male,North,Self-Employed,Master,72.0,Month-to-Month,Family,Credit Card,96.67,7848.26,,5301.46,755.0,57.95,3.0,8.0,5,84.03,1.0,1.0,No
CUST100337,45.0,Male,South,Self-Employed,High School,36.0,Two-Year,Small Business,Credit Card,66.54,2701.2,66718.47,5439.95,667.0,7.41,2.0,8.0,4,92.27,1.0,3.0,No
CUST100227,64.0,Female,West,Self-Employed,PhD,32.0,Month-to-Month,Individual,Mailed Check,93.7,2997.47,33502.71,2843.03,699.0,78.24,0.0,9.0,3,42.29,1.0,,No
CUST100008,41.0,Female,East,Employed,Bachelor,6.0,One-Year,Small Business,Electronic Check,61.67,374.98,,6926.71,572.0,54.52,9.0,8.0,1,166.09,3.0,44.0,Yes
CUST101109,51.0,Male,North,Unemployed,Bachelor,40.0,Month-to-Month,Small Business,Bank Transfer,137.39,4762.18,,3153.17,767.0,40.01,0.0,8.0,1,18.55,0.0,15.0,Yes
CUST101723,64.0,Female,South,Retired,Bachelor,15.0,Month-to-Month,Family,Credit Card,77.11,1321.34,24769.5,2155.39,750.0,29.44,13.0,8.0,1,15.61,1.0,14.0,No
CUST101560,36.0,,East,Retired,PhD,35.0,One-Year,Individual,Credit Card,51.91,1887.47,27809.88,2290.85,625.0,22.35,1.0,9.0,5,79.3,3.0,,No
CUST100068,51.0,Female,East,Retired,Bachelor,20.0,Month-to-Month,Small Business,Bank Transfer,116.25,2400.89,33701.72,2847.09,663.0,22.89,0.0,8.0,1,58.54,0.0,11.0,No
CUST101825,49.0,Male,West,Employed,High School,26.0,Month-to-Month,Family,,82.96,2095.54,81138.73,6422.46,687.0,44.69,1.0,7.0,3,150.85,1.0,21.0,Yes
CUST101120,46.0,Female,West,Employed,Bachelor,68.0,Two-Year,Individual,Bank Transfer,40.49,2956.68,35071.09,2928.0,628.0,66.82,2.0,9.0,4,26.1,0.0,4.0,No
CUST101365,46.0,Female,South,Unemployed,Bachelor,18.0,One-Year,Small Business,Electronic Check,85.76,1330.51,53421.03,4646.74,628.0,41.44,3.0,8.0,1,61.72,1.0,2.0,No
CUST101145,49.0,Male,East,Employed,Bachelor,35.0,Month-to-Month,Small Business,Mailed Check,85.24,2502.07,62729.75,5486.25,850.0,49.49,4.0,8.0,1,84.11,0.0,10.0,Yes
CUST101180,25.0,Female,East,Employed,,28.0,One-Year,Individual,Electronic Check,64.1,1759.22,51199.63,4495.27,709.0,62.71,0.0,8.0,1,55.31,2.0,13.0,Yes
CUST101726,30.0,Other,Central,Employed,Master,29.0,One-Year,Family,Credit Card,326.15,1601.14,31461.65,2759.17,633.0,71.2,3.0,7.0,1,10.42,1.0,3.0,No
CUST101594,46.0,Female,East,Employed,High School,38.0,Month-to-Month,Individual,Mailed Check,48.72,1652.2,55480.27,4696.93,683.0,9.29,3.0,8.0,5,68.1,2.0,50.0,Yes
CUST100024,36.0,Female,North,Employed,PhD,26.0,Month-to-Month,Individual,Electronic Check,88.85,2319.04,63818.42,5347.22,824.0,64.63,1.0,7.0,3,294.44,0.0,11.0,No
CUST100633,18.0,Female,North,Employed,Master,60.0,Two-Year,Family,Bank Transfer,61.43,3498.24,20483.68,1597.57,771.0,,2.0,8.0,1,40.19,0.0,2.0,No
CUST100470,45.0,Female,South,Employed,Bachelor,14.0,Month-to-Month,Individual,Electronic Check,46.25,626.9,950000.0,1884.58,599.0,28.53,2.0,8.0,4,35.51,1.0,0.0,No
CUST100557,29.0,Male,Central,Employed,High School,26.0,Month-to-Month,Family,Bank Transfer,69.37,1794.62,29123.27,2404.95,850.0,41.54,0.0,9.0,3,44.54,0.0,32.0,No
CUST100293,18.0,Female,East,Employed,Bachelor,19.0,Month-to-Month,Individual,Electronic Check,84.55,1530.11,21907.28,1890.93,680.0,10.7,0.0,7.0,1,38.05,1.0,49.0,Yes
CUST100772,44.0,Female,East,Employed,Master,15.0,Month-to-Month,Individual,Bank Transfer,50.03,720.73,35064.86,,629.0,66.42,1.0,8.0,1,15.38,0.0,32.0,Yes
CUST101804,42.0,Male,West,Self-Employed,High School,41.0,Two-Year,Small Business,Mailed Check,103.02,4568.31,25740.6,2183.92,557.0,83.25,2.0,9.0,3,38.39,1.0,5.0,No
CUST101262,51.0,Male,South,Unemployed,Master,55.0,Month-to-Month,Family,Electronic Check,61.14,3715.35,62061.44,5299.75,795.0,17.16,0.0,8.0,3,83.51,0.0,9.0,No
CUST101896,22.0,Male,East,,High School,5.0,Two-Year,Individual,Credit Card,66.04,315.88,58499.46,4935.16,708.0,54.18,1.0,8.0,3,30.35,2.0,1.0,No
CUST101188,48.0,Male,South,Employed,Master,32.0,Month-to-Month,Family,Credit Card,72.59,2392.29,73049.55,6072.94,662.0,21.82,0.0,9.0,1,86.69,0.0,14.0,Yes
CUST101022,46.0,Male,South,Retired,,13.0,One-Year,Individual,Bank Transfer,63.9,763.06,17065.03,1292.45,695.0,19.09,,10.0,2,9.78,2.0,8.0,No
CUST100120,29.0,Male,South,Self-Employed,Bachelor,8.0,Month-to-Month,Individual,Credit Card,66.08,420.76,34012.37,2786.76,664.0,47.1,0.0,10.0,1,26.99,0.0,5.0,No
CUST100905,66.0,Male,South,Self-Employed,High School,32.0,Month-to-Month,Small Business,Bank Transfer,82.82,2674.96,43960.72,3729.75,540.0,119.64,8.0,8.0,2,60.98,1.0,30.0,No
CUST101306,29.0,Male,West,Employed,Bachelor,30.0,Month-to-Month,Family,Mailed Check,62.99,1601.3,109319.9,9284.86,699.0,68.12,0.0,8.0,3,74.88,0.0,24.0,No
CUST101388,45.0,Male,East,Employed,Bachelor,9.0,Month-to-Month,Small Business,Bank Transfer,85.56,713.68,103155.59,9075.98,591.0,17.33,1.0,9.0,2,133.09,0.0,6.0,No
CUST101334,46.0,Female,Central,Employed,High School,9.0,Month-to-Month,Individual,Credit Card,68.2,610.93,31377.85,2668.02,678.0,39.9,0.0,9.0,2,39.08,0.0,30.0,Yes
CUST100510,22.0,Female,West,Employed,High School,37.0,Month-to-Month,Family,Bank Transfer,60.87,2240.08,35457.51,3019.51,674.0,23.34,1.0,7.0,1,33.52,2.0,15.0,Yes
CUST100179,44.0,Female,North,Employed,High School,22.0,Month-to-Month,Family,Electronic Check,109.88,2513.22,39104.68,3356.49,658.0,33.87,0.0,9.0,1,8.57,2.0,2.0,No
CUST101093,43.0,Female,South,,High School,18.0,Two-Year,Enterprise,Bank Transfer,157.78,2609.23,78486.77,6400.6,727.0,29.7,0.0,7.0,1,252.59,2.0,8.0,No
CUST101928,51.0,Male,Central,Employed,Bachelor,25.0,Month-to-Month,Small Business,Credit Card,100.2,2380.18,25308.06,2195.83,695.0,25.44,6.0,8.0,1,19.81,1.0,23.0,Yes
CUST101559,39.0,Female,East,Retired,High School,3.0,Month-to-Month,Individual,Mailed Check,74.43,275.14,50373.31,4110.57,626.0,41.45,2.0,9.0,1,31.99,0.0,8.0,No
CUST101183,49.0,Female,North,Employed,Master,6.0,Month-to-Month,Individual,Bank Transfer,19.12,159.64,62023.26,,496.0,41.92,1.0,8.0,1,59.72,4.0,3.0,No
CUST100815,45.0,Male,East,Employed,High School,10.0,Month-to-Month,Enterprise,Bank Transfer,104.16,972.76,12000.0,1014.31,698.0,61.44,0.0,9.0,1,20.61,1.0,,No
CUST101943,18.0,Other,Central,Self-Employed,Bachelor,48.0,Month-to-Month,Individual,Credit Card,63.91,3056.27,56445.88,4738.95,729.0,95.36,0.0,8.0,2,77.85,0.0,12.0,No
CUST100863,42.0,Female,West,Retired,Bachelor,25.0,One-Year,Individual,Electronic Check,79.23,2050.12,37364.47,,779.0,39.16,0.0,8.0,1,73.57,0.0,22.0,Yes
CUST101082,46.0,Male,North,Employed,Bachelor,4.0,One-Year,Family,Electronic Check,42.61,204.11,63415.96,5135.16,542.0,13.42,1.0,8.0,2,200.96,0.0,25.0,No
CUST101208,68.0,Female,West,Self-Employed,,46.0,One-Year,Individual,Electronic Check,85.07,4310.75,32702.05,2730.87,666.0,40.27,2.0,8.0,1,11.02,0.0,2.0,No
CUST101990,46.0,Male,Central,Retired,PhD,34.0,Month-to-Month,Small Business,Mailed Check,98.79,3268.95,14907.41,1249.16,639.0,5.81,14.0,7.0,2,14.06,1.0,15.0,Yes
CUST101289,51.0,Male,South,Employed,Bachelor,19.0,Two-Year,Family,Mailed Check,59.45,1002.41,61064.53,4869.06,722.0,14.03,2.0,8.0,4,52.18,0.0,1.0,No
CUST101747,45.0,Male,North,Employed,High School,42.0,One-Year,Family,Bank Transfer,83.98,3855.49,37864.07,3210.73,708.0,36.27,13.0,6.0,2,62.32,1.0,4.0,No
CUST101779,59.0,Female,South,Retired,Bachelor,44.0,One-Year,Individual,Bank Transfer,96.91,3752.78,25599.18,2135.59,650.0,35.54,14.0,7.0,1,14.23,0.0,58.0,No
CUST100380,42.0,Female,South,Employed,Bachelor,21.0,One-Year,Individual,Credit Card,69.31,1613.66,18471.04,1469.43,684.0,35.81,2.0,8.0,3,11.69,0.0,32.0,No
CUST100604,33.0,Female,East,Employed,Bachelor,72.0,Month-to-Month,Individual,Credit Card,66.93,4501.13,25235.21,2192.48,767.0,9.2,2.0,9.0,1,66.42,1.0,18.0,No
CUST101643,49.0,Female,West,Employed,High School,14.0,Month-to-Month,Family,Bank Transfer,103.73,1481.39,103622.73,,614.0,4.57,1.0,10.0,1,354.04,4.0,0.0,No
CUST101743,25.0,Male,West,Employed,High School,72.0,Two-Year,Enterprise,Mailed Check,101.87,7236.96,33896.75,,688.0,88.44,2.0,8.0,1,20.46,0.0,13.0,No
CUST100550,46.0,Female,Central,Employed,Master,8.0,One-Year,Family,,54.38,425.34,57116.39,4905.8,795.0,28.04,1.0,,1,78.81,0.0,4.0,No
CUST101171,18.0,Male,South,,PhD,12.0,Two-Year,Individual,Electronic Check,58.14,659.76,24750.62,2010.11,703.0,43.38,0.0,8.0,1,48.63,1.0,2.0,No
CUST100251,45.0,Female,East,Unemployed,Bachelor,9.0,Month-to-Month,Individual,,39.15,277.17,67428.64,5142.71,735.0,43.37,3.0,8.0,1,29.07,2.0,35.0,Yes
CUST101856,39.0,Female,North,Self-Employed,High School,22.0,Month-to-Month,Family,Credit Card,71.04,1397.39,98574.21,8009.22,606.0,17.13,1.0,8.0,2,122.75,0.0,8.0,No
CUST101499,27.0,Male,East,Employed,Bachelor,31.0,One-Year,Individual,Credit Card,86.76,2502.01,16345.87,1378.27,598.0,42.54,1.0,8.0,1,42.68,1.0,7.0,No
CUST100212,41.0,Female,East,Employed,High School,53.0,Month-to-Month,Family,Credit Card,81.12,4300.39,55852.6,4820.56,,13.74,0.0,9.0,2,86.25,2.0,1.0,No
CUST101464,53.0,Male,East,Self-Employed,High School,59.0,One-Year,Family,Credit Card,84.11,5282.43,22924.97,2086.38,676.0,29.6,2.0,7.0,4,16.48,1.0,4.0,No
CUST101706,36.0,Female,South,Employed,Master,7.0,Month-to-Month,Family,Bank Transfer,80.11,451.56,44620.9,3886.54,782.0,73.97,3.0,8.0,6,55.98,0.0,11.0,Yes
CUST101867,49.0,Female,East,Employed,Master,44.0,One-Year,Family,Credit Card,97.44,4108.21,88895.22,7851.81,627.0,61.08,0.0,,3,93.25,0.0,5.0,No
CUST100330,59.0,Male,North,Employed,Bachelor,29.0,Month-to-Month,Individual,Credit Card,98.78,3134.83,23706.18,1798.44,588.0,43.94,2.0,,2,27.85,2.0,23.0,Yes
CUST100432,39.0,Male,South,Employed,Bachelor,17.0,Two-Year,Small Business,,82.9,1644.08,44143.62,3591.3,623.0,42.89,0.0,8.0,1,27.18,0.0,9.0,No
CUST100276,32.0,Male,East,Employed,Bachelor,66.0,One-Year,Small Business,Bank Transfer,99.33,5861.83,95590.24,8246.31,803.0,103.47,4.0,10.0,3,76.28,0.0,4.0,No
CUST101780,51.0,Female,North,Employed,High School,53.0,Month-to-Month,Small Business,Bank Transfer,72.53,3524.36,30063.6,2493.72,701.0,17.08,0.0,8.0,4,15.01,1.0,20.0,No
CUST101335,63.0,Male,North,Employed,Bachelor,29.0,Month-to-Month,Family,Mailed Check,86.94,2625.66,24525.21,2027.62,679.0,30.36,0.0,8.0,1,13.13,2.0,14.0,No
CUST101621,42.0,Male,South,Unemployed,PhD,20.0,Month-to-Month,Individual,Electronic Check,55.82,1100.55,79707.38,7131.77,786.0,,0.0,10.0,3,73.44,0.0,16.0,No
CUST100291,43.0,Female,North,Employed,Master,25.0,One-Year,Small Business,Credit Card,117.47,2817.9,19595.48,1671.11,599.0,50.44,2.0,8.0,2,19.9,1.0,35.0,Yes
CUST100901,42.0,Male,East,Self-Employed,High School,18.0,Month-to-Month,Enterprise,Bank Transfer,123.83,1922.74,87944.75,7952.33,556.0,141.68,2.0,8.0,3,126.34,0.0,8.0,No
CUST100448,54.0,Female,North,Employed,Master,27.0,Month-to-Month,Individual,Electronic Check,64.44,1611.82,44837.73,3705.72,695.0,17.3,4.0,6.0,3,10.81,1.0,14.0,Yes
CUST101999,68.0,Female,East,Retired,Bachelor,57.0,Two-Year,Enterprise,Credit Card,141.24,7598.17,99094.64,8244.53,582.0,12.96,19.0,8.0,2,63.15,3.0,6.0,No
CUST101673,46.0,Female,North,Unemployed,Master,13.0,Two-Year,Family,Electronic Check,85.84,1285.48,111622.23,9481.12,715.0,28.54,1.0,9.0,3,86.75,2.0,18.0,No
CUST101548,48.0,Male,,Unemployed,Bachelor,38.0,Two-Year,Individual,Electronic Check,53.93,2001.51,57222.23,5009.64,722.0,,2.0,10.0,3,52.96,2.0,3.0,No
CUST101739,42.0,Female,,,Bachelor,17.0,Month-to-Month,Small Business,Credit Card,108.7,1940.86,51180.33,4276.93,644.0,32.29,1.0,,3,44.32,1.0,4.0,No
CUST100303,37.0,Male,East,Employed,,8.0,One-Year,Individual,Credit Card,37.77,297.86,21427.48,1760.01,665.0,53.49,2.0,9.0,3,34.39,1.0,33.0,Yes
CUST101511,48.0,Female,South,,Bachelor,15.0,Two-Year,Family,Credit Card,60.68,859.4,21211.92,1725.75,554.0,109.54,1.0,7.0,1,8.55,0.0,1.0,No
CUST101710,34.0,Male,East,Retired,Bachelor,29.0,Two-Year,Small Business,Bank Transfer,106.41,,35814.48,3129.72,682.0,35.28,14.0,7.0,1,76.1,0.0,38.0,No
CUST101874,28.0,Male,South,Employed,Master,26.0,Month-to-Month,Small Business,Credit Card,95.84,2297.16,51087.15,4553.26,750.0,80.72,2.0,8.0,2,63.44,1.0,23.0,Yes
CUST100940,44.0,Male,South,Self-Employed,Master,29.0,Month-to-Month,Enterprise,Credit Card,92.11,2663.92,44971.18,3628.53,667.0,65.95,0.0,7.0,1,38.74,0.0,8.0,No
CUST100067,35.0,Male,West,Employed,,51.0,Month-to-Month,Enterprise,Credit Card,131.25,6357.47,30682.57,2506.64,699.0,5.55,6.0,6.0,1,62.16,0.0,4.0,Yes
CUST100019,40.0,Male,North,Employed,,30.0,Month-to-Month,Individual,Electronic Check,49.18,1548.36,28082.81,2402.09,700.0,64.38,1.0,9.0,2,5.0,0.0,18.0,Yes
CUST100324,63.0,Female,East,Self-Employed,High School,38.0,Month-to-Month,Individual,Electronic Check,58.85,2064.13,42962.48,3606.26,648.0,25.47,1.0,9.0,2,59.65,0.0,19.0,No
CUST101284,,Male,South,Employed,Bachelor,15.0,Month-to-Month,Small Business,Bank Transfer,112.54,1858.56,14792.89,1266.27,708.0,73.44,8.0,6.0,2,15.76,1.0,6.0,No
CUST101832,28.0,Female,North,Unemployed,Master,55.0,Two-Year,Individual,Credit Card,66.82,3660.29,57656.75,4889.13,727.0,50.65,2.0,8.0,1,46.5,0.0,3.0,No
CUST101433,21.0,Female,East,Employed,High School,8.0,Month-to-Month,Individual,Credit Card,62.98,561.55,60247.9,4909.55,748.0,12.36,2.0,9.0,5,44.64,1.0,50.0,Yes
CUST101424,43.0,Other,North,Self-Employed,High School,64.0,Month-to-Month,Individual,Credit Card,81.18,5178.35,68757.99,5309.15,647.0,,0.0,10.0,3,344.13,2.0,10.0,No
CUST101473,18.0,Female,North,Employed,High School,28.0,Month-to-Month,Individual,Bank Transfer,91.4,2610.26,,2288.01,709.0,38.69,1.0,8.0,2,31.13,0.0,19.0,Yes
CUST100054,35.0,Male,Central,Employed,Master,10.0,Month-to-Month,Individual,Credit Card,31.75,397.71,65642.35,5820.26,708.0,38.89,2.0,9.0,8,101.02,0.0,29.0,No
CUST100963,40.0,Male,West,Employed,Bachelor,49.0,Month-to-Month,Family,Mailed Check,100.2,5249.33,48352.3,4104.53,666.0,18.72,7.0,,5,65.35,0.0,14.0,Yes
CUST100931,46.0,Female,East,Unemployed,High School,18.0,Month-to-Month,Individual,,85.29,1406.82,62691.36,5523.31,725.0,65.8,4.0,7.0,4,132.44,3.0,4.0,Yes
CUST101893,18.0,Female,West,Employed,,45.0,Two-Year,Enterprise,Electronic Check,128.88,5935.64,50030.06,4166.61,688.0,13.97,1.0,7.0,2,110.02,0.0,20.0,No
CUST100150,39.0,Female,East,Employed,,13.0,Month-to-Month,Enterprise,Credit Card,116.15,1505.65,45476.65,3846.08,795.0,13.87,2.0,8.0,1,64.81,0.0,9.0,Yes
CUST101663,63.0,Male,North,Employed,Master,39.0,Month-to-Month,Individual,Credit Card,79.62,2963.93,63396.01,5433.45,627.0,65.81,1.0,6.0,2,75.03,0.0,46.0,Yes
CUST101121,41.0,Male,South,Self-Employed,Bachelor,29.0,One-Year,Individual,Bank Transfer,75.4,1751.34,26186.66,2095.89,822.0,24.95,1.0,10.0,2,29.12,1.0,11.0,No
CUST101672,43.0,Female,Central,Unemployed,,25.0,Month-to-Month,Individual,Mailed Check,48.98,1360.23,30007.17,2393.95,639.0,22.34,2.0,7.0,1,52.6,0.0,3.0,No
CUST101130,30.0,Male,North,,PhD,33.0,Month-to-Month,Family,Credit Card,70.15,2050.34,16921.54,1403.57,640.0,86.26,2.0,8.0,1,15.91,0.0,5.0,No
CUST100743,19.0,Female,North,Unemployed,,50.0,Month-to-Month,Family,Credit Card,68.41,3366.93,78830.17,6489.08,720.0,44.23,2.0,8.0,3,60.0,0.0,5.0,No
CUST101694,26.0,Male,South,Employed,,17.0,Month-to-Month,Individual,Electronic Check,61.38,1264.94,42203.52,3486.25,736.0,67.1,2.0,8.0,1,53.18,0.0,8.0,No
CUST100749,30.0,Female,South,Self-Employed,Bachelor,-4.0,Month-to-Month,Family,Credit Card,54.0,2236.02,17782.68,1480.12,689.0,31.67,1.0,7.0,1,20.85,1.0,11.0,No
CUST100755,55.0,Other,East,,,72.0,Month-to-Month,Small Business,Electronic Check,124.78,8308.83,,2496.78,635.0,61.26,0.0,8.0,2,54.56,2.0,11.0,Yes
CUST101048,30.0,Other,South,Unemployed,High School,5.0,Two-Year,Individual,Electronic Check,46.97,,13701.99,1159.38,675.0,52.09,2.0,9.0,3,22.84,3.0,23.0,No
CUST100811,34.0,Female,East,Employed,Master,23.0,One-Year,Small Business,Bank Transfer,108.93,2505.77,102480.46,8612.27,663.0,48.31,8.0,7.0,6,97.11,2.0,3.0,No
CUST100661,41.0,Female,North,,High School,21.0,Month-to-Month,Individual,Credit Card,83.34,1839.01,33620.04,2622.49,688.0,52.16,0.0,8.0,2,17.55,2.0,0.0,No
CUST101557,50.0,Female,Central,Employed,Bachelor,7.0,Month-to-Month,Family,Electronic Check,42.48,252.84,42895.66,3677.07,694.0,55.29,1.0,9.0,5,46.83,1.0,35.0,No
CUST101831,42.0,Male,East,Self-Employed,Master,30.0,Month-to-Month,Individual,Bank Transfer,68.54,1905.66,74870.74,6712.74,677.0,86.61,0.0,,3,235.46,1.0,7.0,No
CUST101106,25.0,Female,North,Self-Employed,Bachelor,43.0,Month-to-Month,Family,Mailed Check,71.92,3438.01,63404.28,5157.44,,44.71,1.0,9.0,1,67.6,2.0,22.0,Yes
CUST100255,50.0,Female,East,Employed,Bachelor,42.0,Month-to-Month,Family,Credit Card,84.59,3653.94,38788.67,3551.21,671.0,151.41,0.0,8.0,2,22.95,1.0,12.0,Yes
CUST100934,45.0,Female,,Self-Employed,Bachelor,22.0,One-Year,Individual,Electronic Check,34.33,795.77,40927.8,3430.41,608.0,23.47,5.0,7.0,3,80.39,0.0,14.0,No
CUST100869,40.0,Male,South,Unemployed,Bachelor,12.0,One-Year,Family,Credit Card,75.9,871.83,89086.04,7291.28,533.0,33.89,1.0,9.0,1,136.98,3.0,7.0,No
CUST101848,36.0,Female,Central,Employed,Master,33.0,Month-to-Month,Family,Bank Transfer,123.97,3869.12,17797.23,1494.12,683.0,36.27,11.0,9.0,3,121.73,2.0,7.0,Yes
CUST100892,36.0,Male,West,Employed,High School,11.0,Two-Year,Individual,Credit Card,67.16,747.74,24430.78,,708.0,217.76,3.0,8.0,1,10.47,2.0,33.0,No
CUST100873,42.0,Male,Central,Employed,Master,51.0,Month-to-Month,Family,Electronic Check,59.85,2502.59,,1475.17,724.0,37.39,2.0,6.0,1,43.5,1.0,16.0,No
CUST100613,46.0,Male,East,Unemployed,Bachelor,28.0,Month-to-Month,Enterprise,Credit Card,112.01,3333.54,54209.71,4593.98,850.0,19.82,1.0,7.0,4,62.87,0.0,16.0,No
CUST101403,35.0,Male,East,Employed,High School,12.0,One-Year,Small Business,Credit Card,95.54,1179.26,58876.45,4933.11,686.0,8.72,1.0,8.0,1,44.12,1.0,5.0,No
CUST101100,55.0,Female,Central,Self-Employed,Bachelor,31.0,Month-to-Month,Family,Credit Card,95.0,2955.15,59882.95,4717.7,644.0,39.02,1.0,10.0,1,126.89,1.0,30.0,Yes
CUST100388,44.0,Male,South,,Bachelor,13.0,Month-to-Month,Family,Electronic Check,104.45,1227.39,56182.95,4549.49,764.0,28.9,2.0,8.0,1,129.91,2.0,8.0,Yes
CUST100936,27.0,Male,South,Retired,Bachelor,45.0,Two-Year,Small Business,Bank Transfer,90.22,3385.63,37876.26,3138.48,657.0,18.23,2.0,9.0,1,214.52,2.0,1.0,No
CUST100406,40.0,Female,Central,Employed,High School,27.0,Month-to-Month,Family,Bank Transfer,54.73,1688.95,26901.93,2318.53,749.0,70.4,3.0,7.0,1,17.12,0.0,3.0,Yes
CUST101315,63.0,Male,West,Employed,High School,38.0,Month-to-Month,Family,Credit Card,92.28,3905.45,159974.33,13789.78,,21.78,2.0,8.0,4,129.51,0.0,29.0,Yes
CUST100794,20.0,Male,North,Retired,Bachelor,49.0,Month-to-Month,Small Business,Credit Card,98.22,5282.42,44558.97,,665.0,41.75,6.0,7.0,4,29.99,0.0,12.0,Yes
CUST100715,26.0,Female,East,Employed,Bachelor,2.0,Month-to-Month,Family,Credit Card,72.89,177.3,110529.02,9432.49,,68.68,0.0,9.0,4,175.78,0.0,22.0,No
CUST101134,39.0,Female,East,Employed,High School,7.0,Month-to-Month,Individual,Credit Card,59.77,405.51,79450.84,6789.31,541.0,14.78,14.0,8.0,3,46.11,1.0,5.0,Yes
CUST101648,39.0,,Central,Employed,High School,11.0,Month-to-Month,Small Business,Electronic Check,79.48,917.84,16215.44,1403.43,651.0,41.83,2.0,7.0,2,10.91,1.0,14.0,No
CUST101023,48.0,Female,South,Employed,Bachelor,46.0,One-Year,Small Business,Credit Card,98.22,4057.87,35507.47,2847.18,850.0,83.63,1.0,,3,47.26,0.0,17.0,Yes
CUST101055,59.0,Female,East,Employed,High School,20.0,Month-to-Month,Individual,Bank Transfer,62.08,1230.9,22977.63,1960.35,788.0,10.46,2.0,,1,13.95,1.0,5.0,No
CUST101751,34.0,Female,East,,High School,27.0,Two-Year,Small Business,Credit Card,80.29,1978.04,30229.89,2819.58,535.0,51.94,4.0,7.0,2,33.7,0.0,27.0,No
CUST100246,28.0,Female,North,Retired,PhD,17.0,Two-Year,Individual,Electronic Check,58.98,908.18,27666.88,2302.94,751.0,81.19,3.0,8.0,1,64.38,1.0,1.0,No
CUST100145,36.0,Male,North,Unemployed,,4.0,Two-Year,Small Business,Electronic Check,109.2,425.54,,3146.32,646.0,32.53,2.0,7.0,3,38.36,1.0,20.0,No
CUST101864,44.0,Female,North,Employed,Master,30.0,One-Year,Family,Credit Card,58.37,1884.25,74151.56,6054.3,715.0,46.71,2.0,9.0,1,87.5,0.0,7.0,No
CUST101152,44.0,Male,South,Retired,High School,29.0,Two-Year,Individual,Electronic Check,72.27,2026.2,29969.1,2461.02,530.0,50.7,2.0,9.0,2,77.14,1.0,0.0,No
CUST101836,44.0,Female,South,Employed,High School,35.0,One-Year,Individual,Electronic Check,69.83,2799.32,72246.34,6042.09,716.0,21.04,2.0,7.0,5,107.3,0.0,6.0,No
CUST100622,44.0,Male,South,,Bachelor,22.0,One-Year,Small Business,Mailed Check,97.61,2284.77,21895.39,1845.7,770.0,46.65,2.0,7.0,1,37.73,1.0,3.0,Yes
CUST101967,40.0,Female,North,Self-Employed,High School,35.0,Two-Year,Individual,Credit Card,72.39,2501.37,58492.94,4928.1,726.0,39.84,,9.0,2,51.73,0.0,27.0,No
CUST100460,45.0,Male,South,Employed,High School,10.0,Month-to-Month,Small Business,Electronic Check,107.73,997.62,74227.85,5912.35,700.0,47.15,3.0,,2,17.76,0.0,23.0,Yes
CUST100486,32.0,Female,South,Retired,High School,72.0,Two-Year,Individual,Bank Transfer,86.63,6718.3,76467.79,6576.92,732.0,19.85,2.0,7.0,2,60.48,0.0,6.0,No
CUST101901,54.0,Male,North,Retired,Master,27.0,Month-to-Month,Small Business,Electronic Check,111.44,3218.61,72598.43,6051.65,626.0,36.46,1.0,8.0,5,46.16,1.0,26.0,Yes
CUST100090,49.0,Female,North,Employed,Bachelor,14.0,Month-to-Month,Small Business,Credit Card,67.64,950.08,,8115.25,806.0,38.74,0.0,7.0,1,173.83,0.0,8.0,Yes
CUST101229,48.0,Female,South,Self-Employed,Bachelor,55.0,One-Year,Family,Credit Card,80.69,4492.17,30095.65,2383.13,691.0,56.1,0.0,10.0,1,29.77,1.0,19.0,Yes
CUST100492,38.0,Male,Central,,PhD,50.0,Month-to-Month,Small Business,,93.92,4075.07,109618.77,9813.77,675.0,83.74,0.0,8.0,3,49.55,0.0,0.0,No
CUST100170,33.0,Male,North,Employed,High School,40.0,Month-to-Month,Individual,Credit Card,72.25,,44133.37,3779.82,674.0,18.78,3.0,10.0,2,59.87,1.0,8.0,No
CUST101645,42.0,Male,East,Employed,Bachelor,20.0,One-Year,Individual,Credit Card,77.12,1543.63,114860.94,9608.88,701.0,16.88,2.0,,1,104.14,0.0,7.0,No
CUST100056,38.0,Male,West,Employed,High School,17.0,Month-to-Month,Family,Electronic Check,65.57,1135.54,22884.33,1831.44,676.0,6.42,0.0,8.0,1,22.85,1.0,52.0,No
CUST100404,47.0,Female,North,Unemployed,Master,46.0,One-Year,Family,Credit Card,90.39,4229.51,61615.55,5185.88,613.0,51.19,2.0,7.0,2,3162.88,0.0,30.0,No
CUST101265,40.0,Female,East,Employed,High School,44.0,Month-to-Month,Small Business,Bank Transfer,97.45,4851.25,33560.54,2673.84,757.0,25.75,1.0,8.0,2,63.16,1.0,16.0,No
CUST100599,20.0,Male,South,Self-Employed,High School,14.0,Month-to-Month,Family,Credit Card,91.9,1413.05,31908.15,2647.74,808.0,70.57,3.0,7.0,1,42.12,1.0,1.0,No
CUST101015,29.0,Female,North,Employed,Master,41.0,Month-to-Month,Individual,Electronic Check,91.26,,43598.44,,791.0,32.89,0.0,10.0,5,42.68,1.0,6.0,Yes
CUST101370,23.0,Male,East,Unemployed,Bachelor,50.0,Month-to-Month,Individual,Electronic Check,78.9,3958.42,113829.29,9054.53,611.0,14.94,2.0,8.0,6,142.21,1.0,10.0,No
CUST100097,29.0,Female,North,Employed,High School,61.0,Month-to-Month,Family,Bank Transfer,92.53,5537.05,130229.66,10680.79,547.0,42.34,5.0,7.0,2,160.58,1.0,1.0,Yes
CUST100826,41.0,Male,South,Employed,Master,4.0,Two-Year,Family,Bank Transfer,59.49,249.5,75984.55,6599.66,,56.73,1.0,7.0,1,62.19,1.0,20.0,No
CUST101140,62.0,Male,Central,Employed,PhD,59.0,Two-Year,Individual,Electronic Check,71.49,3591.05,47931.29,4289.44,687.0,32.41,0.0,7.0,1,39.79,1.0,2.0,No
CUST101225,47.0,Female,Central,Retired,High School,30.0,Month-to-Month,Individual,Credit Card,69.78,2119.18,39285.12,3238.84,651.0,76.17,2.0,,2,30.2,1.0,21.0,Yes
CUST101877,63.0,Male,West,Unemployed,Bachelor,16.0,Month-to-Month,Family,Bank Transfer,85.34,1496.39,93956.42,8283.99,646.0,69.03,1.0,9.0,3,148.4,2.0,13.0,No
CUST100479,72.0,Female,West,Employed,High School,23.0,Month-to-Month,Individual,Bank Transfer,66.01,1353.19,71551.69,6181.97,684.0,,2.0,8.0,2,82.96,0.0,30.0,Yes
CUST100323,50.0,Male,North,Employed,Bachelor,72.0,Two-Year,Family,Bank Transfer,73.25,5035.48,72414.65,6025.75,753.0,36.88,2.0,8.0,2,102.75,0.0,19.0,No
CUST101217,18.0,Male,North,Employed,Bachelor,12.0,Two-Year,Enterprise,Bank Transfer,129.24,1411.64,50397.37,4216.78,653.0,27.62,5.0,8.0,2,67.34,3.0,8.0,No
CUST101467,25.0,Other,East,Employed,High School,18.0,Month-to-Month,Individual,Electronic Check,41.64,813.99,31600.44,2687.46,649.0,48.36,2.0,10.0,1,38.62,1.0,11.0,Yes
CUST101797,39.0,Female,South,Employed,High School,22.0,One-Year,Family,Credit Card,44.63,895.2,49292.34,4190.57,644.0,43.92,0.0,10.0,6,54.18,2.0,15.0,No
CUST101478,36.0,Male,West,Employed,Bachelor,51.0,Month-to-Month,Individual,Electronic Check,45.72,2350.25,47596.45,3876.94,780.0,20.63,0.0,8.0,1,20.65,0.0,19.0,Yes
CUST101552,34.0,Female,South,Self-Employed,Bachelor,13.0,Month-to-Month,Family,Credit Card,78.49,1141.65,63195.88,5673.2,850.0,33.12,2.0,8.0,1,78.96,1.0,2.0,No
CUST101786,54.0,Female,South,Self-Employed,High School,14.0,Month-to-Month,Small Business,Electronic Check,110.0,1629.59,20728.75,,623.0,139.09,0.0,8.0,1,20.85,0.0,9.0,Yes
CUST101574,24.0,Other,North,Retired,Bachelor,28.0,One-Year,Individual,Mailed Check,78.65,2279.2,32661.2,2562.31,648.0,21.58,0.0,10.0,2,20.66,2.0,,No
CUST100098,46.0,Female,South,Self-Employed,Bachelor,4.0,Month-to-Month,Individual,Bank Transfer,50.03,173.04,,5709.95,671.0,92.92,2.0,8.0,3,64.24,1.0,17.0,Yes
CUST100204,18.0,Male,West,Employed,High School,23.0,One-Year,Family,Bank Transfer,48.01,1241.53,,3054.81,639.0,59.43,3.0,7.0,1,63.39,0.0,18.0,No
CUST100424,30.0,Male,South,Retired,Bachelor,14.0,One-Year,Small Business,Mailed Check,89.72,1204.1,58095.85,4810.56,659.0,86.94,0.0,9.0,4,175.1,0.0,64.0,No
CUST100296,45.0,Male,North,Retired,Bachelor,47.0,Month-to-Month,Small Business,Mailed Check,101.45,4783.88,56210.7,4677.81,640.0,4.85,2.0,9.0,1,179.86,2.0,6.0,No
CUST100737,51.0,Female,Central,,PhD,35.0,Month-to-Month,Small Business,Electronic Check,132.07,4817.4,26102.28,2051.03,673.0,31.52,13.0,7.0,3,20.28,1.0,15.0,Yes
CUST101898,36.0,Female,West,Employed,Bachelor,7.0,One-Year,Family,Mailed Check,55.79,481.74,76779.23,6261.05,576.0,41.21,1.0,10.0,5,62.45,3.0,4.0,No
CUST100902,39.0,Female,West,Self-Employed,Bachelor,10.0,Two-Year,Individual,Electronic Check,55.9,582.98,,2935.35,729.0,4.58,1.0,9.0,3,37.38,0.0,35.0,No
CUST100601,34.0,Female,Central,Employed,Bachelor,20.0,Month-to-Month,Small Business,Bank Transfer,98.62,1863.48,52789.21,4186.95,640.0,57.69,1.0,8.0,1,46.69,1.0,0.0,No
CUST100999,51.0,Female,South,Retired,High School,23.0,One-Year,Enterprise,Credit Card,108.82,2272.99,18686.83,1468.49,709.0,24.2,0.0,8.0,2,23.4,1.0,2.0,No
CUST101806,47.0,Male,Central,Unemployed,Bachelor,70.0,One-Year,Small Business,Electronic Check,89.5,6084.55,88122.2,7064.47,634.0,16.68,2.0,8.0,2,180.7,1.0,9.0,No
CUST100395,43.0,Other,North,Employed,Master,32.0,One-Year,Small Business,Electronic Check,72.15,2343.83,47995.24,3874.75,711.0,15.37,2.0,8.0,2,45.55,2.0,3.0,No
CUST100426,51.0,Female,South,Self-Employed,Master,72.0,Month-to-Month,Individual,Credit Card,55.24,4246.05,28638.27,2552.53,582.0,86.25,2.0,8.0,2,25.95,3.0,,No
CUST101802,37.0,Female,,Employed,Bachelor,23.0,One-Year,Enterprise,Credit Card,132.0,3082.63,41383.31,3593.81,750.0,,0.0,9.0,1,29.48,1.0,1.0,No
CUST101583,33.0,Female,North,Employed,PhD,24.0,One-Year,Individual,Credit Card,50.73,1275.74,29238.84,2486.95,792.0,26.72,2.0,9.0,2,35.07,0.0,28.0,No
CUST101549,46.0,Male,East,Self-Employed,Bachelor,36.0,Month-to-Month,Small Business,Credit Card,106.36,4214.48,20366.85,1742.22,715.0,,1.0,8.0,2,29.04,0.0,40.0,Yes
CUST101555,33.0,Male,East,Retired,Bachelor,1.0,One-Year,Family,Credit Card,105.17,101.71,22444.76,1806.06,,46.21,2.0,9.0,3,19.09,0.0,10.0,No
CUST101038,51.0,Female,North,Employed,High School,18.0,Month-to-Month,Individual,Bank Transfer,31.49,569.98,66016.57,5358.17,850.0,11.48,3.0,7.0,1,64.7,0.0,3.0,No
CUST100252,62.0,Male,East,Self-Employed,High School,54.0,Month-to-Month,Small Business,Bank Transfer,78.27,4423.14,32692.55,2689.6,794.0,93.09,3.0,7.0,1,40.75,0.0,13.0,No
CUST100238,28.0,Female,North,Employed,Bachelor,18.0,Month-to-Month,Family,Bank Transfer,73.03,1378.54,60314.37,4915.89,802.0,42.24,1.0,8.0,1,84.4,0.0,8.0,No
CUST101144,41.0,Male,East,Self-Employed,Bachelor,27.0,Month-to-Month,Family,Mailed Check,55.82,1678.43,,5806.27,661.0,22.55,3.0,9.0,2,71.73,1.0,29.0,No
CUST100844,43.0,Male,Central,Self-Employed,High School,66.0,One-Year,Enterprise,Credit Card,107.22,6134.89,53781.56,4440.78,650.0,35.93,29.0,7.0,1,42.15,2.0,14.0,No
CUST101309,37.0,Female,Central,Employed,,7.0,Month-to-Month,Small Business,Electronic Check,89.73,553.08,38855.54,3066.85,570.0,38.47,1.0,8.0,4,25.86,2.0,17.0,Yes
CUST100845,45.0,Male,South,Self-Employed,Master,25.0,Month-to-Month,Family,Bank Transfer,79.1,1923.68,52607.13,4108.53,640.0,12.66,2.0,7.0,1,33.73,0.0,8.0,Yes
CUST100554,40.0,,South,Employed,Bachelor,10.0,Month-to-Month,Family,Bank Transfer,94.68,977.17,21484.43,,660.0,35.37,1.0,10.0,2,22.78,0.0,1.0,No
CUST101220,40.0,Male,North,Employed,Bachelor,22.0,Two-Year,Family,Electronic Check,93.24,2236.06,26970.45,2299.14,694.0,33.02,2.0,8.0,1,39.84,0.0,11.0,No
CUST101369,53.0,Male,West,Self-Employed,Master,72.0,Month-to-Month,Family,Bank Transfer,90.7,6967.41,,5077.8,541.0,60.78,0.0,9.0,4,87.77,0.0,,No
CUST100545,39.0,Female,South,Employed,Bachelor,11.0,Month-to-Month,Individual,,71.83,834.29,172518.84,14091.29,738.0,101.94,2.0,6.0,3,96.99,1.0,5.0,Yes
CUST100250,37.0,Male,South,Unemployed,Bachelor,19.0,One-Year,Family,Bank Transfer,104.94,1808.47,61881.13,5129.81,,48.46,3.0,6.0,1,93.08,1.0,6.0,Yes
CUST100739,18.0,Male,Central,Self-Employed,Bachelor,5.0,Month-to-Month,Enterprise,Mailed Check,129.25,638.06,57440.11,4473.8,671.0,25.74,,10.0,1,60.12,1.0,32.0,No
CUST100964,41.0,Female,South,Employed,High School,28.0,One-Year,Enterprise,Credit Card,127.89,3376.14,48858.15,4024.73,639.0,20.02,1.0,10.0,3,183.76,1.0,2.0,No
CUST101669,33.0,Female,North,Employed,High School,12.0,One-Year,Family,Bank Transfer,104.92,1415.14,38972.98,3257.07,835.0,47.67,2.0,10.0,2,19.44,0.0,15.0,No
CUST100198,41.0,Male,East,Unemployed,Bachelor,21.0,Two-Year,Individual,Credit Card,74.04,1705.11,92452.42,7759.02,781.0,34.56,2.0,8.0,2,251.12,1.0,19.0,No
CUST101436,36.0,Female,North,Retired,Bachelor,55.0,Month-to-Month,Individual,Electronic Check,47.52,2953.17,20817.51,1824.41,584.0,35.97,1.0,9.0,1,16.05,0.0,5.0,No
CUST101509,43.0,Male,West,Self-Employed,High School,13.0,Month-to-Month,Family,Electronic Check,77.23,818.62,65688.09,5533.72,610.0,,0.0,8.0,3,60.33,0.0,0.0,No
CUST101454,59.0,Female,South,Employed,High School,3.0,Month-to-Month,Family,Credit Card,46.04,159.24,81244.28,6147.2,730.0,57.62,2.0,,2,77.31,0.0,40.0,No
CUST100897,31.0,Female,East,Employed,High School,13.0,One-Year,Small Business,Bank Transfer,96.78,1262.09,43398.91,3673.06,558.0,24.85,2.0,8.0,1,48.13,0.0,5.0,No
CUST101772,25.0,Male,North,Self-Employed,High School,27.0,Month-to-Month,Individual,Bank Transfer,46.95,1317.84,26671.4,2124.2,684.0,15.1,2.0,6.0,1,22.65,3.0,41.0,Yes
CUST101744,49.0,Female,East,Employed,Master,72.0,Two-Year,Individual,Credit Card,61.69,4466.77,18905.26,1500.25,736.0,36.93,10.0,7.0,2,45.09,1.0,8.0,No
CUST101314,48.0,Female,West,Self-Employed,High School,33.0,Two-Year,Family,Credit Card,107.43,3242.53,,1361.42,686.0,94.16,0.0,10.0,1,7.28,1.0,17.0,No
CUST100989,35.0,Other,East,Employed,Bachelor,11.0,Month-to-Month,Individual,Bank Transfer,34.0,378.65,63936.44,5172.97,680.0,,3.0,8.0,2,114.89,1.0,29.0,Yes
CUST101040,30.0,Male,South,Unemployed,High School,11.0,One-Year,Small Business,Bank Transfer,78.82,957.3,43154.49,3555.36,716.0,47.06,2.0,7.0,1,83.44,2.0,1.0,No
CUST101182,31.0,Male,North,Employed,Master,44.0,Two-Year,Individual,Bank Transfer,81.76,3439.18,58215.08,5336.64,809.0,45.38,2.0,10.0,1,83.89,0.0,24.0,No
CUST100243,23.0,Male,Central,Employed,Bachelor,12.0,Two-Year,Small Business,Credit Card,90.06,988.23,36740.78,2874.33,597.0,6.9,3.0,8.0,2,45.72,1.0,9.0,No
CUST100066,37.0,Female,Central,Employed,High School,2.0,Two-Year,Family,Electronic Check,57.5,107.9,33627.45,2770.63,611.0,33.93,0.0,10.0,3,41.24,1.0,15.0,No
CUST101918,37.0,Male,South,Self-Employed,PhD,21.0,Month-to-Month,Family,Electronic Check,74.17,1660.11,76101.43,6645.17,646.0,17.85,0.0,8.0,1,64.51,4.0,1.0,No
CUST100933,61.0,Female,West,Unemployed,Bachelor,19.0,Month-to-Month,Small Business,Credit Card,78.01,1579.06,,3403.4,581.0,26.85,1.0,7.0,1,146.87,2.0,3.0,No
CUST100359,39.0,Female,East,Employed,Master,11.0,Month-to-Month,Family,Electronic Check,47.87,,82438.89,6621.93,,39.46,2.0,7.0,1,98.95,1.0,9.0,No
CUST100095,24.0,Female,South,Employed,High School,6.0,Two-Year,Individual,Electronic Check,88.27,462.81,44733.24,3975.22,734.0,32.87,3.0,8.0,1,9.76,0.0,1.0,No
CUST101655,22.0,Female,Central,Employed,High School,26.0,Month-to-Month,Small Business,Electronic Check,109.34,2620.86,25228.93,1936.61,649.0,,17.0,7.0,2,26.33,0.0,19.0,No
CUST101528,18.0,Male,Central,Employed,Bachelor,64.0,Month-to-Month,Individual,Bank Transfer,67.73,3905.26,72353.89,5988.12,707.0,38.84,2.0,8.0,1,253.9,2.0,16.0,No
CUST101496,45.0,Female,East,Employed,PhD,42.0,One-Year,Small Business,Electronic Check,100.24,4005.32,24838.0,2032.04,626.0,12.75,17.0,5.0,1,29.19,5.0,0.0,No
CUST101956,52.0,Male,North,,Bachelor,7.0,Month-to-Month,Individual,Bank Transfer,82.28,455.48,,1781.04,631.0,29.81,1.0,6.0,2,17.38,1.0,27.0,Yes
CUST101601,55.0,Male,East,Employed,Bachelor,11.0,Month-to-Month,Family,Electronic Check,59.24,766.63,,1134.89,,17.35,13.0,6.0,1,9.55,2.0,22.0,No
CUST101973,61.0,Male,West,Employed,High School,33.0,Month-to-Month,Individual,Electronic Check,52.39,1890.56,33243.54,2497.11,764.0,39.39,2.0,8.0,2,56.1,1.0,8.0,No
CUST100521,30.0,Male,West,Employed,Master,28.0,Two-Year,Individual,Mailed Check,52.84,1326.12,,4819.03,531.0,35.28,1.0,9.0,2,127.17,1.0,1.0,No
CUST101863,53.0,Female,South,Employed,High School,29.0,Two-Year,Individual,Credit Card,70.4,1855.05,54617.69,4462.92,645.0,37.53,2.0,8.0,1,71.58,1.0,6.0,No
CUST101554,24.0,Male,East,Self-Employed,Bachelor,14.0,One-Year,Family,Credit Card,69.24,,50740.49,4258.98,737.0,96.11,2.0,7.0,3,36.05,0.0,9.0,No
CUST101432,31.0,Female,East,Employed,,47.0,Month-to-Month,Family,Mailed Check,95.52,4451.3,56699.37,4821.73,667.0,18.23,1.0,9.0,1,82.79,3.0,22.0,Yes
CUST100974,29.0,Male,East,Employed,Master,49.0,Month-to-Month,Individual,Bank Transfer,64.75,3350.64,30486.53,2397.81,797.0,68.89,4.0,9.0,3,17.99,2.0,12.0,Yes
CUST100665,21.0,Other,West,Employed,Bachelor,16.0,Month-to-Month,Individual,Credit Card,34.44,606.25,37362.51,3256.93,743.0,46.2,10.0,7.0,1,26.19,0.0,5.0,No
CUST100361,,Female,Central,Retired,High School,28.0,Month-to-Month,Small Business,Bank Transfer,104.21,2753.51,27949.83,2510.92,723.0,65.16,2.0,8.0,1,36.91,2.0,25.0,Yes
CUST101456,69.0,Female,East,Self-Employed,Bachelor,25.0,One-Year,Family,Credit Card,76.43,1747.71,26323.5,2347.75,535.0,62.7,1.0,7.0,1,35.52,0.0,18.0,No
CUST101455,40.0,Male,North,Employed,Bachelor,70.0,One-Year,Individual,Credit Card,82.9,6392.74,16248.39,1381.69,757.0,38.16,1.0,8.0,1,16.12,1.0,,No
CUST100484,40.0,Female,East,Employed,,5.0,One-Year,Family,Credit Card,90.14,416.41,175944.09,13091.96,679.0,39.91,5.0,7.0,2,201.71,0.0,7.0,No
CUST101175,22.0,Male,North,Employed,,14.0,Month-to-Month,Individual,Electronic Check,32.28,469.14,39183.9,3215.18,808.0,25.91,0.0,8.0,1,77.58,0.0,15.0,No
CUST101351,48.0,Male,South,Employed,Bachelor,20.0,Month-to-Month,Small Business,,107.06,2396.2,38603.31,3211.49,554.0,35.4,1.0,,1,54.82,2.0,9.0,Yes
CUST101280,55.0,Female,North,Employed,Bachelor,44.0,One-Year,Small Business,Credit Card,77.65,3350.34,72244.79,6198.63,637.0,47.03,1.0,8.0,3,111.35,3.0,9.0,No
CUST100311,46.0,Female,Central,Employed,Bachelor,10.0,Month-to-Month,Individual,Bank Transfer,40.2,475.46,68690.95,5842.9,483.0,82.79,13.0,7.0,2,54.93,2.0,24.0,No
CUST101785,56.0,Male,,Retired,Master,51.0,Month-to-Month,Small Business,Credit Card,104.13,4805.72,55781.41,5105.42,629.0,,2.0,7.0,2,30.27,1.0,11.0,No
CUST101328,40.0,Male,East,Unemployed,PhD,38.0,One-Year,Individual,Electronic Check,77.14,2705.95,40384.92,3217.79,576.0,61.44,1.0,7.0,1,79.71,5.0,6.0,No
CUST100842,62.0,Female,West,Employed,Bachelor,41.0,Month-to-Month,Individual,Mailed Check,28.46,1124.45,,1177.55,695.0,34.43,1.0,8.0,2,21.51,0.0,28.0,No
CUST100413,50.0,Male,North,Employed,Bachelor,11.0,Month-to-Month,Small Business,Bank Transfer,96.49,1109.27,107956.79,8947.19,717.0,24.79,1.0,9.0,1,98.36,0.0,6.0,No
CUST101157,59.0,Female,North,Employed,Bachelor,25.0,One-Year,Small Business,Bank Transfer,86.0,2096.46,70517.17,5896.05,588.0,77.24,1.0,8.0,2,151.26,2.0,10.0,No
CUST100031,36.0,Other,West,Self-Employed,High School,9.0,Month-to-Month,Individual,Mailed Check,88.14,791.54,40050.98,3295.82,604.0,27.32,2.0,,1,83.51,1.0,8.0,Yes
CUST100765,20.0,Male,East,Employed,Master,25.0,Month-to-Month,Small Business,Credit Card,70.91,1887.48,43959.39,3695.52,733.0,29.4,0.0,9.0,3,41.37,0.0,47.0,Yes
CUST100458,45.0,Female,East,Retired,Bachelor,20.0,One-Year,Small Business,Bank Transfer,112.23,2161.53,65315.1,5492.1,757.0,63.3,2.0,7.0,5,24.48,2.0,6.0,No
CUST101185,24.0,Male,West,Employed,High School,36.0,Month-to-Month,Individual,Electronic Check,59.61,2265.8,27935.82,2309.63,711.0,45.94,14.0,8.0,1,83.94,3.0,7.0,No
CUST100339,48.0,Male,Central,Employed,High School,72.0,Month-to-Month,Enterprise,Mailed Check,120.32,9080.24,22583.71,1986.07,605.0,37.85,2.0,9.0,3,23.23,1.0,1.0,No
CUST100286,44.0,Male,Central,Retired,Bachelor,26.0,Month-to-Month,Family,Credit Card,108.55,2543.3,54241.87,4586.58,691.0,10.91,1.0,8.0,3,68.66,0.0,4.0,No
CUST101272,37.0,Male,Central,Retired,Bachelor,18.0,One-Year,Individual,Mailed Check,58.71,1042.65,53273.27,4282.49,714.0,15.43,1.0,10.0,3,34.54,0.0,12.0,No
CUST101982,41.0,Female,North,Self-Employed,High School,12.0,Month-to-Month,Family,Credit Card,86.6,1157.45,175094.82,15101.26,703.0,81.16,2.0,8.0,2,76.56,0.0,2.0,No
CUST100949,18.0,Female,East,Unemployed,Bachelor,5.0,Month-to-Month,Family,Electronic Check,104.53,493.43,38037.78,3197.62,718.0,29.48,0.0,10.0,1,13.92,0.0,6.0,Yes
CUST101603,24.0,Male,East,Employed,High School,21.0,Month-to-Month,Enterprise,Bank Transfer,129.63,2606.34,53871.41,4367.15,635.0,55.06,6.0,9.0,1,18.4,1.0,6.0,Yes
CUST100139,75.0,Female,Central,Employed,,21.0,Month-to-Month,Individual,Electronic Check,52.34,1321.35,12000.0,1015.19,647.0,30.84,7.0,6.0,1,5.52,0.0,12.0,Yes
CUST100848,33.0,Female,South,Employed,High School,72.0,Two-Year,Family,Bank Transfer,109.79,7009.13,25800.75,,850.0,65.09,0.0,8.0,3,23.39,1.0,12.0,No
CUST101687,44.0,Female,West,Employed,PhD,18.0,Month-to-Month,Enterprise,Electronic Check,95.03,1635.69,74065.71,5745.05,711.0,18.25,1.0,,3,54.85,0.0,7.0,No
CUST101025,37.0,Male,South,Self-Employed,High School,4.0,Two-Year,Family,Electronic Check,92.49,371.11,74530.87,6533.35,607.0,30.53,2.0,8.0,2,47.0,1.0,15.0,Yes
CUST101760,27.0,Male,West,Self-Employed,Master,71.0,Two-Year,Individual,Mailed Check,50.67,3566.41,76032.17,6105.4,658.0,89.54,13.0,6.0,4,111.95,1.0,6.0,No
CUST101231,28.0,Female,East,Employed,Master,10.0,Month-to-Month,Family,Credit Card,66.81,744.32,78473.64,6391.69,,13.29,3.0,9.0,1,90.17,4.0,14.0,No
CUST101653,,,Central,Employed,High School,34.0,Month-to-Month,Family,Electronic Check,77.88,2658.63,37886.81,3147.33,700.0,55.99,0.0,9.0,4,21.86,3.0,7.0,No
CUST101138,40.0,Male,West,Employed,PhD,25.0,Month-to-Month,Individual,Bank Transfer,15.0,380.22,62399.59,5490.58,527.0,24.37,3.0,6.0,1,201.58,0.0,62.0,Yes
CUST100900,46.0,Male,West,Unemployed,Bachelor,37.0,Month-to-Month,Family,Credit Card,69.19,2869.55,30726.46,2343.0,694.0,37.33,4.0,9.0,4,134.56,0.0,2.0,No
CUST100731,42.0,Female,East,Employed,Bachelor,60.0,Two-Year,Individual,Credit Card,77.72,5208.99,42839.48,3463.54,672.0,44.71,3.0,8.0,1,55.81,1.0,15.0,No
CUST101845,18.0,Male,Central,Employed,Bachelor,14.0,Month-to-Month,Small Business,Bank Transfer,89.02,1400.38,24516.36,1954.38,711.0,47.08,2.0,8.0,1,12.52,0.0,8.0,Yes
CUST100264,47.0,Female,West,Self-Employed,PhD,42.0,Two-Year,Family,Bank Transfer,66.31,2767.68,44482.89,3681.65,651.0,54.95,0.0,8.0,1,61.03,1.0,5.0,No
CUST100274,60.0,Female,South,Self-Employed,Bachelor,8.0,Two-Year,Small Business,Bank Transfer,135.36,969.61,71768.47,5906.2,637.0,66.46,1.0,,1,92.74,0.0,15.0,No
CUST101094,33.0,Male,Central,Employed,High School,7.0,Month-to-Month,Individual,Bank Transfer,64.02,455.15,30749.54,,645.0,83.73,3.0,7.0,1,30.24,2.0,10.0,Yes
CUST101664,55.0,Female,East,Self-Employed,Bachelor,46.0,One-Year,Small Business,Electronic Check,96.03,4567.28,59609.59,4841.15,720.0,13.4,3.0,8.0,1,129.1,1.0,8.0,No
CUST100444,37.0,Female,East,Retired,Bachelor,9.0,Two-Year,Individual,Electronic Check,82.35,703.61,21076.92,1684.91,562.0,10.36,4.0,9.0,1,21.46,1.0,14.0,No
CUST100039,49.0,Female,,Employed,High School,14.0,Two-Year,Individual,Electronic Check,66.04,930.38,68885.16,5766.69,767.0,31.26,1.0,9.0,2,108.88,0.0,3.0,No
CUST101122,32.0,Male,West,Employed,High School,24.0,Month-to-Month,Enterprise,Bank Transfer,70.95,1685.62,,2358.82,632.0,38.79,1.0,9.0,2,18.57,1.0,12.0,Yes
CUST101264,40.0,Male,South,Employed,Bachelor,6.0,Month-to-Month,Individual,Mailed Check,64.58,363.11,17288.27,1367.05,680.0,25.63,2.0,7.0,1,25.29,0.0,25.0,Yes
CUST100021,33.0,Female,South,Employed,,34.0,Month-to-Month,Enterprise,Bank Transfer,109.89,3654.46,47642.22,3791.9,582.0,39.76,2.0,9.0,5,431.15,0.0,15.0,Yes
CUST100705,29.0,Male,North,Employed,,33.0,Month-to-Month,Small Business,Electronic Check,117.25,4180.48,37742.47,3229.33,603.0,53.98,0.0,8.0,2,36.23,3.0,16.0,Yes
CUST101438,26.0,Female,South,Unemployed,Bachelor,44.0,Month-to-Month,Enterprise,Credit Card,133.01,6184.5,45186.46,3582.3,789.0,112.7,2.0,8.0,1,76.3,3.0,22.0,Yes
CUST100517,33.0,Female,South,Employed,Master,48.0,One-Year,Small Business,Bank Transfer,71.48,3262.0,21142.58,1761.42,512.0,,3.0,7.0,1,19.8,1.0,2.0,No
CUST101173,29.0,Male,South,Employed,Master,26.0,Month-to-Month,Individual,Electronic Check,69.62,1754.39,63636.29,5262.78,671.0,38.3,0.0,9.0,3,117.19,1.0,3.0,No
CUST101671,22.0,Female,Central,Employed,High School,49.0,One-Year,Family,Electronic Check,108.85,4614.31,,3577.26,,20.33,,7.0,1,41.06,0.0,8.0,No
CUST100354,54.0,Female,West,Unemployed,Master,25.0,One-Year,Small Business,Credit Card,103.76,2557.88,21527.41,1797.16,655.0,15.37,1.0,7.0,1,35.54,1.0,3.0,No
CUST100297,37.0,Female,East,Retired,Bachelor,15.0,Month-to-Month,Small Business,Electronic Check,109.37,1559.76,132358.26,11241.83,654.0,51.34,1.0,8.0,2,194.04,2.0,0.0,No
CUST101076,57.0,Male,South,Employed,PhD,37.0,Two-Year,Individual,Credit Card,63.68,2397.99,24482.21,2038.42,671.0,28.62,1.0,8.0,1,9.52,0.0,8.0,No
CUST100839,37.0,Female,Central,Retired,Bachelor,46.0,Month-to-Month,Individual,Electronic Check,46.62,2176.8,73620.41,6130.16,806.0,13.17,2.0,7.0,5,68.08,0.0,20.0,No
CUST101222,46.0,Female,Central,Self-Employed,,17.0,Month-to-Month,Family,Electronic Check,71.14,1215.36,50593.63,4410.19,774.0,28.51,2.0,9.0,1,108.74,1.0,5.0,Yes
CUST100924,39.0,Male,West,Employed,Bachelor,27.0,One-Year,Enterprise,Credit Card,129.18,3310.32,74748.9,6194.39,,54.8,4.0,9.0,5,26.64,0.0,2.0,No
CUST100122,44.0,Male,South,Employed,PhD,11.0,Month-to-Month,Small Business,Credit Card,116.48,1322.94,61244.01,5100.99,586.0,24.72,1.0,6.0,1,61.68,1.0,5.0,Yes
CUST101227,34.0,Female,Central,Employed,Master,25.0,Month-to-Month,Small Business,Electronic Check,100.85,2733.51,,2791.9,663.0,23.27,,,1,38.7,2.0,7.0,Yes
CUST101091,41.0,Female,North,Employed,Bachelor,21.0,One-Year,Family,Bank Transfer,60.83,1316.4,39290.93,3383.56,547.0,68.27,3.0,8.0,1,60.26,2.0,3.0,No
CUST101247,19.0,Female,Central,Unemployed,Bachelor,26.0,Month-to-Month,Individual,Electronic Check,111.81,2776.23,17506.8,1514.66,729.0,60.68,3.0,8.0,2,25.04,1.0,,No
CUST101151,53.0,Female,East,Employed,Bachelor,18.0,One-Year,Small Business,Credit Card,111.15,2278.42,59824.82,4678.27,593.0,33.87,0.0,9.0,2,65.2,1.0,11.0,Yes
CUST101679,38.0,Female,West,Retired,Bachelor,12.0,Two-Year,Family,Bank Transfer,57.36,643.37,,3316.37,682.0,61.0,4.0,7.0,1,69.26,0.0,16.0,No
CUST101163,23.0,Male,North,Employed,High School,26.0,Month-to-Month,Enterprise,Bank Transfer,134.34,2825.07,154241.4,12201.95,,33.45,2.0,7.0,7,315.7,2.0,17.0,Yes
CUST100417,57.0,Male,South,Self-Employed,Bachelor,2.0,One-Year,Individual,Electronic Check,70.66,127.15,24202.55,,751.0,32.72,6.0,,1,88.6,1.0,10.0,Yes
CUST100966,38.0,Female,East,Retired,Bachelor,30.0,One-Year,Enterprise,Electronic Check,100.89,2635.72,66674.96,5407.4,612.0,76.53,1.0,7.0,4,22.46,2.0,6.0,No
CUST101242,61.0,Male,East,Employed,Bachelor,31.0,Month-to-Month,Small Business,Mailed Check,83.51,2456.7,16665.35,1341.41,680.0,45.27,,8.0,1,22.93,1.0,27.0,Yes
CUST101570,41.0,Female,South,Unemployed,Bachelor,50.0,Two-Year,Family,Electronic Check,74.8,3901.75,54906.78,,703.0,53.24,1.0,8.0,2,47.55,0.0,1.0,No
CUST100157,53.0,Female,North,Employed,High School,38.0,One-Year,Small Business,Credit Card,60.22,2367.8,39450.84,3177.7,615.0,38.24,1.0,8.0,1,53.34,2.0,10.0,No
CUST101118,45.0,Female,South,Unemployed,Bachelor,26.0,One-Year,Individual,Bank Transfer,83.54,2211.61,28093.22,2353.05,641.0,61.46,5.0,9.0,1,29.45,2.0,3.0,No
CUST101279,38.0,Female,North,Self-Employed,Bachelor,14.0,Two-Year,Individual,Credit Card,62.64,943.98,21095.71,1908.63,597.0,95.34,0.0,9.0,2,27.66,2.0,13.0,Yes
CUST101615,47.0,Male,South,Employed,Bachelor,62.0,Month-to-Month,Small Business,Credit Card,98.43,5734.6,70311.69,5370.19,646.0,65.72,3.0,10.0,1,122.24,3.0,35.0,Yes
CUST101667,41.0,Other,Central,Employed,Master,14.0,Month-to-Month,Individual,Mailed Check,42.65,530.91,55821.34,4556.31,741.0,48.76,3.0,10.0,1,73.2,1.0,29.0,Yes
CUST101762,33.0,Female,Central,,High School,37.0,One-Year,Enterprise,,136.65,4735.6,51788.27,4350.89,725.0,34.05,2.0,9.0,1,49.89,1.0,41.0,Yes
CUST101063,55.0,Male,East,Employed,Master,40.0,One-Year,Individual,Credit Card,73.46,2728.8,51857.64,4142.56,730.0,26.57,1.0,8.0,3,154.68,0.0,4.0,No
CUST101154,49.0,Female,East,Self-Employed,Bachelor,34.0,One-Year,Small Business,Bank Transfer,135.54,5046.12,43120.83,,741.0,34.86,3.0,,2,6649.51,1.0,6.0,Yes
CUST101997,40.0,Male,West,Retired,Bachelor,8.0,Month-to-Month,Small Business,Credit Card,96.35,775.35,44507.01,3818.19,657.0,34.26,0.0,10.0,3,65.82,1.0,9.0,No
CUST100189,61.0,Female,North,,Master,72.0,Two-Year,Enterprise,Credit Card,140.98,10029.3,16911.07,1372.13,670.0,55.87,3.0,8.0,1,30.96,1.0,7.0,No
CUST101953,33.0,Male,Central,Employed,Bachelor,49.0,One-Year,Family,Bank Transfer,45.91,2023.23,91346.98,7279.95,735.0,21.14,7.0,8.0,1,43.15,0.0,23.0,No
CUST100589,60.0,Female,West,Unemployed,High School,33.0,Two-Year,Family,Credit Card,65.63,2093.8,34684.4,2698.92,695.0,38.03,3.0,8.0,1,20.49,2.0,18.0,No
CUST101426,51.0,Male,North,Unemployed,,15.0,One-Year,Enterprise,Bank Transfer,108.12,1886.39,24761.63,2139.99,615.0,9.8,1.0,7.0,1,29.0,2.0,4.0,No
CUST100760,56.0,Male,West,Unemployed,Bachelor,24.0,Month-to-Month,Individual,,50.24,1278.67,48646.51,4084.89,604.0,33.83,0.0,8.0,3,59.29,0.0,36.0,Yes
CUST101062,36.0,Female,South,,Bachelor,27.0,One-Year,Individual,Credit Card,93.52,2476.61,39647.69,3130.92,688.0,57.78,2.0,10.0,3,26.48,0.0,6.0,No
CUST100242,20.0,Female,North,Retired,Master,17.0,Month-to-Month,Individual,Bank Transfer,43.14,834.04,29870.18,2678.96,798.0,10.76,1.0,7.0,1,5.35,2.0,15.0,No
CUST100884,28.0,Female,South,Retired,Bachelor,17.0,Month-to-Month,Individual,Bank Transfer,62.63,1138.61,41816.09,3522.27,833.0,59.4,2.0,8.0,2,20.27,0.0,36.0,Yes
CUST101377,43.0,Female,West,Employed,Bachelor,19.0,Month-to-Month,Small Business,Electronic Check,88.1,1722.0,98980.46,7948.23,648.0,65.9,3.0,6.0,3,178.72,1.0,18.0,Yes
CUST100620,36.0,Female,South,Self-Employed,Bachelor,40.0,Month-to-Month,Individual,Credit Card,73.83,2744.27,29444.96,2492.9,809.0,90.05,1.0,8.0,2,22.62,0.0,20.0,Yes
CUST100650,63.0,Male,West,Employed,Bachelor,28.0,Month-to-Month,Individual,Bank Transfer,79.64,2305.53,32561.0,2726.9,707.0,25.78,1.0,9.0,2,33.51,2.0,5.0,No
CUST101558,51.0,Male,Central,Employed,Bachelor,23.0,Two-Year,Family,Mailed Check,85.09,2191.4,58735.71,,537.0,67.74,0.0,9.0,2,18.89,2.0,4.0,No
CUST100503,23.0,Male,West,Self-Employed,Master,72.0,One-Year,Individual,Bank Transfer,55.69,3959.16,53310.63,4225.81,678.0,81.4,1.0,7.0,3,60.87,4.0,24.0,No
CUST100922,42.0,Male,South,Employed,High School,14.0,Month-to-Month,Individual,Credit Card,71.06,961.56,34794.08,2891.07,602.0,34.21,2.0,9.0,2,54.74,1.0,25.0,No
CUST100159,27.0,Male,West,Employed,High School,22.0,One-Year,Individual,Bank Transfer,60.63,1465.02,39632.62,3378.65,659.0,15.99,10.0,8.0,4,47.34,1.0,,No
CUST101418,53.0,Male,West,Retired,High School,8.0,Month-to-Month,Individual,Bank Transfer,62.91,493.16,61499.32,5158.81,787.0,16.2,2.0,10.0,2,69.58,1.0,5.0,No
CUST100882,,Female,East,Retired,PhD,72.0,Two-Year,Small Business,Credit Card,107.89,7810.51,19030.65,1602.54,628.0,17.42,1.0,8.0,1,48.34,2.0,27.0,No
CUST100537,55.0,Male,Central,Unemployed,Bachelor,59.0,Month-to-Month,Individual,Credit Card,49.82,2681.16,85900.82,7049.74,724.0,105.24,2.0,7.0,7,135.98,1.0,14.0,No
CUST101719,25.0,Male,East,Self-Employed,Bachelor,30.0,One-Year,Individual,Credit Card,75.81,2355.42,28919.22,2462.32,711.0,80.76,1.0,8.0,3,35.52,1.0,2.0,No
CUST100240,30.0,Male,North,Employed,High School,46.0,One-Year,Family,Bank Transfer,69.79,3124.18,25653.11,2053.43,620.0,30.51,11.0,7.0,1,79.84,0.0,24.0,No
CUST100013,55.0,Male,South,Unemployed,Bachelor,25.0,One-Year,Individual,Mailed Check,61.19,1633.5,51207.5,4126.47,639.0,,3.0,8.0,2,20.95,2.0,,No
CUST101681,29.0,Other,West,Employed,High School,25.0,Month-to-Month,Individual,Credit Card,63.14,1748.72,,3086.62,745.0,90.89,1.0,8.0,1,56.17,0.0,35.0,No
CUST100475,37.0,Male,North,Retired,Bachelor,16.0,Month-to-Month,Family,Electronic Check,60.29,1138.42,93592.64,7792.5,794.0,21.02,0.0,7.0,3,134.43,2.0,14.0,Yes
CUST101906,41.0,Female,East,Self-Employed,PhD,24.0,Two-Year,Small Business,Bank Transfer,98.18,2247.9,130219.31,11191.79,837.0,74.55,7.0,8.0,5,150.11,2.0,0.0,No
CUST101872,34.0,Female,West,Employed,Bachelor,21.0,Two-Year,Enterprise,Bank Transfer,164.48,3530.37,35027.81,2887.96,580.0,96.73,1.0,7.0,1,37.86,1.0,10.0,No
CUST100928,38.0,Female,Central,Retired,High School,72.0,One-Year,Individual,Bank Transfer,69.19,5016.52,33482.82,2812.59,697.0,36.09,1.0,9.0,1,33.63,1.0,20.0,No
CUST101338,74.0,Female,North,Employed,Master,22.0,Month-to-Month,Small Business,Electronic Check,102.39,2126.97,22137.75,,611.0,31.89,1.0,,1,71.88,1.0,2.0,No
CUST101385,42.0,Female,South,Unemployed,Bachelor,72.0,One-Year,Family,Credit Card,84.57,6067.79,103224.35,8687.23,709.0,32.48,1.0,9.0,4,404.3,0.0,2.0,No
CUST101614,33.0,Male,West,Employed,Bachelor,11.0,Month-to-Month,Individual,Bank Transfer,52.89,619.47,24319.37,2026.12,724.0,91.45,1.0,10.0,2,7.81,2.0,4.0,No
CUST101344,29.0,Male,Central,Employed,High School,24.0,Two-Year,Family,Mailed Check,95.99,2319.45,31175.58,2550.94,688.0,59.01,1.0,9.0,1,48.31,0.0,7.0,No
CUST100795,40.0,Female,Central,Self-Employed,High School,27.0,One-Year,Family,Electronic Check,90.55,2675.06,167930.47,13099.7,516.0,27.59,2.0,,6,195.76,4.0,6.0,Yes
CUST101758,29.0,Male,East,Employed,Master,25.0,Month-to-Month,Individual,Mailed Check,47.63,1158.39,28439.7,2401.83,634.0,23.44,1.0,9.0,1,36.11,0.0,3.0,No
CUST101696,35.0,Male,West,Employed,Bachelor,54.0,Two-Year,Individual,Credit Card,82.67,4580.92,121675.86,10371.41,618.0,36.36,3.0,6.0,3,52.14,1.0,19.0,No
CUST101588,29.0,Male,North,Employed,High School,36.0,One-Year,Small Business,Bank Transfer,68.43,2592.41,,4320.35,803.0,55.91,1.0,9.0,3,78.62,1.0,10.0,No
CUST100355,44.0,Female,West,,Bachelor,50.0,One-Year,Individual,Bank Transfer,93.28,5013.71,36268.93,2871.53,718.0,70.73,12.0,7.0,1,39.15,3.0,19.0,No
CUST101058,42.0,Female,East,Employed,Bachelor,38.0,One-Year,Small Business,Electronic Check,127.77,4528.38,61394.2,5073.92,599.0,56.34,2.0,8.0,3,74.84,0.0,4.0,No
CUST100334,41.0,Female,North,Employed,Bachelor,58.0,Two-Year,Family,Mailed Check,77.85,4700.29,41565.05,3415.25,639.0,30.05,1.0,8.0,1,73.99,2.0,8.0,No
CUST100688,35.0,Male,South,Unemployed,Bachelor,16.0,Month-to-Month,Individual,Electronic Check,100.48,1677.6,82735.04,6691.94,738.0,32.82,0.0,9.0,6,146.14,0.0,18.0,No
CUST101400,55.0,Male,South,Self-Employed,High School,22.0,Two-Year,Family,Credit Card,49.51,1113.48,40397.13,3217.32,677.0,64.26,2.0,8.0,1,49.02,3.0,22.0,No
CUST100184,46.0,Female,South,Employed,Bachelor,22.0,Month-to-Month,Individual,Bank Transfer,52.17,1254.36,28178.29,2376.3,604.0,41.79,1.0,,1,24.77,2.0,2.0,No
CUST100823,18.0,Female,East,,Bachelor,35.0,Two-Year,Individual,Credit Card,78.81,2595.67,36231.86,2910.14,752.0,95.7,1.0,9.0,2,58.54,1.0,4.0,No
CUST101447,59.0,Female,,Unemployed,,72.0,Month-to-Month,Small Business,Mailed Check,112.38,7950.62,38664.2,,644.0,40.35,3.0,9.0,1,58.06,1.0,0.0,No
CUST101880,50.0,Female,North,Employed,PhD,36.0,Month-to-Month,Family,Credit Card,85.21,2969.98,29791.24,,679.0,77.78,3.0,9.0,3,30.13,2.0,15.0,No
CUST101349,40.0,Female,East,Retired,Master,70.0,Month-to-Month,Small Business,Credit Card,50.17,3662.9,,1526.71,666.0,123.34,1.0,7.0,1,14.77,2.0,,No
CUST101001,32.0,Male,South,Employed,High School,72.0,Month-to-Month,Small Business,Bank Transfer,82.29,5591.45,20939.59,1782.27,578.0,,3.0,9.0,2,12.28,0.0,8.0,No
CUST100187,26.0,Male,West,Unemployed,Master,8.0,Month-to-Month,Family,Electronic Check,70.96,603.83,133531.57,11350.85,740.0,33.88,1.0,8.0,3,65.8,2.0,2.0,No
CUST100941,52.0,Male,West,Self-Employed,High School,35.0,One-Year,Individual,Credit Card,43.14,1480.42,41387.26,,702.0,103.97,3.0,9.0,1,43.24,0.0,4.0,No
CUST100284,28.0,Female,Central,Employed,Bachelor,16.0,Month-to-Month,Small Business,Bank Transfer,93.65,1663.04,27497.77,2148.01,695.0,32.58,1.0,7.0,1,17.07,0.0,21.0,Yes
CUST101415,31.0,Male,West,Employed,Master,18.0,Month-to-Month,Family,Electronic Check,83.13,1503.76,72330.28,6403.27,570.0,23.99,1.0,,3,234.99,2.0,6.0,No
CUST100899,23.0,Male,East,Employed,Master,9.0,Two-Year,Individual,Credit Card,69.39,679.26,37064.05,3185.84,659.0,16.36,1.0,8.0,1,33.58,2.0,0.0,No
CUST101966,44.0,Male,West,Self-Employed,Bachelor,52.0,One-Year,Family,Mailed Check,93.14,4666.74,64717.46,5641.27,570.0,44.89,1.0,7.0,3,30.86,2.0,5.0,Yes
CUST100165,30.0,Other,West,Employed,Bachelor,16.0,Month-to-Month,Individual,Bank Transfer,51.18,809.87,55866.36,4646.23,561.0,47.8,13.0,8.0,4,44.2,2.0,11.0,No
CUST100347,48.0,Male,East,Employed,Bachelor,5.0,One-Year,Individual,Electronic Check,67.53,397.75,28658.92,2384.46,760.0,66.03,3.0,9.0,1,37.15,1.0,5.0,No
CUST100298,20.0,Male,South,Employed,Bachelor,39.0,Month-to-Month,Small Business,Credit Card,86.68,3119.87,76007.9,6072.74,569.0,113.49,0.0,10.0,1,42.31,0.0,47.0,Yes
CUST100535,49.0,Male,West,Unemployed,Bachelor,19.0,One-Year,Small Business,Bank Transfer,95.79,1869.69,29857.25,2589.32,602.0,90.84,3.0,9.0,2,61.28,0.0,29.0,Yes
CUST100229,38.0,Female,North,Employed,High School,16.0,Month-to-Month,Family,Electronic Check,105.21,1796.49,,4416.05,784.0,69.08,6.0,5.0,1,146.35,0.0,14.0,Yes
CUST101883,42.0,Male,Central,Employed,Master,14.0,Month-to-Month,Family,Mailed Check,65.0,802.48,26479.76,2266.85,650.0,32.03,1.0,7.0,1,26.08,2.0,20.0,No
CUST101851,44.0,Male,North,,Bachelor,23.0,Month-to-Month,Small Business,Bank Transfer,77.89,1759.29,44163.12,3629.26,678.0,59.79,1.0,6.0,1,21.48,1.0,,No
CUST101718,48.0,Male,Central,Employed,High School,13.0,Two-Year,Enterprise,Electronic Check,132.35,1693.03,41871.56,3559.0,643.0,54.16,3.0,9.0,1,17.87,0.0,,No
CUST101879,21.0,Male,East,Retired,High School,14.0,Month-to-Month,Small Business,Credit Card,64.02,778.55,28471.33,2368.06,679.0,13.66,1.0,8.0,2,67.69,0.0,1.0,No
CUST100041,48.0,Male,East,Employed,Master,21.0,Month-to-Month,Individual,Electronic Check,55.8,1282.62,35497.49,2991.93,699.0,39.58,1.0,8.0,1,44.61,1.0,2.0,No
CUST100868,34.0,Female,Central,Self-Employed,Bachelor,35.0,Month-to-Month,Individual,Credit Card,103.49,3541.34,61091.66,4996.62,815.0,63.94,1.0,,1,70.56,0.0,7.0,No
CUST100748,37.0,Other,Central,,Master,45.0,Month-to-Month,Small Business,Credit Card,97.4,4284.87,,2168.57,619.0,92.83,2.0,7.0,1,21.06,3.0,10.0,Yes
CUST101932,31.0,Male,South,Retired,Master,28.0,Two-Year,Family,Electronic Check,72.13,1898.3,58386.49,4858.48,703.0,25.83,2.0,9.0,1,88.23,0.0,3.0,No
CUST101886,28.0,Female,South,Employed,Bachelor,12.0,One-Year,Individual,Bank Transfer,72.17,1004.3,41018.25,3396.69,614.0,29.15,13.0,6.0,1,29.04,2.0,6.0,No
CUST101611,38.0,Male,Central,Unemployed,Bachelor,19.0,Two-Year,Small Business,Credit Card,82.06,,133438.41,11287.08,771.0,18.55,13.0,7.0,2,45.01,0.0,7.0,No
CUST101567,43.0,Female,South,Self-Employed,Bachelor,16.0,Month-to-Month,Individual,Electronic Check,306.04,691.39,44516.92,3868.22,603.0,44.42,1.0,8.0,2,160.18,1.0,4.0,Yes
CUST100446,54.0,Male,Central,Self-Employed,Master,2.0,Two-Year,Individual,Credit Card,88.13,134.9,128264.31,11041.42,793.0,120.79,3.0,6.0,5,177.04,0.0,41.0,Yes
CUST101471,55.0,Female,North,Retired,Master,59.0,One-Year,Family,Electronic Check,78.0,4855.66,67666.11,5325.54,675.0,14.34,3.0,9.0,4,198.2,3.0,33.0,No
CUST100349,59.0,Female,South,Self-Employed,High School,8.0,One-Year,Family,Bank Transfer,98.56,804.63,59711.61,4905.26,595.0,25.71,0.0,10.0,1,109.52,0.0,,No
CUST100045,44.0,Male,North,Employed,Bachelor,22.0,Two-Year,Family,Credit Card,78.23,1741.99,71435.19,5868.8,657.0,71.99,1.0,9.0,1,76.34,1.0,18.0,No
CUST101942,26.0,Male,South,Retired,Master,12.0,Month-to-Month,Family,Mailed Check,66.42,731.4,28862.19,2354.55,517.0,121.67,1.0,7.0,1,82.56,1.0,0.0,No
CUST101072,38.0,Female,West,Self-Employed,Bachelor,72.0,Two-Year,Small Business,Electronic Check,93.48,6521.78,31266.17,2750.92,837.0,34.1,5.0,9.0,1,72.47,0.0,10.0,No
CUST100108,51.0,Female,East,Employed,Master,13.0,Two-Year,Individual,Bank Transfer,65.56,829.3,84900.95,7247.88,,86.5,2.0,9.0,2,290.16,1.0,19.0,No
CUST101641,47.0,Male,North,Employed,Master,58.0,One-Year,Family,Bank Transfer,62.82,4216.85,88563.73,7502.77,566.0,6.49,9.0,6.0,3,45.84,1.0,17.0,Yes
CUST101685,49.0,Female,South,Self-Employed,,23.0,Two-Year,Small Business,Mailed Check,84.3,2217.78,20591.72,1716.92,743.0,30.0,0.0,10.0,1,24.48,0.0,3.0,No
CUST100029,46.0,Male,North,Unemployed,PhD,38.0,One-Year,Enterprise,Bank Transfer,119.08,4970.16,21301.83,1828.6,584.0,,3.0,9.0,4,10.11,0.0,,No
CUST100181,44.0,Female,East,Employed,Bachelor,2.0,One-Year,Family,Bank Transfer,81.54,147.63,78703.94,6534.84,721.0,42.73,2.0,,2,60.12,0.0,2.0,Yes
CUST100621,41.0,Female,West,Unemployed,Bachelor,32.0,One-Year,Family,Bank Transfer,75.98,2592.06,114525.9,,660.0,92.39,2.0,6.0,2,207.99,1.0,49.0,No
CUST101443,58.0,Male,South,Employed,PhD,3.0,One-Year,Individual,Mailed Check,38.89,187.22,75145.78,6377.76,618.0,22.55,4.0,,4,119.56,0.0,24.0,No
CUST100634,37.0,Male,Central,Employed,Bachelor,12.0,Two-Year,Family,Mailed Check,86.4,899.28,66564.34,5208.97,678.0,12.81,2.0,8.0,2,62.9,0.0,37.0,Yes
CUST101976,18.0,Male,Central,Employed,High School,14.0,One-Year,Individual,Credit Card,46.64,735.76,33824.83,2812.19,595.0,53.74,2.0,6.0,1,61.41,0.0,4.0,No
CUST100104,30.0,Male,South,Self-Employed,High School,19.0,Month-to-Month,Individual,Bank Transfer,30.43,557.6,149327.2,12187.48,673.0,57.72,10.0,9.0,1,480.3,2.0,27.0,No
CUST100060,21.0,Female,North,Retired,High School,28.0,Month-to-Month,Family,Credit Card,65.47,1916.93,39687.35,3341.05,720.0,115.25,0.0,7.0,1,36.21,0.0,95.0,Yes
CUST100658,56.0,Female,South,Employed,Bachelor,68.0,Two-Year,Individual,Credit Card,89.41,6204.78,34090.83,2953.49,643.0,41.95,0.0,8.0,1,45.62,0.0,30.0,No
CUST101107,31.0,Male,East,Retired,Bachelor,72.0,Month-to-Month,Individual,Mailed Check,71.01,4570.62,47854.95,3924.88,773.0,48.63,1.0,8.0,2,121.64,0.0,17.0,No
CUST100490,54.0,Female,North,Employed,High School,7.0,One-Year,Enterprise,Credit Card,123.36,900.75,21884.45,1912.36,652.0,25.14,1.0,,1,31.86,2.0,,No
CUST100315,37.0,Female,South,Employed,High School,39.0,Month-to-Month,Family,Electronic Check,110.46,3570.22,29581.31,2454.85,616.0,18.31,10.0,7.0,3,35.58,2.0,7.0,Yes
CUST101474,39.0,Female,East,Employed,High School,18.0,Two-Year,Small Business,Credit Card,109.71,1609.66,27412.66,2211.45,817.0,30.6,1.0,9.0,1,35.46,0.0,19.0,No
CUST100381,57.0,Male,North,,Master,35.0,One-Year,Enterprise,Electronic Check,106.86,3575.91,40434.46,3490.86,605.0,27.02,10.0,7.0,1,54.35,2.0,13.0,No
CUST100422,34.0,Female,West,Self-Employed,,28.0,Month-to-Month,Small Business,Electronic Check,93.67,2541.13,32418.78,2665.53,760.0,79.65,3.0,8.0,1,46.06,1.0,2.0,No
CUST101520,26.0,Female,South,Retired,,39.0,One-Year,Family,Credit Card,88.53,3052.49,63016.77,4804.69,692.0,52.46,1.0,7.0,1,59.64,0.0,12.0,No
CUST101949,65.0,Male,East,Employed,,15.0,Two-Year,Family,Electronic Check,77.94,1161.02,29111.65,2347.97,647.0,25.64,11.0,7.0,3,29.59,0.0,6.0,No
CUST101763,28.0,Female,North,Retired,,16.0,Month-to-Month,Enterprise,Electronic Check,132.58,2305.24,13244.33,1071.67,634.0,67.28,3.0,8.0,1,15.03,2.0,17.0,Yes
CUST101547,31.0,,East,Unemployed,Master,9.0,One-Year,Family,Electronic Check,76.36,672.53,44200.73,3827.51,682.0,35.37,1.0,8.0,2,100.94,2.0,9.0,No
CUST100445,23.0,Female,East,Employed,,50.0,Two-Year,Family,Bank Transfer,61.66,3580.92,17312.71,1442.02,544.0,57.04,2.0,9.0,1,35.41,2.0,14.0,No
CUST100663,37.0,Male,North,Self-Employed,High School,12.0,Month-to-Month,Family,Electronic Check,96.01,1125.09,,1936.48,718.0,109.33,0.0,9.0,1,48.92,2.0,33.0,No
CUST101024,18.0,Male,East,Self-Employed,Bachelor,26.0,One-Year,Individual,Bank Transfer,63.42,1900.02,32370.23,2753.34,617.0,29.68,3.0,6.0,2,36.69,0.0,2.0,No
CUST100779,25.0,Other,South,Employed,Master,10.0,One-Year,Small Business,Credit Card,89.43,885.87,93407.19,8168.35,722.0,15.9,2.0,9.0,1,89.92,1.0,11.0,No
CUST101529,48.0,Male,South,Employed,High School,8.0,Month-to-Month,Small Business,Credit Card,103.7,612.22,17295.19,1562.83,707.0,151.83,3.0,6.0,4,21.22,1.0,9.0,Yes
CUST100626,36.0,Male,South,Employed,Bachelor,48.0,Month-to-Month,Family,Credit Card,80.17,3687.63,29139.07,2528.45,616.0,65.25,2.0,5.0,2,20.8,0.0,0.0,Yes
CUST101481,48.0,Male,South,Unemployed,Bachelor,38.0,Month-to-Month,Small Business,Credit Card,127.15,4959.11,,5340.18,635.0,,3.0,8.0,2,91.21,1.0,62.0,Yes
CUST101512,52.0,Female,South,Employed,Bachelor,8.0,Month-to-Month,Family,Credit Card,97.18,838.23,12000.0,1040.9,656.0,5.68,0.0,8.0,1,71.39,3.0,20.0,Yes
CUST101112,27.0,Male,East,Retired,High School,54.0,One-Year,Family,Credit Card,64.21,3051.5,35484.11,2943.86,737.0,81.95,4.0,9.0,1,47.91,1.0,8.0,No
CUST101507,40.0,Male,South,Employed,Bachelor,3.0,One-Year,Individual,Mailed Check,71.66,197.61,56845.8,4370.33,743.0,70.62,0.0,8.0,1,113.38,1.0,5.0,No
CUST101484,50.0,Female,West,Employed,,5.0,Month-to-Month,Small Business,Credit Card,119.45,546.25,107732.63,9239.1,686.0,25.08,2.0,7.0,2,70.44,0.0,23.0,No
CUST101101,48.0,Female,Central,Employed,High School,21.0,Month-to-Month,Family,Bank Transfer,75.73,1797.39,39856.5,3138.16,795.0,68.97,1.0,9.0,1,28.97,1.0,11.0,No
CUST100268,42.0,Male,West,Employed,High School,72.0,Month-to-Month,Individual,Mailed Check,66.42,4724.05,19218.58,1700.98,614.0,43.42,2.0,7.0,4,9.47,0.0,26.0,No
CUST100929,42.0,Female,East,Employed,High School,17.0,Month-to-Month,Family,Credit Card,88.49,1401.99,71775.32,5972.39,739.0,9.69,2.0,10.0,3,46.49,2.0,3.0,No
CUST101147,36.0,Female,North,Employed,Bachelor,72.0,Month-to-Month,Individual,Credit Card,47.46,3634.59,43175.26,3713.16,707.0,14.11,2.0,8.0,1,76.46,1.0,10.0,No
CUST101321,34.0,Female,East,Employed,,10.0,Month-to-Month,Individual,Electronic Check,69.36,643.22,46637.2,3873.83,757.0,45.75,1.0,9.0,1,21.53,0.0,26.0,Yes
CUST101905,27.0,Male,South,Self-Employed,High School,12.0,Month-to-Month,Small Business,Bank Transfer,85.09,1040.47,,2451.23,812.0,46.36,0.0,8.0,1,19.5,0.0,10.0,Yes
CUST101119,29.0,Female,West,Retired,,25.0,Two-Year,Individual,Bank Transfer,91.18,2157.51,67343.15,5557.49,638.0,33.46,2.0,8.0,2,48.7,1.0,4.0,No
CUST101757,68.0,Male,West,Employed,Bachelor,18.0,One-Year,Family,Credit Card,47.57,1102.68,26669.19,2386.99,797.0,23.14,0.0,9.0,4,38.34,0.0,16.0,No
CUST100011,50.0,Other,South,Employed,,16.0,Two-Year,Small Business,Electronic Check,66.59,1064.82,27946.39,2277.54,811.0,19.89,0.0,9.0,3,21.87,1.0,8.0,Yes
CUST100114,42.0,Male,North,Retired,Bachelor,54.0,Two-Year,Family,Bank Transfer,79.28,4375.95,44507.17,3862.41,654.0,7.49,0.0,8.0,3,31.25,0.0,6.0,No
CUST100843,40.0,Male,South,Self-Employed,Master,22.0,Month-to-Month,Individual,Mailed Check,89.58,1897.73,77854.89,6781.48,684.0,76.57,2.0,9.0,2,104.88,2.0,11.0,No
CUST101452,40.0,Female,South,Employed,High School,11.0,Month-to-Month,Family,Electronic Check,143.29,1466.04,101480.37,8710.45,664.0,,0.0,8.0,2,201.09,0.0,5.0,Yes
CUST101281,18.0,Male,East,Retired,Bachelor,39.0,Month-to-Month,Individual,Credit Card,26.4,1139.11,45241.88,3761.23,644.0,42.28,2.0,9.0,1,65.36,1.0,2.0,No
CUST101755,49.0,Male,South,Employed,High School,21.0,Two-Year,Family,Credit Card,92.72,2145.51,76235.24,5970.57,847.0,87.19,1.0,7.0,4,93.88,0.0,13.0,No
CUST101788,45.0,Male,West,Self-Employed,Bachelor,21.0,Month-to-Month,Family,Credit Card,69.87,1625.59,28691.2,2551.75,822.0,24.38,0.0,9.0,2,10.05,0.0,4.0,No
CUST100352,34.0,Male,West,Employed,Master,33.0,Two-Year,Individual,Bank Transfer,25.52,805.39,99658.95,8000.34,557.0,76.14,2.0,8.0,2,162.47,4.0,2.0,No
CUST101985,38.0,Female,South,Self-Employed,Bachelor,34.0,One-Year,Small Business,Credit Card,101.48,2965.77,19061.01,1696.37,776.0,30.2,2.0,8.0,2,9.34,0.0,16.0,No
CUST100773,57.0,Male,East,Employed,Master,3.0,Two-Year,Individual,Bank Transfer,78.78,274.66,16090.4,,735.0,34.64,12.0,7.0,1,11.86,0.0,6.0,No
CUST100690,45.0,Male,West,Retired,,17.0,Month-to-Month,Individual,Credit Card,71.91,1206.72,40125.7,3406.99,760.0,25.52,1.0,9.0,2,23.35,0.0,7.0,Yes
CUST101946,32.0,Male,West,Retired,,12.0,Month-to-Month,Family,Bank Transfer,69.6,856.83,93049.57,7059.6,669.0,66.58,0.0,8.0,2,128.68,0.0,8.0,No
CUST100790,32.0,Female,Central,Employed,High School,11.0,Month-to-Month,Individual,,59.51,597.46,36826.09,2963.8,740.0,25.61,0.0,8.0,1,17.54,0.0,6.0,Yes
CUST100531,30.0,,Central,Employed,High School,65.0,Two-Year,Individual,Credit Card,72.81,4741.5,,4756.2,633.0,54.82,0.0,8.0,7,65.62,0.0,8.0,No
CUST100867,36.0,Female,South,Self-Employed,Bachelor,35.0,Month-to-Month,Small Business,Credit Card,113.3,4005.1,25692.19,2131.41,722.0,14.82,1.0,7.0,3,18.02,0.0,16.0,No
CUST100169,,Female,East,Employed,High School,47.0,Two-Year,Individual,Credit Card,81.75,3961.52,59490.27,,686.0,32.55,1.0,7.0,4,88.45,2.0,0.0,No
CUST100239,35.0,Male,Central,Unemployed,High School,35.0,Month-to-Month,Family,Mailed Check,68.71,2236.97,70720.84,6122.87,663.0,21.46,2.0,7.0,3,6271.73,2.0,21.0,Yes
CUST101301,18.0,Female,West,Employed,Bachelor,61.0,One-Year,Small Business,Credit Card,114.77,7437.47,240455.9,2530.38,596.0,70.69,1.0,8.0,1,20.27,0.0,54.0,No
CUST101184,41.0,Female,South,Retired,,19.0,Month-to-Month,Family,Electronic Check,64.15,1203.9,31428.89,2490.33,850.0,71.65,3.0,9.0,1,57.2,0.0,,No
CUST100073,47.0,Male,South,Retired,Bachelor,23.0,One-Year,Individual,Electronic Check,70.55,1806.94,18528.09,1563.18,648.0,52.45,2.0,7.0,2,5.0,0.0,18.0,Yes
CUST101553,,Female,East,Employed,Bachelor,9.0,Month-to-Month,Enterprise,Bank Transfer,66.73,594.65,43727.94,3689.79,707.0,32.31,0.0,8.0,2,28.87,0.0,26.0,No
CUST101086,24.0,Female,North,Self-Employed,Master,29.0,Two-Year,Individual,Credit Card,70.21,1994.72,28610.09,2305.86,653.0,20.91,2.0,7.0,1,79.12,1.0,4.0,No
CUST100761,49.0,Male,,,High School,4.0,Month-to-Month,Individual,Mailed Check,63.77,174.57,94022.68,7547.77,670.0,11.25,1.0,10.0,5,103.3,2.0,18.0,Yes
CUST101516,32.0,Female,South,Employed,,30.0,Month-to-Month,Individual,Credit Card,80.83,2455.41,26647.71,2097.78,,36.0,1.0,7.0,1,24.52,2.0,27.0,Yes
CUST100740,53.0,Female,Central,Employed,High School,14.0,One-Year,Family,Bank Transfer,96.65,1307.95,,3130.04,674.0,48.89,3.0,9.0,1,142.03,1.0,4.0,No
CUST100750,41.0,Female,North,Employed,Bachelor,27.0,One-Year,Small Business,Bank Transfer,99.17,2526.13,84937.78,6898.27,696.0,29.01,3.0,7.0,1,119.88,1.0,6.0,Yes
CUST100741,55.0,Female,South,Employed,Bachelor,28.0,Two-Year,Individual,Electronic Check,49.03,1297.24,23070.51,1820.5,741.0,79.9,1.0,9.0,1,23.76,1.0,16.0,No
CUST100830,46.0,Male,East,Employed,High School,16.0,Two-Year,Small Business,Credit Card,91.19,1652.94,42425.64,3381.15,771.0,97.38,3.0,6.0,1,56.82,1.0,13.0,No
CUST101819,38.0,Female,West,Unemployed,High School,25.0,Month-to-Month,Small Business,Electronic Check,88.68,2415.2,49019.3,4248.85,569.0,29.76,3.0,7.0,2,37.14,2.0,2.0,No
CUST100047,44.0,Female,Central,Self-Employed,High School,7.0,One-Year,Enterprise,Electronic Check,407.69,1078.12,117764.36,9544.67,654.0,43.71,1.0,9.0,1,205.49,3.0,,Yes
CUST100762,50.0,Female,East,Retired,Master,52.0,One-Year,Family,Credit Card,52.52,2377.26,87713.27,7475.85,832.0,37.67,1.0,8.0,1,58.69,0.0,18.0,No
CUST100591,44.0,Male,South,Employed,High School,72.0,Month-to-Month,Individual,,88.69,5880.19,,10022.58,757.0,16.41,5.0,8.0,2,185.3,1.0,36.0,No
CUST100807,26.0,Female,West,Self-Employed,High School,11.0,One-Year,Individual,Electronic Check,58.36,561.15,113555.2,9200.9,577.0,19.2,3.0,6.0,1,332.02,0.0,1.0,No
CUST101083,42.0,Female,Central,Retired,High School,44.0,Month-to-Month,Individual,Electronic Check,87.25,3883.41,,2415.92,663.0,63.43,2.0,9.0,1,24.06,1.0,4.0,Yes
CUST100505,34.0,Female,North,Retired,Bachelor,14.0,Month-to-Month,Family,Bank Transfer,105.63,1584.56,48423.72,3862.74,532.0,42.34,3.0,5.0,3,39.63,1.0,40.0,No
CUST101044,32.0,Female,South,Employed,Bachelor,72.0,One-Year,Individual,Bank Transfer,107.93,7803.48,43674.46,3653.46,731.0,,4.0,,4,23.27,1.0,8.0,No
CUST101448,37.0,Female,South,Employed,Bachelor,72.0,Month-to-Month,Individual,Mailed Check,73.57,4724.56,51400.9,4279.71,682.0,18.67,1.0,8.0,5,109.7,3.0,38.0,No
CUST100652,61.0,Male,East,Employed,,13.0,Month-to-Month,Enterprise,Electronic Check,148.37,1777.95,146702.98,12266.79,716.0,68.27,0.0,10.0,4,75.36,0.0,38.0,Yes
CUST100192,36.0,Male,Central,Self-Employed,Bachelor,14.0,One-Year,Family,Electronic Check,89.31,1230.51,32455.25,2819.76,698.0,39.3,1.0,8.0,1,99.63,0.0,10.0,No
CUST101666,44.0,Female,East,Unemployed,Bachelor,9.0,One-Year,Small Business,Bank Transfer,79.91,621.68,12305.32,1030.46,685.0,42.97,2.0,8.0,1,67.71,1.0,25.0,Yes
CUST101239,60.0,Male,North,Retired,Bachelor,23.0,Two-Year,Small Business,Electronic Check,133.54,3458.44,19484.31,1710.87,702.0,13.51,5.0,7.0,3,15.85,2.0,4.0,Yes
CUST100244,67.0,Male,East,Retired,High School,37.0,One-Year,Family,Credit Card,36.66,1231.8,,3943.35,624.0,26.42,3.0,8.0,2,39.65,1.0,28.0,No
CUST101387,28.0,Other,West,Self-Employed,Bachelor,42.0,One-Year,Individual,Bank Transfer,50.59,2211.6,28318.9,2482.04,636.0,49.01,3.0,,2,29.87,0.0,6.0,No
CUST100059,53.0,Female,Central,Employed,Bachelor,19.0,One-Year,Family,,85.8,1577.38,53892.47,4216.21,615.0,24.28,1.0,10.0,2,41.81,3.0,22.0,No
CUST101245,42.0,Male,South,Employed,Bachelor,69.0,One-Year,Individual,Bank Transfer,68.17,3900.46,51518.02,4274.82,,44.08,3.0,8.0,1,66.88,0.0,19.0,No
CUST100176,60.0,Male,North,Employed,Master,10.0,Month-to-Month,Individual,Bank Transfer,79.75,895.92,31106.6,2678.0,632.0,24.36,4.0,8.0,2,40.89,0.0,5.0,Yes
CUST100449,46.0,Female,South,Retired,Bachelor,47.0,One-Year,Individual,Mailed Check,68.73,3243.44,148358.17,12932.01,662.0,104.7,2.0,7.0,2,90.07,1.0,8.0,No
CUST100055,33.0,Female,South,,High School,43.0,Month-to-Month,Small Business,,116.98,5092.58,25782.89,2168.02,723.0,84.36,3.0,8.0,3,12.44,3.0,26.0,Yes
CUST101827,60.0,Male,North,Employed,Bachelor,55.0,One-Year,Individual,Electronic Check,59.3,2685.32,72879.79,6357.31,597.0,35.07,4.0,7.0,5,86.87,2.0,8.0,No
CUST101278,,Female,North,,Bachelor,10.0,Month-to-Month,Family,Bank Transfer,78.86,734.83,12000.0,1014.38,583.0,15.64,1.0,8.0,1,31.02,0.0,47.0,Yes
CUST100919,18.0,Male,South,Employed,Bachelor,8.0,One-Year,Small Business,Credit Card,86.99,751.15,95474.42,7859.52,553.0,23.19,2.0,7.0,3,82.31,1.0,,No
CUST101409,47.0,Other,Central,Retired,Bachelor,72.0,Month-to-Month,Individual,Mailed Check,41.32,3288.79,91872.79,7730.39,626.0,48.55,0.0,7.0,4,34.85,0.0,8.0,No
CUST101972,42.0,Male,Central,Self-Employed,Master,40.0,Two-Year,Individual,Electronic Check,83.37,3810.12,72560.84,5956.32,640.0,42.18,1.0,6.0,2,66.74,1.0,15.0,No
CUST101221,56.0,Male,South,Employed,Bachelor,30.0,Month-to-Month,Small Business,Credit Card,102.48,3160.09,61328.02,5601.64,670.0,18.26,3.0,7.0,1,95.08,1.0,1.0,Yes
CUST101092,51.0,Male,North,,Bachelor,10.0,Month-to-Month,Small Business,Credit Card,106.79,1011.33,27334.12,,618.0,53.56,1.0,10.0,5,21.23,1.0,9.0,Yes
CUST101746,34.0,Male,West,Employed,High School,40.0,Month-to-Month,Individual,Mailed Check,63.7,2401.15,53673.47,4288.99,564.0,38.31,1.0,9.0,1,59.04,1.0,6.0,No
CUST101768,30.0,Male,West,Employed,High School,45.0,One-Year,Small Business,Bank Transfer,113.67,5667.06,22338.93,1942.81,655.0,25.87,1.0,9.0,2,24.65,0.0,4.0,No
CUST101737,39.0,Female,East,Employed,Bachelor,31.0,Month-to-Month,Enterprise,Electronic Check,113.42,3618.49,93940.02,7404.12,534.0,53.81,0.0,9.0,2,88.24,0.0,2.0,No
CUST101192,38.0,Male,North,Self-Employed,Bachelor,5.0,One-Year,Family,Credit Card,85.43,417.1,79789.23,6397.85,705.0,35.74,2.0,8.0,4,47.49,1.0,,No
CUST101209,45.0,Male,West,Employed,Master,10.0,Month-to-Month,Family,Electronic Check,89.54,851.38,44311.99,3524.5,753.0,63.12,2.0,5.0,2,19.02,1.0,19.0,Yes
CUST101059,46.0,Female,Central,Employed,Master,15.0,Month-to-Month,Individual,Mailed Check,52.87,816.97,41389.32,3312.17,664.0,96.06,0.0,9.0,3,58.77,0.0,20.0,Yes
CUST100641,49.0,Male,South,Retired,Master,21.0,Month-to-Month,Family,Credit Card,87.65,2111.98,30148.56,2518.46,715.0,43.57,29.0,8.0,3,16.84,1.0,58.0,Yes
